cliente_id,ciudad,plan,tipo_contrato,metodo_pago,antiguedad_meses,cargo_mensual,cargo_total,llamadas_soporte,tiene_fibra,satisfaccion,fecha_alta,pais,abandono
CLI-001418,Bogotá,Estándar,Mes a mes,Efectivo,32,56.57,1887.91,0,1,8.3,2023-01-01,Colombia,No
CLI-000700,Bucaramanga,Básico,Mes a mes,Efectivo,7,51.4,342.33,2,1,5.7,2019-05-15,Colombia,No
CLI-001184,Medellín,Estándar,Mes a mes,Transferencia,32,46.08,1488.45,2,1,5.4,2020-07-23,Colombia,Sí
CLI-001429,Medellín,Estándar,Mes a mes,Efectivo,19,60.07,1027.77,1,0,8.4,2022-06-19,Colombia,No
CLI-002955,Cali,Premium,Dos años,Transferencia,20,65.88,1245.93,1,1,5.4,2020-07-25,Colombia,No
CLI-001754,Barranquilla,Estándar,Mes a mes,Débito automático,29,44.37,1316.06,1,0,6.0,2021-03-03,Colombia,No
CLI-002668,Medellín,Básico,Mes a mes,Transferencia,69,62.39,3921.6,0,0,9.0,2020-10-05,Colombia,No
CLI-002206,Bogotá,Básico,Mes a mes,Débito automático,57,30.45,1613.41,3,0,6.7,2021-09-01,Colombia,No
CLI-001808,Bucaramanga,Estándar,Mes a mes,Transferencia,35,69.03,2513.1,1,1,6.2,2023-01-28,Colombia,Sí
CLI-001084,Medellín,Estándar,Dos años,Tarjeta,40,89.69,,2,1,4.1,2019-04-10,Colombia,Sí
CLI-001587,Cali,Estándar,Mes a mes,Débito automático,59,82.13,4755.21,1,0,5.2,2023-02-26,Colombia,No
CLI-001236,Barranquilla,Premium,Un año,Transferencia,25,93.86,2540.25,1,1,,2019-11-14,Colombia,No
CLI-000417,Bogotá,Básico,Mes a mes,Débito automático,69,88.25,6065.38,1,1,8.1,2020-09-23,Colombia,No
CLI-000455,Cali,Básico,Dos años,Débito automático,43,99.76,3944.21,0,0,,2020-06-07,Colombia,No
CLI-001436,Medellín,Estándar,Mes a mes,Efectivo,8,39.74,305.49,1,0,,2019-12-24,Colombia,No
CLI-001580,Medellín,Básico,Mes a mes,Transferencia,43,68.2,2777.4,1,1,6.0,2019-05-31,Colombia,No
CLI-001334,Barranquilla,Básico,Un año,Transferencia,58,57.09,3146.34,4,0,7.4,2019-10-29,Colombia,No
CLI-000204,Cali,Básico,Mes a mes,Débito automático,50,114.96,5380.38,2,0,6.5,2020-12-04,Colombia,Sí
CLI-002982,Barranquilla,Premium,Un año,Transferencia,5,18.0,95.01,1,0,,2019-01-10,Colombia,No
CLI-001295,Barranquilla,Básico,Un año,Tarjeta,68,96.98,6913.01,0,1,,2019-04-04,Colombia,No
CLI-002518,Medellín,Básico,Mes a mes,Débito automático,38,63.65,2242.45,0,1,7.3,2019-09-06,Colombia,No
CLI-001636,Bogotá,Básico,Dos años,Débito automático,39,41.66,1631.03,1,1,,2019-11-11,Colombia,No
CLI-002547,Barranquilla,Premium,Un año,Transferencia,57,62.05,3805.09,1,1,7.4,2019-09-19,Colombia,No
CLI-000469,Cali,Estándar,Mes a mes,Transferencia,13,91.66,,2,1,3.7,2021-02-24,Colombia,Sí
CLI-002077,Medellín,Estándar,Mes a mes,Tarjeta,33,93.44,3386.88,2,1,9.0,2023-02-17,Colombia,Sí
CLI-001803,Medellín,Básico,Mes a mes,Efectivo,33,78.26,2394.66,2,0,,2021-06-17,Colombia,No
CLI-001224,Bogotá,Estándar,Mes a mes,Débito automático,47,52.75,2586.41,1,0,8.7,2020-08-04,Colombia,No
CLI-002909,Medellín,Básico,Mes a mes,Débito automático,10,66.57,691.61,3,0,8.3,2021-03-21,Colombia,No
CLI-000528,Cali,Básico,Mes a mes,Débito automático,11,50.82,549.59,0,1,6.1,2020-06-12,Colombia,No
CLI-002161,Barranquilla,Estándar,Mes a mes,Efectivo,58,78.21,4706.87,3,1,8.1,2020-09-02,Colombia,No
CLI-002681,Bogotá,,Mes a mes,Transferencia,9,66.35,555.79,1,1,9.2,2021-08-11,Colombia,No
CLI-000796,Bogotá,Básico,Dos años,Transferencia,21,40.44,883.04,3,0,7.4,2022-08-30,Colombia,No
CLI-000042,Bogotá,,Mes a mes,Tarjeta,54,54.38,,0,1,5.9,2021-01-13,Colombia,No
CLI-002165,Bogotá,Básico,Mes a mes,Transferencia,68,68.4,5102.83,2,1,5.7,2019-06-21,Colombia,Sí
CLI-001877,Bogotá,Básico,Mes a mes,Transferencia,17,63.83,1109.21,1,1,8.0,2023-09-19,Colombia,No
CLI-002072,Cali,Básico,Un año,Débito automático,46,65.33,3013.46,1,1,5.2,2021-08-07,Colombia,No
CLI-001978,Medellín,Premium,Un año,Efectivo,25,72.5,1663.0,3,0,5.2,2021-10-25,Colombia,No
CLI-000679,Bogotá,Básico,Un año,Transferencia,38,77.98,2965.87,0,1,5.4,2021-05-27,Colombia,No
CLI-002899,Medellín,Básico,Mes a mes,Efectivo,57,58.8,3084.33,3,0,9.2,2023-05-10,Colombia,No
CLI-002838,Medellín,Básico,Mes a mes,Débito automático,64,53.51,3654.29,2,0,10.0,2023-01-22,Colombia,No
CLI-002537,Cali,Estándar,Mes a mes,Débito automático,24,95.29,2059.78,2,1,7.5,2020-12-08,Colombia,No
CLI-000359,Bogotá,Estándar,Mes a mes,Efectivo,7,82.1,600.1,0,1,7.1,2021-07-23,Colombia,Sí
CLI-000730,Bogotá,Premium,Mes a mes,Tarjeta,47,83.72,3764.18,0,1,4.2,2022-01-15,Colombia,No
CLI-000306,Bogotá,Estándar,Mes a mes,Tarjeta,10,66.39,630.71,0,1,,2020-06-08,Colombia,No
CLI-002743,Bucaramanga,Estándar,Mes a mes,Débito automático,37,83.52,2887.66,0,1,3.4,2023-08-27,Colombia,No
CLI-002740,Cali,Estándar,Mes a mes,Efectivo,25,77.96,1965.06,1,0,10.0,2022-11-22,Colombia,Sí
CLI-001596,Bogotá,Básico,Mes a mes,Efectivo,12,41.54,493.97,1,1,7.5,2023-08-10,Colombia,No
CLI-000363,Medellín,Premium,Un año,Efectivo,16,100.54,1514.2,1,0,2.6,2022-01-15,Colombia,Sí
CLI-000653,Cali,,Mes a mes,Transferencia,15,92.78,1458.96,1,1,,2022-08-27,Colombia,Sí
CLI-002343,Cali,Estándar,Dos años,Débito automático,39,64.48,2592.58,2,1,8.4,2023-11-20,Colombia,No
CLI-001105,Bogotá,Premium,Dos años,Tarjeta,22,98.34,2260.76,0,1,,2020-05-28,Colombia,No
CLI-000096,Medellín,Básico,Dos años,Tarjeta,21,54.29,1222.7,2,0,8.5,2023-02-15,Colombia,No
CLI-000583,Medellín,Básico,Mes a mes,Tarjeta,8,117.91,1032.73,1,1,10.0,2019-07-07,Colombia,Sí
CLI-000675,Cali,Básico,Un año,Transferencia,45,50.03,2146.25,4,0,9.5,2019-02-12,Colombia,No
CLI-000930,Bucaramanga,Básico,Mes a mes,Transferencia,42,68.88,2709.01,2,1,10.0,2019-11-23,Colombia,No
CLI-001166,Medellín,Premium,Mes a mes,Transferencia,8,66.12,509.08,2,1,6.0,2023-04-24,Colombia,Sí
CLI-002387,Bogotá,Estándar,Dos años,Tarjeta,68,67.65,4813.09,2,1,5.9,2022-05-04,Colombia,No
CLI-001421,Bogotá,Estándar,Un año,Transferencia,68,77.64,5454.9,1,1,9.0,2023-11-30,Colombia,No
CLI-002973,Cali,Básico,Dos años,Efectivo,43,83.22,3694.51,0,1,4.0,2022-12-28,Colombia,No
CLI-001874,Medellín,Premium,Mes a mes,Débito automático,67,60.06,3771.33,1,1,8.7,2022-12-24,Colombia,No
CLI-002502,Barranquilla,Básico,Mes a mes,Transferencia,8,103.51,905.32,1,1,3.6,2019-01-30,Colombia,Sí
CLI-002639,Bogotá,Estándar,Dos años,Transferencia,11,80.91,823.21,1,1,4.7,2020-06-08,Colombia,Sí
CLI-000705,Medellín,Estándar,Mes a mes,Transferencia,10,85.12,875.22,1,1,10.0,2019-12-02,Colombia,No
CLI-002991,Bogotá,Estándar,Un año,Efectivo,33,50.78,1783.29,1,1,10.0,2022-11-02,Colombia,No
CLI-002634,Barranquilla,Estándar,Dos años,Tarjeta,40,40.38,1537.46,2,1,5.9,2021-10-21,Colombia,No
CLI-001532,Cali,Básico,Mes a mes,Débito automático,1,110.69,119.24,1,1,9.1,2020-03-12,Colombia,No
CLI-001819,Barranquilla,Premium,Dos años,Tarjeta,10,50.84,528.88,2,0,4.1,2020-06-29,Colombia,No
CLI-002858,Bogotá,Estándar,Un año,Efectivo,56,56.45,3404.73,2,0,2.8,2022-02-13,Colombia,No
CLI-000319,Medellín,Básico,Dos años,Tarjeta,67,41.96,2613.13,1,0,5.6,2023-01-27,Colombia,No
CLI-000548,Medellín,Básico,Un año,Débito automático,42,42.23,,2,0,5.1,2021-10-12,Colombia,No
CLI-000225,Bogotá,,Dos años,Efectivo,52,54.01,2627.25,2,1,6.2,2023-09-14,Colombia,Sí
CLI-000193,Medellín,Básico,Un año,Transferencia,44,83.41,3927.52,0,1,,2021-12-01,Colombia,No
CLI-001947,Medellín,Premium,Un año,Efectivo,12,87.74,1022.12,1,0,6.3,2022-01-04,Colombia,Sí
CLI-002272,Bogotá,Básico,Mes a mes,Débito automático,23,87.53,2209.99,2,1,10.0,2020-08-09,Colombia,No
CLI-000533,Cali,Estándar,Mes a mes,Efectivo,12,75.79,932.3,2,0,2.8,2020-10-23,Colombia,No
CLI-000936,Bogotá,Básico,Dos años,Débito automático,67,41.0,2687.95,1,1,8.6,2023-05-04,Colombia,No
CLI-002312,Bogotá,Premium,Mes a mes,Efectivo,5,36.4,177.84,1,1,9.6,2019-05-22,Colombia,Sí
CLI-000585,Cali,Básico,Un año,Efectivo,29,35.52,1033.96,3,1,8.2,2023-03-16,Colombia,No
CLI-001164,Bucaramanga,Premium,Dos años,Débito automático,38,75.29,2703.51,1,1,7.1,2020-03-15,Colombia,No
CLI-001682,Barranquilla,Estándar,Dos años,Transferencia,1,145.79,132.92,0,0,7.3,2022-09-20,Colombia,No
CLI-002183,Bogotá,Básico,Mes a mes,Tarjeta,44,67.74,2847.94,3,0,10.0,2023-08-06,Colombia,No
CLI-000761,Bogotá,Básico,Un año,Transferencia,13,72.32,961.67,2,0,6.9,2019-06-05,Colombia,No
CLI-002226,Cali,Estándar,Un año,Tarjeta,44,76.69,3075.64,0,1,9.7,2022-12-08,Colombia,No
CLI-000597,Bogotá,Básico,Dos años,Efectivo,42,57.68,2284.95,1,0,7.9,2020-12-05,Colombia,No
CLI-000373,Medellín,Básico,Mes a mes,Transferencia,30,42.07,1258.74,0,1,7.2,2022-11-10,Colombia,Sí
CLI-000475,Bogotá,Estándar,Mes a mes,Débito automático,46,36.25,1733.66,0,0,6.2,2023-09-29,Colombia,No
CLI-000187,Cali,Estándar,Mes a mes,Débito automático,12,67.02,825.82,0,1,6.0,2020-04-29,Colombia,Sí
CLI-002109,Bogotá,Premium,Mes a mes,Débito automático,20,82.27,1560.85,2,1,8.0,2019-07-23,Colombia,Sí
CLI-000613,Bogotá,Estándar,Un año,Transferencia,56,20.56,1249.19,0,0,8.4,2020-10-24,Colombia,No
CLI-002321, bogotá ,Básico,Dos años,Efectivo,8,79.38,686.44,5,0,,2021-01-06,Colombia,No
CLI-002777,Bucaramanga,Premium,Un año,Efectivo,38,75.11,2823.3,1,1,8.4,2020-09-11,Colombia,Sí
CLI-002365,Barranquilla,Básico,Mes a mes,Tarjeta,54,61.77,3086.29,1,1,5.4,2022-11-28,Colombia,No
CLI-000431,Barranquilla,Básico,Un año,Efectivo,6,95.61,564.46,1,1,9.6,2023-03-22,Colombia,No
CLI-000733,Barranquilla,Premium,Mes a mes,Débito automático,66,45.02,3193.26,1,0,8.0,2021-05-11,Colombia,No
CLI-000122,Bogotá,Estándar,Un año,Tarjeta,48,66.17,3263.17,1,0,6.5,2022-04-27,Colombia,No
CLI-002394,Bogotá,Básico,Un año,Débito automático,16,61.29,995.73,2,0,5.1,2021-06-14,Colombia,No
CLI-000207,Bogotá,Básico,Mes a mes,Tarjeta,55,75.6,4513.3,1,0,6.4,2023-02-11,Colombia,No
CLI-000849,Bogotá,Premium,Mes a mes,Tarjeta,59,102.28,6349.95,0,1,6.0,2021-12-06,Colombia,No
CLI-002536,Bogotá,Básico,Mes a mes,Débito automático,70,53.03,3773.28,1,0,5.2,2022-06-06,Colombia,No
CLI-000421,Bogotá,Estándar,Mes a mes,Débito automático,66,88.12,5251.95,4,1,9.7,2023-10-01,Colombia,No
CLI-002335,Barranquilla,Estándar,Mes a mes,Transferencia,40,33.07,1290.37,1,1,10.0,2023-04-02,Colombia,No
CLI-002066,Bogotá,Básico,Mes a mes,Débito automático,37,109.21,4180.03,0,0,6.5,2023-04-02,Colombia,No
CLI-000872,Bogotá,Estándar,Dos años,Transferencia,15,31.19,466.88,2,1,8.2,2020-12-19,Colombia,No
CLI-002208,Bogotá,Básico,Mes a mes,Tarjeta,60,42.49,2784.04,1,1,8.8,2022-06-14,Colombia,No
CLI-001696,Medellín,Estándar,Un año,Efectivo,49,50.59,2423.48,2,0,9.2,2022-06-30,Colombia,No
CLI-002315,Bogotá,Premium,Mes a mes,Transferencia,17,97.26,1627.91,3,1,8.1,2020-09-24,Colombia,No
CLI-000276,Bogotá,Básico,Un año,Efectivo,35,92.87,3184.0,2,0,7.6,2021-06-06,Colombia,No
CLI-001982,Cali,Básico,Dos años,Efectivo,45,71.16,2941.08,0,1,5.7,2019-08-31,Colombia,No
CLI-002466,Medellín,Básico,Un año,Efectivo,14,92.21,1240.85,2,0,7.1,2019-01-06,Colombia,No
CLI-000855,Medellín,Estándar,Mes a mes,Transferencia,21,82.4,1840.66,0,1,3.2,2021-02-09,Colombia,Sí
CLI-001644,Barranquilla,Básico,Mes a mes,Tarjeta,43,96.32,4224.04,0,0,7.7,2020-02-11,Colombia,No
CLI-002836,Bogotá,Premium,Un año,Débito automático,39,81.28,2904.6,0,1,9.0,2020-05-27,Colombia,No
CLI-001478,Barranquilla,Estándar,Un año,Transferencia,28,105.54,3030.35,2,1,6.6,2023-07-03,Colombia,Sí
CLI-001671,Bogotá,Básico,Dos años,Débito automático,55,86.71,,1,0,9.6,2020-03-04,Colombia,No
CLI-000126,Bogotá,Premium,Mes a mes,Débito automático,41,29.48,1209.09,2,0,6.9,2020-08-26,Colombia,No
CLI-002738,Medellín,Estándar,Mes a mes,Débito automático,14,29.02,,1,1,10.0,2020-10-22,Colombia,No
CLI-001272,Barranquilla,,Mes a mes,Tarjeta,8,37.45,277.74,0,1,4.2,2019-12-27,Colombia,No
CLI-001172,Cali,Básico,Mes a mes,Tarjeta,45,45.34,2185.74,3,1,4.2,2020-09-08,Colombia,No
CLI-000281,Cali,Premium,Un año,Efectivo,20,60.28,1208.04,1,0,7.4,2021-12-06,Colombia,No
CLI-001734,Bogotá,Básico,Un año,Efectivo,62,40.49,2647.89,0,1,7.0,2019-06-27,Colombia,No
CLI-002822,Medellín,Estándar,Un año,Débito automático,59,18.0,1000.8,1,0,8.3,2023-02-27,Colombia,No
CLI-001970,Cali,Básico,Mes a mes,Efectivo,11,89.81,985.03,1,1,6.5,2020-01-11,Colombia,Sí
CLI-002397,Bogotá,Estándar,Dos años,Tarjeta,68,41.27,2788.88,2,0,8.3,2020-03-02,Colombia,No
CLI-000853,Bogotá,,Dos años,Efectivo,69,104.22,7535.9,2,1,7.9,2022-06-18,Colombia,Sí
CLI-002915,Bogotá,Premium,Un año,Transferencia,29,91.89,2618.41,0,1,6.0,2020-10-30,Colombia,Sí
CLI-002289,Medellín,Básico,Un año,Tarjeta,67,51.83,3499.63,2,1,7.9,2023-06-09,Colombia,No
CLI-000486,Bogotá,Básico,Mes a mes,Transferencia,17,24.93,436.41,1,1,7.4,2021-05-10,Colombia,No
CLI-002979,Bogotá,Estándar,Mes a mes,Efectivo,21,35.06,752.91,0,1,,2020-06-30,Colombia,Sí
CLI-000998,Bogotá,Básico,Dos años,Efectivo,26,54.89,1327.7,1,0,5.9,2022-11-14,Colombia,No
CLI-000695,Cali,Estándar,Dos años,Transferencia,7,75.61,483.89,0,1,9.5,2023-04-19,Colombia,No
CLI-000376,Cali,Básico,Un año,Débito automático,7,72.2,538.01,1,0,7.9,2020-01-05,Colombia,No
CLI-002932,Medellín,,Un año,Tarjeta,48,102.02,5102.64,3,0,7.5,2019-06-11,Colombia,No
CLI-002377,Bogotá,Premium,Dos años,Transferencia,61,84.45,5005.91,1,1,6.4,2020-06-30,Colombia,No
CLI-000706,Cali,,Mes a mes,Transferencia,41,101.18,3822.62,1,1,2.9,2021-05-03,Colombia,Sí
CLI-002203,Medellín,Básico,Dos años,Tarjeta,3,59.26,168.8,2,0,10.0,2021-03-20,Colombia,No
CLI-002764,Cali,Básico,Un año,Efectivo,3,40.19,,0,0,7.5,2021-06-10,Colombia,No
CLI-002471,Medellín,,Dos años,Débito automático,64,43.59,2662.3,1,0,3.2,2019-10-17,Colombia,No
CLI-002590,Bogotá,Básico,Un año,Efectivo,25,71.53,1737.6,1,1,6.9,2022-07-15,Colombia,Sí
CLI-001003,Bogotá,Básico,Mes a mes,Débito automático,40,66.13,2765.64,2,1,6.1,2020-11-21,Colombia,No
CLI-001991,Bogotá,Estándar,Mes a mes,Efectivo,38,30.47,1183.93,1,1,6.9,2021-05-02,Colombia,Sí
CLI-001562,Medellín,Estándar,Mes a mes,Efectivo,19,107.53,2045.49,2,1,6.6,2021-03-12,Colombia,No
CLI-002091,Bogotá,Básico,Un año,Transferencia,64,51.43,,1,0,7.2,2022-09-26,Colombia,No
CLI-002931,Medellín,Básico,Mes a mes,Transferencia,13,74.56,1060.17,1,0,7.2,2021-03-27,Colombia,No
CLI-001266,Bogotá,Básico,Mes a mes,Efectivo,3,60.73,191.45,2,1,7.9,2023-10-01,Colombia,Sí
CLI-001503,Bogotá,Premium,Un año,Efectivo,17,77.61,1291.71,1,1,9.2,2023-09-07,Colombia,No
CLI-002220,Medellín,Básico,Un año,Efectivo,14,71.99,1035.86,2,1,10.0,2019-09-20,Colombia,No
CLI-001402,Bogotá,,Mes a mes,Débito automático,18,85.82,1475.94,2,0,9.3,2021-08-17,Colombia,No
CLI-001497,Medellín,Básico,Mes a mes,Débito automático,40,83.28,3627.44,0,1,9.0,2021-07-09,Colombia,No
CLI-001510,Medellín,Básico,Mes a mes,Débito automático,49,69.19,3568.15,1,1,2.6,2023-04-11,Colombia,Sí
CLI-002286,Bogotá,Básico,Mes a mes,Efectivo,60,60.83,3923.22,3,1,6.5,2019-05-17,Colombia,No
CLI-000940,Medellín,Estándar,Dos años,Tarjeta,37,84.72,2936.69,3,0,7.7,2019-08-22,Colombia,No
CLI-001917,Medellín,Básico,Dos años,Tarjeta,21,85.63,1668.61,1,1,9.4,2021-12-09,Colombia,No
CLI-000100,Bogotá,Básico,Mes a mes,Transferencia,10,66.35,599.93,2,1,6.1,2019-07-25,Colombia,No
CLI-000994,Bogotá,Premium,Un año,Transferencia,31,49.31,1498.69,2,0,5.3,2023-07-27,Colombia,No
CLI-001926,Barranquilla,,Mes a mes,Transferencia,10,80.65,872.34,3,0,7.3,2023-03-21,Colombia,No
CLI-001496,Medellín,Estándar,Mes a mes,Tarjeta,31,44.55,,1,1,7.4,2019-02-22,Colombia,No
CLI-000752,Bucaramanga,Premium,Mes a mes,Tarjeta,11,94.49,1130.84,0,1,10.0,2021-11-17,Colombia,No
CLI-002145,Cali,,Mes a mes,Transferencia,26,71.75,1951.24,3,0,,2020-08-20,Colombia,No
CLI-002179,Bogotá,Básico,Un año,Transferencia,45,75.93,3668.44,2,1,9.1,2021-08-04,Colombia,No
CLI-002375,Barranquilla,Básico,Un año,Débito automático,50,105.78,4968.9,2,1,6.3,2020-01-07,Colombia,No
CLI-000181,Bogotá,Básico,Mes a mes,Débito automático,67,33.22,2180.71,0,0,10.0,2022-10-21,Colombia,No
CLI-002259,Bogotá,Básico,Mes a mes,Débito automático,1,81.38,83.34,3,1,6.1,2019-09-30,Colombia,Sí
CLI-001415,Medellín,Estándar,Mes a mes,Débito automático,42,72.92,2836.92,2,0,10.0,2023-02-19,Colombia,No
CLI-000677,Bucaramanga,Básico,Dos años,Transferencia,42,76.22,3488.98,0,1,9.3,2020-08-17,Colombia,No
CLI-001759,Barranquilla,Básico,Dos años,Efectivo,41,125.85,4795.18,0,0,6.0,2022-08-13,Colombia,No
CLI-002511,Medellín,Básico,Mes a mes,Transferencia,15,30.91,473.84,2,1,8.8,2023-04-17,Colombia,No
CLI-002487,Bogotá,Estándar,Un año,Tarjeta,18,102.7,1777.61,1,1,6.3,2019-05-27,Colombia,No
CLI-000825,Medellín,Básico,Mes a mes,Transferencia,45,81.46,4019.3,2,0,6.7,2022-11-09,Colombia,Sí
CLI-000604,Medellín,Estándar,Un año,Transferencia,10,79.49,848.06,0,1,7.3,2021-02-25,Colombia,No
CLI-000985,Medellín,Básico,Un año,Tarjeta,42,90.48,,1,1,9.4,2023-11-20,Colombia,No
CLI-002166,Cali,Básico,Mes a mes,Transferencia,66,120.55,8387.82,1,1,6.0,2020-08-22,Colombia,No
CLI-001954,Medellín,Estándar,Dos años,Tarjeta,34,61.05,1896.71,1,1,6.3,2022-08-25,Colombia,No
CLI-002737,Barranquilla,Premium,Un año,Efectivo,41,77.08,2980.24,0,1,,2022-12-22,Colombia,No
CLI-000963,Bogotá,Básico,Un año,Débito automático,60,108.75,6286.5,2,1,7.1,2019-06-25,Colombia,No
CLI-002224,Medellín,Estándar,Mes a mes,Efectivo,31,58.79,1763.89,3,0,9.2,2021-05-14,Colombia,Sí
CLI-002004, bogotá ,Premium,Un año,Efectivo,33,35.47,1199.62,3,0,10.0,2020-12-30,Colombia,No
CLI-002752,Bogotá,Estándar,Mes a mes,Transferencia,6,77.52,511.42,0,1,5.6,2021-08-02,Colombia,Sí
CLI-000652,Bucaramanga,Básico,Dos años,Transferencia,47,82.41,3599.47,1,1,9.3,2022-01-21,Colombia,No
CLI-002160,Medellín,Premium,Dos años,Transferencia,24,63.36,1453.82,1,1,6.9,2023-09-20,Colombia,No
CLI-000428,Bogotá,Básico,Dos años,Tarjeta,58,74.99,4715.58,0,1,8.1,2019-04-22,Colombia,No
CLI-001749,Cali,Estándar,Un año,Débito automático,58,95.52,5707.13,3,0,,2023-01-24,Colombia,No
CLI-000929,Bucaramanga,Estándar,Mes a mes,Tarjeta,30,98.08,2735.96,1,0,9.4,2021-03-13,Colombia,No
CLI-002406,Barranquilla,Estándar,Un año,Débito automático,59,42.69,2743.06,1,0,9.2,2022-06-30,Colombia,No
CLI-002605,Bucaramanga,Estándar,Mes a mes,Transferencia,54,74.54,4042.88,0,1,9.8,2020-03-08,Colombia,No
CLI-001052,Cali,Estándar,Un año,Débito automático,26,112.67,3026.14,0,1,7.2,2022-08-18,Colombia,No
CLI-002207,Cali,Estándar,Mes a mes,Tarjeta,10,70.24,644.24,0,1,8.7,2020-12-30,Colombia,Sí
CLI-000357,Bucaramanga,Básico,Dos años,Efectivo,11,86.61,1026.85,1,0,10.0,2023-01-13,Colombia,Sí
CLI-002593,Bogotá,Premium,Dos años,Tarjeta,38,79.98,,0,1,8.7,2023-07-14,Colombia,No
CLI-002507,Medellín,Básico,Mes a mes,Débito automático,33,45.13,1482.97,1,0,5.8,2021-05-29,Colombia,No
CLI-001190,Bogotá,Básico,Un año,Transferencia,1,129.82,125.95,1,1,6.2,2020-09-19,Colombia,No
CLI-001239, bogotá ,Premium,Mes a mes,Tarjeta,22,79.83,,1,1,5.3,2021-06-23,Colombia,Sí
CLI-002812,Bucaramanga,Básico,Un año,,21,42.93,910.63,2,0,4.7,2022-01-13,Colombia,No
CLI-002837,Medellín,Estándar,Dos años,Débito automático,69,63.46,4446.4,1,1,8.1,2021-11-11,Colombia,No
CLI-000805,Bucaramanga,Estándar,Dos años,Débito automático,53,81.94,4315.22,1,1,9.2,2022-07-10,Colombia,No
CLI-002155,Bogotá,Estándar,Dos años,Débito automático,51,23.68,1113.29,0,0,8.5,2022-10-07,Colombia,No
CLI-001210,Cali,Estándar,Mes a mes,Tarjeta,69,53.61,3431.14,0,0,10.0,2021-04-15,Colombia,No
CLI-001885,Medellín,Estándar,Un año,Transferencia,44,33.29,1416.22,1,0,7.6,2022-01-26,Colombia,No
CLI-001814,Medellín,Básico,Dos años,Efectivo,36,60.57,2162.87,0,0,,2023-09-23,Colombia,No
CLI-000728,Barranquilla,Estándar,Un año,Débito automático,7,58.29,428.66,1,1,7.0,2022-04-05,Colombia,No
CLI-000639,Medellín,Estándar,Un año,Tarjeta,57,24.8,1330.83,1,1,9.6,2022-01-09,Colombia,No
CLI-000659,Cali,Estándar,Un año,Débito automático,6,75.38,432.09,0,0,3.4,2019-08-04,Colombia,No
CLI-002337, bogotá ,Básico,Mes a mes,Efectivo,33,28.51,977.41,0,1,8.6,2020-05-14,Colombia,No
CLI-000173,Bogotá,Básico,Mes a mes,Tarjeta,55,73.65,4232.16,2,1,1.5,2020-06-10,Colombia,No
CLI-001011,Bogotá,Básico,Mes a mes,Débito automático,20,58.47,1058.91,0,0,5.3,2022-01-14,Colombia,No
CLI-002137,Medellín,Básico,Mes a mes,Débito automático,39,59.31,2397.38,2,1,7.3,2023-05-07,Colombia,No
CLI-002351,Cali,Estándar,Mes a mes,Transferencia,39,76.69,3205.92,2,0,7.0,2020-08-01,Colombia,No
CLI-000111,Bucaramanga,Básico,Mes a mes,Transferencia,20,70.63,1280.77,2,1,6.9,2022-11-17,Colombia,No
CLI-000071,Bogotá,Básico,Mes a mes,Efectivo,57,83.88,4739.63,0,1,6.9,2022-05-15,Colombia,No
CLI-001426,Bucaramanga,Básico,Mes a mes,Débito automático,58,77.59,4869.26,1,1,7.3,2022-03-27,Colombia,No
CLI-002866,Bogotá,Premium,Mes a mes,Transferencia,3,58.94,174.92,1,1,8.2,2021-09-29,Colombia,Sí
CLI-001264,Cali,Estándar,Dos años,Efectivo,59,74.49,4066.36,1,0,5.4,2020-05-31,Colombia,Sí
CLI-001398,Bucaramanga,Básico,Mes a mes,Débito automático,47,73.15,3314.36,1,1,4.9,2021-11-02,Colombia,Sí
CLI-001630,Bogotá,Premium,Mes a mes,Transferencia,10,94.24,977.24,3,1,8.2,2019-02-07,Colombia,Sí
CLI-002833, bogotá ,Premium,Mes a mes,Tarjeta,22,48.36,1162.67,1,1,7.5,2019-06-12,Colombia,Sí
CLI-001353,Bogotá,Básico,Dos años,Transferencia,36,59.49,2108.36,3,1,5.6,2023-06-06,Colombia,No
CLI-002773,Bogotá,Premium,Dos años,Débito automático,15,45.98,651.1,1,1,5.4,2022-10-24,Colombia,No
CLI-000035,Bogotá,Básico,Mes a mes,Tarjeta,64,61.16,3880.01,0,1,7.9,2023-11-12,Colombia,No
CLI-000948,Bogotá,Premium,Un año,Transferencia,10,61.14,613.46,2,0,5.4,2020-09-02,Colombia,No
CLI-002237,Bogotá,Básico,Mes a mes,Tarjeta,18,52.52,951.57,3,0,7.7,2020-02-13,Colombia,No
CLI-002198,Medellín,Premium,Un año,Tarjeta,62,117.89,7115.76,2,1,,2022-06-01,Colombia,No
CLI-000451,Bogotá,Básico,Un año,Efectivo,69,50.49,3555.56,1,1,9.0,2021-05-05,Colombia,No
CLI-002643,Cali,Premium,Mes a mes,Tarjeta,15,50.55,774.5,2,0,4.0,2022-12-16,Colombia,Sí
CLI-001114,Cali,Estándar,Mes a mes,Efectivo,21,74.57,,2,1,6.3,2022-11-01,Colombia,Sí
CLI-000441,Cali,Básico,Mes a mes,Efectivo,70,56.14,4042.44,1,1,8.2,2022-07-03,Colombia,No
CLI-002056,Barranquilla,Estándar,Mes a mes,Tarjeta,27,62.39,1634.03,2,1,6.6,2021-07-07,Colombia,Sí
CLI-002366,Bogotá,Básico,Dos años,Transferencia,7,63.6,,1,0,6.6,2019-08-02,Colombia,No
CLI-000031,Barranquilla,,Mes a mes,Efectivo,32,54.59,1885.71,1,0,7.5,2020-12-15,Colombia,No
CLI-001079,Bogotá,Estándar,Un año,Débito automático,30,85.36,2408.07,1,0,3.6,2019-05-09,Colombia,No
CLI-001103,Barranquilla,Básico,Un año,Débito automático,66,103.2,6543.72,2,0,5.3,2019-06-16,Colombia,No
CLI-001225,Bucaramanga,Estándar,Mes a mes,Efectivo,30,32.86,1013.26,0,0,6.3,2019-10-04,Colombia,No
CLI-000119,Bogotá,Estándar,Mes a mes,Débito automático,18,18.0,329.58,2,1,10.0,2019-09-30,Colombia,No
CLI-000714,Bogotá,Básico,Mes a mes,Débito automático,55,39.58,2336.18,1,1,7.3,2021-05-13,Colombia,No
CLI-001189,Barranquilla,Premium,Un año,Transferencia,41,77.28,3211.75,2,1,9.8,2020-05-08,Colombia,No
CLI-001544,Cali,Básico,Mes a mes,Efectivo,41,31.3,1293.04,2,1,4.7,2020-11-19,Colombia,No
CLI-000315,Medellín,Básico,Dos años,Tarjeta,18,97.99,1883.59,1,1,6.5,2023-01-27,Colombia,No
CLI-002697,Medellín,Estándar,Un año,Tarjeta,10,79.03,815.04,3,1,7.1,2022-05-21,Colombia,Sí
CLI-000548,Medellín,Básico,Un año,Débito automático,42,42.23,,2,0,5.1,2021-10-12,Colombia,No
CLI-001030,Barranquilla,Básico,Dos años,Efectivo,24,69.94,1539.39,2,0,9.2,2019-08-18,Colombia,No
CLI-001403,Cali,Básico,Mes a mes,Transferencia,22,50.41,1067.12,2,1,,2020-02-21,Colombia,Sí
CLI-002440,Bogotá,Premium,Dos años,Tarjeta,5,78.03,420.84,1,1,5.8,2023-04-25,Colombia,No
CLI-000297,Medellín,Básico,Mes a mes,Débito automático,61,112.75,7441.85,1,1,5.4,2021-08-12,Colombia,No
CLI-000878,Bogotá,Estándar,Dos años,Efectivo,53,90.86,4444.52,1,0,8.0,2023-01-21,Colombia,No
CLI-000561,Medellín,Básico,Mes a mes,Efectivo,39,70.37,2860.62,0,1,9.0,2020-08-21,Colombia,No
CLI-002310,Bogotá,Básico,Dos años,Tarjeta,38,88.76,3466.81,0,0,3.7,2021-09-21,Colombia,No
CLI-001385,Bogotá,Estándar,Un año,Débito automático,28,53.39,1506.75,0,1,,2020-02-08,Colombia,No
CLI-002699,Bucaramanga,Básico,Un año,Tarjeta,10,96.31,1052.91,1,0,6.9,2023-03-23,Colombia,No
CLI-000260,Barranquilla,Básico,Un año,Efectivo,42,36.54,1666.33,0,0,2.7,2019-03-15,Colombia,Sí
CLI-001243,Bogotá,Básico,Un año,Débito automático,69,90.88,6591.93,2,1,7.4,2020-09-28,Colombia,No
CLI-001099,Bogotá,Premium,Mes a mes,Débito automático,3,105.88,,0,1,5.8,2021-02-11,Colombia,No
CLI-001752,Bogotá,Estándar,Mes a mes,Débito automático,64,68.46,4486.52,1,0,5.6,2019-06-06,Colombia,No
CLI-000080,Bogotá,Básico,Mes a mes,Efectivo,48,107.91,4815.48,1,1,7.4,2022-08-12,Colombia,Sí
CLI-000965,Bogotá,Premium,Mes a mes,Transferencia,68,72.52,4712.77,1,0,6.8,2023-11-27,Colombia,No
CLI-000581,Bucaramanga,Básico,Mes a mes,Débito automático,7,93.07,622.31,2,0,6.6,2023-04-03,Colombia,Sí
CLI-002555,Bogotá,Básico,Un año,Efectivo,70,74.27,4915.29,4,1,8.9,2020-06-16,Colombia,No
CLI-002658,Barranquilla,Estándar,Mes a mes,Efectivo,20,94.37,1856.87,3,1,2.6,2022-09-19,Colombia,Sí
CLI-002073,Medellín,Estándar,Mes a mes,Tarjeta,29,102.67,3222.78,2,1,10.0,2022-11-10,Colombia,No
CLI-001854,Bogotá,Básico,Dos años,Débito automático,12,73.46,902.87,1,1,10.0,2022-06-30,Colombia,No
CLI-002450,Medellín,Básico,Mes a mes,Débito automático,13,32.58,429.73,2,0,8.7,2023-07-11,Colombia,No
CLI-002629, bogotá ,Básico,Un año,Tarjeta,44,58.97,2831.4,1,0,9.6,2022-05-29,Colombia,No
CLI-002626,Bucaramanga,Estándar,Un año,Tarjeta,42,69.51,3049.97,3,0,10.0,2021-09-17,Colombia,No
CLI-000841,Bucaramanga,Estándar,Mes a mes,Débito automático,21,57.74,1145.73,1,0,5.2,2023-07-02,Colombia,Sí
CLI-001813,Bogotá,Estándar,Mes a mes,,48,65.56,3020.55,2,1,3.0,2021-10-29,Colombia,No
CLI-002679,Barranquilla,,Mes a mes,Débito automático,42,44.77,2043.08,1,1,6.4,2021-06-27,Colombia,No
CLI-001992,Bogotá,Básico,Dos años,Efectivo,32,87.6,2966.37,2,0,6.6,2022-10-21,Colombia,No
CLI-002313,Bogotá,Básico,Mes a mes,Tarjeta,37,80.51,3006.98,2,1,5.7,2023-11-04,Colombia,Sí
CLI-000416,Cali,Estándar,Dos años,Débito automático,49,24.29,1163.14,1,0,10.0,2019-05-10,Colombia,No
CLI-000378,Medellín,Básico,Un año,Efectivo,54,63.53,3104.76,0,0,7.8,2020-05-21,Colombia,No
CLI-000457,Bogotá,Estándar,Mes a mes,Débito automático,11,54.6,595.62,1,0,4.9,2020-09-25,Colombia,Sí
CLI-001226,Bogotá,Básico,Un año,Efectivo,69,73.53,5150.04,2,1,8.6,2020-08-05,Colombia,No
CLI-002652,Bogotá,Básico,Un año,Débito automático,63,83.96,,3,1,8.8,2023-06-08,Colombia,No
CLI-002646,Bogotá,Premium,Dos años,Tarjeta,1,89.39,86.17,0,0,5.3,2023-06-18,Colombia,No
CLI-002583,Medellín,Estándar,Dos años,Tarjeta,21,69.22,1344.56,3,1,,2022-05-18,Colombia,No
CLI-001087,Medellín,Estándar,Mes a mes,Débito automático,57,62.2,3677.22,0,0,6.1,2022-06-17,Colombia,No
CLI-000341,Bogotá,Básico,Mes a mes,Tarjeta,46,69.01,3295.32,2,1,8.5,2020-12-07,Colombia,No
CLI-001071,Bogotá,Estándar,Un año,Efectivo,48,98.71,5117.73,1,0,7.4,2021-07-20,Colombia,No
CLI-002880,Bogotá,Básico,Dos años,Transferencia,70,63.75,4584.33,1,0,5.9,2019-07-15,Colombia,No
CLI-001821,Bogotá,Premium,Un año,Tarjeta,23,113.59,2685.42,2,0,,2020-09-14,Colombia,No
CLI-001796,Barranquilla,Premium,Mes a mes,Efectivo,15,78.55,1068.65,3,1,6.1,2019-08-14,Colombia,Sí
CLI-000387,Bogotá,Básico,Un año,Débito automático,5,70.82,334.63,0,1,8.0,2022-05-03,Colombia,No
CLI-000839,Bogotá,Premium,Mes a mes,Efectivo,2,57.31,108.65,4,1,5.7,2019-02-22,Colombia,Sí
CLI-000191,Bogotá,Estándar,Dos años,Efectivo,49,57.33,2729.3,0,0,7.5,2023-01-01,Colombia,No
CLI-000692,Cali,Básico,Mes a mes,Tarjeta,57,88.29,,3,1,4.9,2022-04-03,Colombia,No
CLI-000445,Bucaramanga,Estándar,Dos años,Débito automático,37,85.48,3097.46,1,1,6.7,2021-10-16,Colombia,No
CLI-000799,Cali,Básico,Mes a mes,Efectivo,23,97.11,2067.17,3,1,6.0,2020-02-13,Colombia,Sí
CLI-001171,Cali,Premium,Mes a mes,Transferencia,45,72.25,3553.8,1,1,5.8,2022-07-09,Colombia,No
CLI-002977,Bogotá,Básico,Dos años,Efectivo,36,59.43,2273.9,1,1,4.4,2020-12-20,Colombia,No
CLI-002463,Medellín,Básico,Mes a mes,Tarjeta,34,42.46,1303.37,2,1,6.6,2019-08-16,Colombia,No
CLI-002757,Bogotá,Estándar,Un año,Transferencia,63,100.24,6253.46,1,0,7.9,2021-04-11,Colombia,No
CLI-000003,Bucaramanga,Básico,Mes a mes,Efectivo,47,48.66,2112.36,1,0,10.0,2021-06-14,Colombia,Sí
CLI-000749,Barranquilla,Básico,Mes a mes,Efectivo,23,85.27,1783.56,2,1,9.5,2020-05-10,Colombia,Sí
CLI-002416,Cali,,Mes a mes,Tarjeta,35,80.04,2963.21,1,1,10.0,2022-11-03,Colombia,No
CLI-001017,Cali,Básico,Un año,Tarjeta,28,19.21,539.82,1,1,8.8,2019-04-01,Colombia,No
CLI-000370,Bogotá,Básico,Mes a mes,Débito automático,55,64.34,3468.58,2,0,8.0,2021-05-07,Colombia,No
CLI-000803,Cali,Estándar,Mes a mes,,37,73.46,2827.64,2,1,6.8,2020-04-27,Colombia,No
CLI-002124,Bucaramanga,Premium,Un año,Débito automático,44,68.46,2821.01,0,0,8.9,2021-03-20,Colombia,No
CLI-002125,Bucaramanga,Premium,Mes a mes,Tarjeta,53,77.73,3994.41,4,1,6.2,2020-03-30,Colombia,No
CLI-002589,Cali,Estándar,Mes a mes,Tarjeta,69,65.57,4859.15,1,0,8.5,2019-08-01,Colombia,No
CLI-002571,Bogotá,Básico,Un año,Débito automático,57,39.39,2457.1,1,1,7.1,2021-04-02,Colombia,No
CLI-002031,Bucaramanga,Estándar,Un año,Débito automático,40,39.69,1696.91,1,1,2.8,2021-01-25,Colombia,No
CLI-001632,Bogotá,Básico,Mes a mes,Tarjeta,64,53.37,3344.94,2,1,10.0,2020-06-26,Colombia,No
CLI-000644,Medellín,Básico,Un año,Débito automático,35,89.3,3300.85,1,0,6.8,2020-11-20,Colombia,No
CLI-002563,Bogotá,Estándar,Un año,Efectivo,48,36.09,1798.71,0,1,5.7,2022-10-10,Colombia,No
CLI-002549,Medellín,Estándar,Dos años,Tarjeta,34,49.05,1702.82,1,0,10.0,2020-08-13,Colombia,No
CLI-002535,Bogotá,Premium,Mes a mes,Débito automático,57,85.05,4646.78,1,0,7.8,2022-08-17,Colombia,No
CLI-001470,Medellín,Básico,Un año,Tarjeta,5,62.21,298.35,3,1,6.2,2020-09-27,Colombia,No
CLI-000946,Bogotá,Premium,Un año,Débito automático,9,28.81,266.5,0,0,4.5,2019-12-24,Colombia,No
CLI-002277,Bogotá,Básico,Mes a mes,Tarjeta,15,57.8,787.67,1,1,,2021-05-01,Colombia,Sí
CLI-000638,Bogotá,Estándar,Mes a mes,Efectivo,22,49.89,1141.7,4,0,9.6,2021-02-17,Colombia,No
CLI-002623,Bogotá,Básico,Mes a mes,Débito automático,8,71.95,548.0,1,1,6.7,2021-01-12,Colombia,Sí
CLI-001123,Medellín,Básico,Mes a mes,Débito automático,20,67.83,1434.99,1,0,,2021-12-27,Colombia,No
CLI-001817,Bogotá,Premium,Mes a mes,Tarjeta,17,94.03,1531.17,0,0,,2019-04-29,Colombia,No
CLI-001793,Cali,Básico,Mes a mes,Tarjeta,25,34.87,906.56,3,0,5.3,2019-02-18,Colombia,No
CLI-001602,Barranquilla,Estándar,Mes a mes,Efectivo,53,74.98,4251.67,1,0,7.4,2019-09-20,Colombia,No
CLI-002032,Cali,Premium,Mes a mes,Tarjeta,13,46.12,611.66,2,1,9.3,2020-05-18,Colombia,No
CLI-001319,Medellín,Estándar,Un año,Transferencia,32,81.64,2679.91,1,0,,2022-12-08,Colombia,Sí
CLI-001574,Bucaramanga,Básico,Un año,Tarjeta,58,78.93,4641.49,1,1,8.0,2022-07-27,Colombia,No
CLI-001101,Bogotá,Estándar,Dos años,Transferencia,35,78.97,2848.91,1,0,7.6,2019-03-25,Colombia,No
CLI-002827,Bogotá,Básico,Mes a mes,Tarjeta,26,52.15,1295.81,0,0,3.3,2023-09-07,Colombia,Sí
CLI-000279,Medellín,Básico,Mes a mes,Débito automático,5,49.51,263.81,3,1,7.8,2022-12-12,Colombia,No
CLI-000663,Cali,Premium,Mes a mes,Transferencia,3,49.77,141.79,1,0,8.2,2023-02-28,Colombia,No
CLI-000152,Medellín,Premium,Mes a mes,Débito automático,20,63.69,1334.31,1,1,5.5,2020-02-08,Colombia,Sí
CLI-001383,Barranquilla,Básico,Mes a mes,Transferencia,25,84.51,2248.8,1,0,8.2,2020-04-07,Colombia,No
CLI-002712,Bogotá,Básico,Un año,Efectivo,2,85.18,156.82,0,0,4.6,2023-03-01,Colombia,Sí
CLI-000747,Medellín,Básico,Mes a mes,Tarjeta,38,58.6,2426.88,0,1,5.2,2019-06-10,Colombia,No
CLI-002604,Medellín,Premium,Dos años,Débito automático,40,54.29,1968.4,1,0,5.2,2020-12-13,Colombia,No
CLI-000685,Medellín,Premium,Mes a mes,Efectivo,13,52.01,673.25,5,0,9.8,2020-09-21,Colombia,Sí
CLI-001716,Cali,Básico,Un año,Débito automático,63,25.97,1556.44,2,0,6.9,2021-06-29,Colombia,No
CLI-001268,Cali,Básico,Mes a mes,Efectivo,27,65.76,1768.21,1,0,8.4,2020-07-12,Colombia,No
CLI-002126,Cali,Premium,Mes a mes,Tarjeta,19,120.81,2144.41,2,1,2.9,2022-03-30,Colombia,Sí
CLI-000427,Bogotá,Básico,Dos años,Tarjeta,62,43.41,2550.33,1,0,8.3,2021-10-05,Colombia,No
CLI-001460,Bogotá,Estándar,Mes a mes,Transferencia,37,92.8,3136.99,1,0,8.2,2020-12-10,Colombia,Sí
CLI-002261,Medellín,Básico,Mes a mes,Efectivo,2,71.16,138.46,0,1,8.4,2021-08-18,Colombia,No
CLI-000620,Medellín,Básico,Mes a mes,Tarjeta,10,47.12,447.69,1,1,7.3,2023-02-26,Colombia,No
CLI-000143,Bogotá,Básico,Un año,Débito automático,20,101.61,1848.07,2,0,6.8,2020-12-10,Colombia,No
CLI-001773,Barranquilla,Básico,Un año,Débito automático,26,43.12,,1,1,10.0,2022-12-09,Colombia,No
CLI-000717,Medellín,Básico,Mes a mes,Tarjeta,37,82.03,,1,1,6.2,2022-01-11,Colombia,No
CLI-000100,Bogotá,Básico,Mes a mes,Transferencia,10,66.35,599.93,2,1,6.1,2019-07-25,Colombia,No
CLI-001448,Bucaramanga,Estándar,Mes a mes,Tarjeta,69,70.5,,1,0,7.0,2022-12-20,Colombia,No
CLI-000415,Bogotá,Premium,Un año,Débito automático,2,43.39,84.79,1,1,6.9,2021-03-06,Colombia,Sí
CLI-001902,Bogotá,Premium,Mes a mes,Efectivo,38,18.0,654.71,0,1,7.1,2020-03-13,Colombia,No
CLI-002693,Medellín,Básico,Dos años,Débito automático,65,79.4,4676.71,1,0,8.1,2022-06-10,Colombia,No
CLI-000326,Bogotá,Estándar,Dos años,Transferencia,17,100.32,1607.3,2,0,6.0,2020-09-25,Colombia,No
CLI-000774,Bogotá,Básico,Un año,Transferencia,51,109.57,5351.36,0,0,4.8,2021-11-19,Colombia,No
CLI-001309,Cali,Básico,Mes a mes,Tarjeta,30,90.64,2803.24,2,0,5.1,2022-12-16,Colombia,No
CLI-001705,Bogotá,Básico,Mes a mes,Transferencia,66,53.88,3335.42,1,0,7.0,2023-05-02,Colombia,No
CLI-000834,Bogotá,Básico,Mes a mes,Efectivo,11,59.33,638.53,1,1,7.5,2021-08-12,Colombia,No
CLI-001214, bogotá ,Estándar,Mes a mes,Tarjeta,62,82.13,5003.68,1,0,6.9,2022-01-08,Colombia,No
CLI-000896,Medellín,Básico,Un año,Transferencia,44,18.0,791.73,0,0,,2022-04-14,Colombia,No
CLI-002888,Medellín,Estándar,Mes a mes,Efectivo,5,18.0,,4,0,4.0,2020-03-29,Colombia,No
CLI-001316,Bogotá,Premium,Mes a mes,Efectivo,22,135.87,3064.42,2,0,8.5,2023-09-28,Colombia,Sí
CLI-000667,Cali,Estándar,Mes a mes,Tarjeta,36,125.16,4149.23,1,0,9.6,2022-07-10,Colombia,No
CLI-000362,Cali,,Un año,Transferencia,64,89.23,6239.51,1,1,,2022-06-16,Colombia,No
CLI-000880,Barranquilla,Premium,Un año,Débito automático,45,91.1,4039.97,2,1,,2023-03-27,Colombia,No
CLI-002963,Cali,Estándar,Dos años,Débito automático,70,34.46,2457.81,1,0,8.2,2020-03-31,Colombia,No
CLI-001855,Bogotá,Básico,Mes a mes,Efectivo,8,97.19,,0,0,8.8,2022-07-21,Colombia,No
CLI-001321,Cali,Básico,Mes a mes,Tarjeta,9,107.61,959.16,2,0,9.7,2023-10-19,Colombia,No
CLI-000978,Cali,Básico,Un año,Tarjeta,41,76.91,3360.45,0,1,8.5,2020-02-27,Colombia,No
CLI-000037,Medellín,Básico,Mes a mes,Transferencia,61,78.07,4935.96,1,1,8.0,2023-01-12,Colombia,No
CLI-002236,Cali,Básico,Dos años,Efectivo,57,50.26,2795.59,3,0,3.6,2019-06-25,Colombia,No
CLI-002974,Medellín,Básico,Mes a mes,Tarjeta,70,79.45,5576.83,1,1,5.4,2019-02-27,Colombia,No
CLI-002266,Cali,Premium,Un año,Tarjeta,7,104.67,715.68,0,0,4.0,2019-11-03,Colombia,No
CLI-000843,Bogotá,Básico,Dos años,Transferencia,65,18.0,1247.88,1,0,5.1,2019-03-19,Colombia,No
CLI-000413,Barranquilla,Básico,Dos años,Efectivo,20,54.6,1157.55,2,1,5.9,2022-07-27,Colombia,No
CLI-001816,Bucaramanga,Básico,Un año,Débito automático,8,41.7,325.12,0,1,,2021-12-30,Colombia,No
CLI-001507,Bogotá,Básico,Mes a mes,Tarjeta,65,105.25,6529.43,2,1,7.3,2019-08-18,Colombia,No
CLI-002326,Cali,Básico,Un año,Tarjeta,59,39.61,2413.24,0,0,6.8,2020-11-02,Colombia,No
CLI-001197,Bogotá,Básico,Un año,Débito automático,51,76.7,3622.54,1,0,8.1,2021-06-22,Colombia,No
CLI-002579,Bogotá,Premium,Mes a mes,Tarjeta,69,52.67,3688.67,2,0,6.2,2019-09-29,Colombia,Sí
CLI-002942,Bogotá,Básico,Un año,Débito automático,67,58.36,3693.66,1,0,6.2,2021-07-03,Colombia,No
CLI-002418,Bogotá,Estándar,Mes a mes,Efectivo,19,77.99,1468.78,1,1,7.2,2023-11-15,Colombia,No
CLI-002242,Medellín,Estándar,Mes a mes,Efectivo,48,47.71,2092.82,0,1,8.0,2022-04-14,Colombia,No
CLI-000633,Bogotá,Premium,Dos años,Tarjeta,31,73.3,2416.41,1,1,7.8,2019-03-05,Colombia,No
CLI-001372,Cali,Básico,Un año,Transferencia,25,94.52,2420.18,0,0,3.7,2023-09-07,Colombia,No
CLI-001694,Bogotá,Básico,Dos años,Efectivo,29,66.65,1985.17,3,1,6.7,2019-07-07,Colombia,No
CLI-002677,Bogotá,Básico,Un año,Tarjeta,69,104.57,7379.57,2,1,10.0,2023-08-13,Colombia,No
CLI-001459,Bogotá,Básico,Un año,Transferencia,19,44.51,886.24,0,1,6.8,2021-11-13,Colombia,No
CLI-002753,Cali,Premium,Dos años,Débito automático,42,83.85,3540.95,3,1,6.4,2023-02-07,Colombia,No
CLI-001912,Bogotá,Premium,Mes a mes,Tarjeta,64,31.59,1971.5,1,0,6.1,2023-10-19,Colombia,No
CLI-001969,Barranquilla,Premium,Mes a mes,Tarjeta,60,116.93,7064.27,3,0,4.1,2020-01-24,Colombia,No
CLI-001931,Bogotá,Premium,Dos años,Tarjeta,7,43.16,293.59,1,1,,2019-12-03,Colombia,No
CLI-002566,Bogotá,Estándar,Un año,Tarjeta,31,45.88,1343.97,0,0,8.4,2023-08-20,Colombia,No
CLI-000569,Bogotá,,Mes a mes,Efectivo,46,75.14,3274.67,3,0,4.3,2022-03-05,Colombia,Sí
CLI-002389,Bogotá,Básico,Mes a mes,Tarjeta,68,91.66,,1,1,5.8,2020-09-24,Colombia,No
CLI-001304,Medellín,Estándar,Mes a mes,Tarjeta,64,92.23,5997.27,0,1,9.0,2019-10-20,Colombia,No
CLI-000072,Bogotá,Estándar,Mes a mes,Efectivo,14,77.73,986.5,3,1,7.7,2022-02-27,Colombia,Sí
CLI-001294,Barranquilla,Básico,Mes a mes,Transferencia,1,72.85,67.71,1,0,5.8,2019-07-26,Colombia,No
CLI-000673,Bogotá,Básico,Un año,Débito automático,46,60.55,2993.61,2,0,3.4,2022-02-25,Colombia,No
CLI-002333, bogotá ,Básico,Mes a mes,Tarjeta,20,60.63,1172.0,1,1,4.5,2021-03-15,Colombia,No
CLI-001471,Bogotá,Básico,Un año,Débito automático,64,51.35,3537.88,0,1,6.2,2019-06-18,Colombia,No
CLI-000706,Cali,,Mes a mes,Transferencia,41,101.18,3822.62,1,1,2.9,2021-05-03,Colombia,Sí
CLI-001683,Bogotá,Estándar,Mes a mes,Efectivo,3,64.31,191.14,1,0,5.4,2020-12-31,Colombia,No
CLI-000820,Barranquilla,Básico,Mes a mes,Débito automático,71,20.4,1532.31,0,1,5.9,2020-01-03,Colombia,No
CLI-000848,Cali,Estándar,Un año,,4,70.33,307.26,2,1,5.9,2020-02-24,Colombia,No
CLI-002112,Bogotá,Premium,Mes a mes,Transferencia,48,89.62,3994.95,1,0,7.4,2023-05-24,Colombia,No
CLI-000179,Medellín,,Mes a mes,Débito automático,64,70.21,4636.11,3,1,,2021-11-27,Colombia,No
CLI-000503,Medellín,Básico,Dos años,Transferencia,69,63.23,3949.2,1,1,8.2,2021-07-24,Colombia,No
CLI-002890,Cali,Estándar,Mes a mes,Débito automático,14,82.98,1249.07,2,1,8.3,2022-03-10,Colombia,No
CLI-000420,Medellín,Estándar,Mes a mes,Transferencia,36,29.35,1020.35,0,1,7.2,2021-04-10,Colombia,No
CLI-002879,Bogotá,Estándar,Un año,Tarjeta,62,70.73,4427.51,2,0,10.0,2022-12-23,Colombia,No
CLI-002614,Medellín,Premium,Un año,Efectivo,43,105.4,4529.46,3,0,6.3,2023-03-08,Colombia,Sí
CLI-001545,Bogotá,Básico,Dos años,Transferencia,17,63.37,1181.48,2,0,5.4,2019-02-01,Colombia,No
CLI-001781,Cali,Premium,Mes a mes,Efectivo,4,97.84,405.61,0,0,4.9,2023-06-09,Colombia,Sí
CLI-002022,Cali,Básico,Mes a mes,Transferencia,47,92.23,4351.16,2,0,6.1,2019-06-01,Colombia,Sí
CLI-000088,Medellín,Básico,Un año,Tarjeta,23,49.92,1060.99,0,0,,2023-09-17,Colombia,No
CLI-000975,Medellín,Premium,Dos años,Efectivo,11,63.93,723.17,1,1,7.6,2023-06-25,Colombia,No
CLI-000740,Bogotá,Estándar,Mes a mes,Efectivo,64,49.67,3234.28,1,0,6.6,2021-03-28,Colombia,No
CLI-001181,Barranquilla,Premium,Un año,Efectivo,44,84.72,4039.52,2,1,5.7,2020-01-24,Colombia,No
CLI-002713,Bogotá,Premium,Mes a mes,Débito automático,67,71.84,,0,0,6.1,2022-03-30,Colombia,No
CLI-001527,Medellín,Básico,Un año,Débito automático,23,75.26,1713.42,0,1,8.8,2021-06-22,Colombia,No
CLI-000537,Medellín,Premium,Un año,Tarjeta,33,77.6,,0,0,5.7,2019-01-07,Colombia,No
CLI-000515,Medellín,Básico,Un año,Efectivo,69,36.49,2636.62,1,0,7.8,2020-01-14,Colombia,No
CLI-000563,Cali,Estándar,Un año,Transferencia,36,73.25,2616.84,1,0,6.4,2020-11-09,Colombia,No
CLI-001041,Bucaramanga,Premium,Mes a mes,Efectivo,51,83.83,4032.5,2,0,7.8,2023-05-18,Colombia,No
CLI-000993,Bogotá,Estándar,Mes a mes,Efectivo,14,83.53,1257.97,2,0,9.4,2021-12-22,Colombia,No
CLI-002097,Cali,Estándar,Mes a mes,Efectivo,67,64.71,3981.24,0,0,2.6,2021-07-28,Colombia,No
CLI-001610,Cali,Estándar,Mes a mes,Efectivo,9,48.87,444.56,1,0,8.0,2023-08-15,Colombia,No
CLI-001583,Cali,Premium,Mes a mes,Tarjeta,37,47.75,1783.66,3,1,7.0,2023-11-20,Colombia,No
CLI-002927,Medellín,Premium,Mes a mes,Transferencia,44,62.92,3017.97,2,0,6.3,2023-10-01,Colombia,No
CLI-001306,Medellín,Premium,Mes a mes,Transferencia,48,52.65,2544.16,1,1,8.0,2019-01-24,Colombia,No
CLI-001303,Bogotá,Premium,Mes a mes,Débito automático,50,56.66,2972.67,0,1,6.2,2022-04-17,Colombia,No
CLI-000641,Medellín,Básico,Mes a mes,Tarjeta,48,76.42,3797.66,1,0,8.0,2023-07-24,Colombia,No
CLI-002517,Bogotá,Básico,Dos años,Tarjeta,50,77.82,4205.83,2,0,10.0,2022-10-21,Colombia,No
CLI-000721,Barranquilla,Básico,Mes a mes,Transferencia,10,123.03,1265.59,0,1,6.7,2019-05-02,Colombia,Sí
CLI-001650,Medellín,Básico,Dos años,Efectivo,60,49.68,3208.97,1,0,7.5,2019-08-17,Colombia,No
CLI-000956,Bogotá,Premium,Mes a mes,,44,103.92,4533.07,1,0,4.6,2023-03-26,Colombia,No
CLI-002980,Medellín,Premium,Dos años,Efectivo,34,45.94,1551.23,5,1,7.9,2022-10-13,Colombia,No
CLI-002695,Barranquilla,Premium,Mes a mes,Débito automático,67,52.87,3883.78,1,0,9.2,2020-12-15,Colombia,No
CLI-002498,Bucaramanga,Premium,Dos años,Efectivo,64,94.58,6136.48,1,0,,2022-11-20,Colombia,No
CLI-000670,Bogotá,Estándar,Mes a mes,Transferencia,10,96.71,996.37,1,1,5.3,2023-07-01,Colombia,Sí
CLI-000227,Bogotá,Estándar,Dos años,Transferencia,58,56.54,3036.79,2,0,9.3,2023-05-25,Colombia,No
CLI-001158,Cali,Estándar,Mes a mes,Tarjeta,61,93.26,5231.38,0,0,10.0,2021-11-20,Colombia,No
CLI-000770,Bogotá,Básico,Mes a mes,Efectivo,27,76.93,2199.69,2,1,7.0,2020-09-28,Colombia,No
CLI-000401,Bogotá,Estándar,Mes a mes,Transferencia,71,86.39,6519.43,1,1,6.8,2022-05-23,Colombia,No
CLI-000858,Barranquilla,Premium,Mes a mes,Efectivo,5,80.12,432.04,1,0,7.4,2020-08-24,Colombia,Sí
CLI-002913,Medellín,Estándar,Mes a mes,Débito automático,34,41.59,1472.79,0,1,,2019-12-06,Colombia,No
CLI-002255,Barranquilla,Básico,Dos años,Efectivo,21,50.46,1158.55,1,1,8.2,2022-11-23,Colombia,No
CLI-001223,Bogotá,,Mes a mes,Débito automático,69,94.89,6760.82,2,0,6.2,2021-11-14,Colombia,No
CLI-000578,Bogotá,Estándar,Un año,Débito automático,38,94.91,3754.86,4,1,8.3,2019-02-07,Colombia,No
CLI-000430,Medellín,Básico,Mes a mes,Transferencia,51,83.57,4663.92,0,0,7.6,2019-08-08,Colombia,No
CLI-001062,Bogotá,Estándar,Mes a mes,Efectivo,49,114.56,5737.35,0,0,10.0,2019-05-27,Colombia,No
CLI-002785,Bogotá,Premium,Mes a mes,Efectivo,65,75.55,4789.11,1,1,8.0,2021-10-16,Colombia,No
CLI-001348,Bogotá,Básico,Un año,Transferencia,50,22.11,,1,0,7.6,2019-12-02,Colombia,No
CLI-000892,Barranquilla,Estándar,Mes a mes,Transferencia,51,85.54,3954.6,2,0,7.0,2019-12-24,Colombia,Sí
CLI-001037,Bogotá,Estándar,Mes a mes,Débito automático,65,66.95,4413.38,1,1,6.2,2020-05-04,Colombia,Sí
CLI-000562,Cali,Estándar,Un año,Transferencia,4,50.25,198.97,3,0,7.9,2021-11-24,Colombia,No
CLI-000960,Barranquilla,Estándar,Mes a mes,Tarjeta,30,18.0,586.96,1,1,4.3,2019-10-31,Colombia,No
CLI-002398,Bogotá,Premium,Mes a mes,Transferencia,21,70.26,1576.06,2,1,6.8,2023-02-22,Colombia,Sí
CLI-000339,Medellín,Premium,Un año,Tarjeta,15,55.91,859.85,4,0,7.6,2023-08-12,Colombia,No
CLI-000027,Bogotá,Básico,Dos años,Débito automático,29,91.95,2685.93,0,0,7.5,2021-02-10,Colombia,No
CLI-000743,Barranquilla,Estándar,Mes a mes,Débito automático,46,72.27,3591.78,1,1,,2020-09-26,Colombia,No
CLI-002243, bogotá ,Básico,Dos años,Débito automático,33,51.47,1866.29,1,0,9.0,2019-04-12,Colombia,No
CLI-000025,Bucaramanga,Estándar,Dos años,Tarjeta,56,89.44,5195.0,2,1,,2020-12-02,Colombia,No
CLI-001364,Bogotá,Estándar,Mes a mes,Transferencia,15,44.22,638.57,2,1,8.2,2022-11-22,Colombia,No
CLI-002863,Cali,Estándar,Mes a mes,Transferencia,60,32.61,1889.33,1,0,6.9,2022-03-08,Colombia,Sí
CLI-002756,Bogotá,Estándar,Mes a mes,Efectivo,62,104.5,6640.3,1,0,6.5,2020-01-01,Colombia,No
CLI-000001,Barranquilla,Premium,Mes a mes,Efectivo,7,94.07,667.77,2,0,6.3,2022-11-19,Colombia,Sí
CLI-002117,Bogotá,Básico,Mes a mes,Tarjeta,69,78.49,5758.28,2,0,10.0,2021-05-04,Colombia,No
CLI-000737,Bogotá,Premium,Mes a mes,Transferencia,52,65.49,3693.38,1,0,9.8,2022-10-28,Colombia,No
CLI-002907,Bogotá,Estándar,Dos años,Tarjeta,45,81.21,3623.18,2,1,8.6,2021-11-08,Colombia,No
CLI-000986,Medellín,Estándar,Mes a mes,Transferencia,47,135.09,6474.73,2,0,9.8,2023-09-06,Colombia,No
CLI-000061,Bogotá,Estándar,Un año,Tarjeta,66,38.3,2485.12,1,0,6.8,2022-12-12,Colombia,No
CLI-000702,Cali,Estándar,Un año,Tarjeta,44,46.4,2118.86,0,1,3.3,2019-01-03,Colombia,No
CLI-001023,Bogotá,Premium,Mes a mes,Transferencia,62,75.44,4496.83,1,0,9.1,2019-03-04,Colombia,No
CLI-001764,Cali,Básico,Un año,Efectivo,43,23.9,1118.36,3,0,8.3,2021-05-17,Colombia,No
CLI-002766,Cali,Básico,Dos años,Tarjeta,38,80.47,2808.76,3,1,7.2,2023-05-21,Colombia,No
CLI-001697,Cali,Básico,Dos años,Transferencia,34,136.79,5097.94,0,1,7.3,2022-08-26,Colombia,No
CLI-002102,Cali,,Mes a mes,Débito automático,48,72.83,3494.09,0,0,8.4,2019-05-16,Colombia,No
CLI-000691,Barranquilla,Básico,Mes a mes,Transferencia,71,68.41,4980.33,0,1,9.6,2020-11-26,Colombia,No
CLI-000593,Bogotá,Básico,Mes a mes,Efectivo,18,98.97,,1,0,5.1,2020-07-04,Colombia,No
CLI-000434,Bogotá,Estándar,Mes a mes,Transferencia,10,18.0,195.81,1,1,6.3,2021-08-17,Colombia,No
CLI-002209,Medellín,Básico,Mes a mes,Tarjeta,17,26.64,450.7,2,1,8.2,2023-02-10,Colombia,No
CLI-001852,Bucaramanga,Básico,Mes a mes,Tarjeta,18,86.19,1681.52,0,1,,2020-04-13,Colombia,No
CLI-001141,Cali,Estándar,Mes a mes,Transferencia,63,56.41,3756.56,2,1,7.2,2021-04-03,Colombia,No
CLI-001643,Bogotá,Básico,Un año,Tarjeta,32,89.53,2766.83,0,1,7.9,2021-02-22,Colombia,No
CLI-002329,Bogotá,Básico,Mes a mes,Efectivo,2,114.53,249.14,0,0,,2020-09-28,Colombia,Sí
CLI-001154,Bucaramanga,Estándar,Un año,Tarjeta,65,60.19,4259.79,1,1,,2020-08-26,Colombia,No
CLI-000424,Medellín,Básico,Dos años,Efectivo,42,72.54,2969.47,0,0,7.7,2023-06-01,Colombia,No
CLI-000242,Medellín,Premium,Mes a mes,Tarjeta,42,57.66,,2,1,6.9,2022-06-28,Colombia,No
CLI-002379,Barranquilla,Estándar,Mes a mes,Tarjeta,71,62.03,3992.24,0,0,8.8,2021-09-25,Colombia,No
CLI-001735,Medellín,Básico,Mes a mes,Tarjeta,62,67.1,4020.22,0,1,6.4,2022-10-02,Colombia,No
CLI-000758,Cali,Estándar,Mes a mes,Efectivo,28,67.55,2019.51,1,0,,2020-06-23,Colombia,Sí
CLI-000132,Medellín,Básico,Mes a mes,Transferencia,40,34.75,1418.08,0,0,8.3,2022-06-03,Colombia,No
CLI-000833,Bogotá,Premium,Mes a mes,Efectivo,33,100.07,3283.99,2,0,9.0,2020-01-08,Colombia,No
CLI-002037,Cali,Premium,Un año,Débito automático,42,95.09,4115.36,4,0,7.9,2022-10-15,Colombia,No
CLI-001229,Medellín,Estándar,Mes a mes,Transferencia,11,102.17,1207.09,0,1,10.0,2019-08-23,Colombia,No
CLI-000195,Cali,Básico,Dos años,Tarjeta,69,64.09,4253.34,1,0,,2022-10-15,Colombia,No
CLI-000514,Medellín,Estándar,Mes a mes,Tarjeta,58,112.41,6836.49,0,0,8.3,2019-12-24,Colombia,No
CLI-001074,Cali,Básico,Mes a mes,Transferencia,38,73.64,2755.58,0,1,6.8,2021-12-10,Colombia,Sí
CLI-001142,Bucaramanga,Premium,Mes a mes,Transferencia,25,105.28,2384.06,2,1,6.1,2023-06-12,Colombia,Sí
CLI-000527,Bogotá,Básico,Mes a mes,Transferencia,66,74.96,4564.53,1,0,5.3,2020-03-22,Colombia,No
CLI-001386,Bogotá,Premium,Dos años,Efectivo,17,43.87,685.06,2,1,5.6,2021-10-13,Colombia,No
CLI-000171,Bucaramanga,Básico,Dos años,Débito automático,8,39.5,300.18,2,0,5.4,2019-10-01,Colombia,No
CLI-002301,Medellín,Estándar,Un año,Transferencia,19,58.9,1010.24,0,0,3.0,2023-10-12,Colombia,Sí
CLI-000859,Cali,Estándar,Dos años,Transferencia,48,125.86,5789.37,0,1,,2021-03-14,Colombia,No
CLI-000962,Cali,Estándar,Mes a mes,Tarjeta,30,62.98,1752.74,1,1,4.8,2021-08-18,Colombia,No
CLI-002508,Bogotá,Básico,Un año,Transferencia,44,43.89,1824.48,0,0,3.9,2019-11-17,Colombia,No
CLI-002076,Cali,Básico,Mes a mes,Efectivo,29,36.61,1061.97,2,1,7.8,2021-10-18,Colombia,No
CLI-002273,Bucaramanga,Básico,Un año,Transferencia,22,141.13,3116.01,0,0,9.7,2019-06-30,Colombia,No
CLI-000220,Barranquilla,Estándar,Mes a mes,Transferencia,65,62.98,3778.11,1,1,8.0,2022-06-02,Colombia,No
CLI-002984,Bucaramanga,Estándar,Un año,Transferencia,59,44.49,2401.68,0,1,6.5,2022-10-30,Colombia,No
CLI-002516,Medellín,Básico,Mes a mes,Transferencia,59,77.4,,0,1,6.4,2019-07-15,Colombia,No
CLI-002318,Cali,Básico,Mes a mes,Tarjeta,31,81.5,2550.05,2,0,7.7,2023-07-23,Colombia,No
CLI-001786,Medellín,Estándar,Dos años,Transferencia,18,78.42,1305.76,1,1,6.7,2021-11-06,Colombia,No
CLI-001882,Bogotá,Estándar,Mes a mes,Tarjeta,19,89.1,1692.98,1,0,10.0,2022-07-01,Colombia,Sí
CLI-002339,Medellín,Básico,Un año,Tarjeta,4,90.98,,0,1,4.8,2019-08-06,Colombia,No
CLI-002877,Bogotá,Básico,Mes a mes,Tarjeta,48,73.79,3483.31,0,1,6.6,2022-02-16,Colombia,No
CLI-001937,Bogotá,Básico,Mes a mes,Tarjeta,27,47.4,1234.03,1,1,7.8,2020-01-25,Colombia,No
CLI-001117,Barranquilla,Estándar,Dos años,Débito automático,71,49.6,3732.55,2,0,7.9,2020-12-14,Colombia,No
CLI-000268,Barranquilla,Básico,Mes a mes,Débito automático,25,56.77,1467.03,1,1,5.0,2021-08-23,Colombia,No
CLI-001756,Barranquilla,Estándar,Dos años,Débito automático,23,81.66,1982.01,2,1,5.5,2022-09-08,Colombia,No
CLI-002227,Bogotá,Básico,Mes a mes,Débito automático,63,39.68,2534.93,1,1,5.1,2019-04-03,Colombia,No
CLI-000524,Medellín,Estándar,Un año,Efectivo,59,63.7,3544.64,0,1,8.0,2021-10-07,Colombia,No
CLI-001147,Bogotá,Básico,Dos años,Efectivo,38,45.18,1640.95,1,0,3.8,2022-07-03,Colombia,No
CLI-002848,Cali,Básico,Mes a mes,Tarjeta,28,122.29,3656.85,1,1,5.3,2020-03-29,Colombia,Sí
CLI-002028,Barranquilla,Básico,Mes a mes,Débito automático,68,76.64,5497.41,1,1,8.6,2020-09-17,Colombia,No
CLI-001076,Barranquilla,Básico,Mes a mes,Transferencia,12,96.14,1225.35,1,0,7.9,2021-04-21,Colombia,Sí
CLI-002632,Bogotá,Premium,Mes a mes,Efectivo,49,71.54,3229.71,0,1,5.6,2019-07-21,Colombia,No
CLI-000254,Medellín,Básico,Un año,Efectivo,24,67.17,1681.8,2,1,7.8,2021-11-05,Colombia,No
CLI-000588,Bucaramanga,Básico,Un año,Tarjeta,8,82.45,604.36,1,1,7.6,2022-02-09,Colombia,No
CLI-000738,Cali,Premium,Mes a mes,Débito automático,24,70.35,1812.28,1,1,,2023-06-19,Colombia,Sí
CLI-001597,Cali,Estándar,Mes a mes,Tarjeta,47,58.96,2668.63,1,1,6.9,2021-11-26,Colombia,No
CLI-002959,Bogotá,Estándar,Un año,Débito automático,37,79.18,2834.31,1,0,7.9,2019-03-07,Colombia,No
CLI-000296,Bogotá,Básico,Mes a mes,Transferencia,37,85.72,3335.07,1,0,7.7,2021-11-18,Colombia,No
CLI-002810,Medellín,Premium,Mes a mes,Débito automático,14,65.4,,0,1,5.9,2022-01-03,Colombia,No
CLI-000054,Bogotá,Premium,Mes a mes,Débito automático,34,20.06,695.79,0,1,8.4,2023-05-04,Colombia,No
CLI-002644,Medellín,Premium,Dos años,Transferencia,34,116.26,4343.89,3,1,,2021-01-16,Colombia,No
CLI-000329,Bucaramanga,Estándar,Un año,Efectivo,11,77.54,835.31,0,1,6.7,2020-08-23,Colombia,No
CLI-000540,Cali,Estándar,Un año,Tarjeta,2,125.35,271.72,3,0,10.0,2023-03-25,Colombia,Sí
CLI-002370,Medellín,Básico,Mes a mes,Débito automático,13,41.87,585.82,1,0,8.8,2023-10-23,Colombia,No
CLI-000271,Medellín,Estándar,Un año,Efectivo,21,67.73,1320.96,0,0,5.2,2022-03-27,Colombia,Sí
CLI-000302,Cali,Premium,Mes a mes,Débito automático,59,50.56,3091.41,2,0,5.0,2019-06-02,Colombia,No
CLI-000366,Medellín,Premium,Dos años,Efectivo,37,86.84,3456.4,0,0,3.6,2023-04-12,Colombia,No
CLI-002115,Barranquilla,,Mes a mes,Transferencia,53,54.79,2974.71,0,1,10.0,2020-08-10,Colombia,No
CLI-002425,Bogotá,Básico,Mes a mes,Débito automático,25,51.11,1181.53,1,1,6.3,2023-03-04,Colombia,No
CLI-002744,Medellín,Estándar,Un año,Transferencia,68,123.0,8617.32,2,1,10.0,2020-06-05,Colombia,No
CLI-002054,Bogotá,Estándar,Dos años,Débito automático,68,96.89,6044.69,0,0,9.4,2019-09-06,Colombia,No
CLI-002140,Bucaramanga,Básico,Un año,Transferencia,29,104.9,3158.48,2,0,6.1,2022-05-11,Colombia,No
CLI-000708,Barranquilla,Básico,Un año,Efectivo,41,27.27,1017.75,0,0,7.2,2022-05-30,Colombia,No
CLI-001906,Bogotá,Estándar,Dos años,Transferencia,18,37.95,,2,1,5.5,2021-09-27,Colombia,No
CLI-000192,Bogotá,Premium,Dos años,Transferencia,45,101.82,4919.18,1,1,10.0,2023-03-01,Colombia,No
CLI-001600,Bogotá,Básico,Dos años,Efectivo,51,62.11,2968.81,1,1,9.1,2022-01-14,Colombia,No
CLI-002912,Medellín,Básico,Un año,Débito automático,7,55.25,424.95,2,0,9.1,2020-04-13,Colombia,No
CLI-000375,Medellín,Estándar,Mes a mes,Débito automático,63,84.47,5166.55,3,1,4.3,2021-07-04,Colombia,No
CLI-002144,Bogotá,Básico,Un año,Tarjeta,44,106.45,4949.32,2,1,5.1,2020-03-10,Colombia,No
CLI-002363,Medellín,Básico,Dos años,Tarjeta,69,68.41,4421.85,2,0,8.5,2019-12-16,Colombia,No
CLI-000292,Bogotá,Estándar,Dos años,Débito automático,19,54.53,961.01,0,0,3.7,2020-01-18,Colombia,No
CLI-001376,Bogotá,,Un año,Transferencia,69,67.31,4917.23,0,1,9.8,2021-01-31,Colombia,No
CLI-001207,Bogotá,Estándar,Mes a mes,Tarjeta,37,60.01,2201.75,1,0,8.1,2019-06-11,Colombia,No
CLI-002993,Bogotá,Premium,Un año,Tarjeta,14,36.39,486.31,2,1,6.8,2020-04-13,Colombia,No
CLI-001382,Bucaramanga,Básico,Dos años,Transferencia,21,97.4,2222.17,2,1,5.4,2019-05-29,Colombia,No
CLI-001996,Bogotá,Estándar,Mes a mes,Débito automático,1,48.85,51.17,1,1,6.3,2023-02-14,Colombia,Sí
CLI-002014,Bogotá,Premium,Mes a mes,Transferencia,66,83.76,5074.59,1,1,9.6,2020-07-11,Colombia,No
CLI-001525,Barranquilla,Estándar,Mes a mes,Efectivo,43,36.97,1492.48,2,0,,2023-01-02,Colombia,No
CLI-002186,Bogotá,Premium,Mes a mes,Débito automático,21,33.07,753.42,2,1,7.1,2019-09-26,Colombia,No
CLI-001846,Bogotá,Básico,Un año,Tarjeta,44,82.9,3416.96,1,1,7.7,2021-09-19,Colombia,No
CLI-001513,Bogotá,Básico,Mes a mes,Tarjeta,53,69.23,3641.25,0,0,8.0,2020-03-04,Colombia,No
CLI-001182,Bogotá,Premium,Mes a mes,Tarjeta,66,67.8,4459.46,0,0,8.2,2023-02-07,Colombia,No
CLI-000718,Cali,Básico,Dos años,Transferencia,35,82.69,2663.27,0,0,8.9,2022-03-15,Colombia,No
CLI-002254,Barranquilla,Básico,Mes a mes,Transferencia,36,72.02,2765.45,2,1,9.5,2019-02-17,Colombia,No
CLI-000180,Bucaramanga,Premium,Dos años,Tarjeta,36,64.91,2337.89,3,0,9.3,2019-01-11,Colombia,No
CLI-000802,Medellín,Premium,Un año,Transferencia,22,50.38,1129.69,0,1,3.0,2023-09-15,Colombia,Sí
CLI-002731,Medellín,Estándar,Mes a mes,Efectivo,69,95.08,6549.56,1,1,8.6,2023-02-03,Colombia,No
CLI-001390,Cali,Básico,Mes a mes,Tarjeta,65,94.4,5835.44,2,0,9.6,2020-12-23,Colombia,No
CLI-000489,Barranquilla,Estándar,Mes a mes,Efectivo,55,48.22,2733.45,0,1,9.9,2022-04-03,Colombia,Sí
CLI-001771,Barranquilla,Básico,Mes a mes,Efectivo,25,58.78,1433.91,4,1,8.0,2023-04-02,Colombia,Sí
CLI-002411,Bucaramanga,Estándar,Un año,Débito automático,38,70.44,2456.49,0,0,9.7,2020-10-28,Colombia,No
CLI-000052,Cali,Estándar,Mes a mes,Débito automático,14,83.7,1070.36,0,0,7.0,2023-08-08,Colombia,No
CLI-002231,Bogotá,Básico,Un año,Débito automático,45,87.96,4054.61,0,0,9.1,2022-04-26,Colombia,No
CLI-002119,Cali,Básico,Mes a mes,Transferencia,39,83.94,3408.34,2,1,7.8,2020-12-13,Colombia,No
CLI-001980,Bogotá,Básico,Dos años,Transferencia,57,118.13,6869.61,0,0,6.8,2020-03-20,Colombia,No
CLI-001831,Barranquilla,Estándar,Mes a mes,Efectivo,26,64.57,1842.39,2,1,8.0,2019-11-03,Colombia,No
CLI-000064,Bogotá,Básico,Mes a mes,Transferencia,69,65.29,4706.95,1,1,7.9,2021-08-30,Colombia,No
CLI-001163,Bogotá,Básico,Mes a mes,Débito automático,61,108.43,6180.39,2,0,7.5,2022-08-30,Colombia,No
CLI-001217,Cali,Básico,Mes a mes,,37,109.14,3695.27,1,0,6.3,2022-12-10,Colombia,No
CLI-001585,Bogotá,Básico,Mes a mes,Débito automático,46,75.02,3460.35,2,0,4.4,2020-09-12,Colombia,Sí
CLI-002565,Bogotá,Estándar,Dos años,Débito automático,32,47.82,1506.88,1,0,5.4,2021-06-11,Colombia,No
CLI-000211,Cali,Básico,Mes a mes,Efectivo,19,67.77,1364.93,2,1,7.7,2022-05-19,Colombia,No
CLI-001245,Barranquilla,Estándar,Mes a mes,Tarjeta,63,75.27,4482.4,2,1,9.2,2019-06-13,Colombia,No
CLI-002722,Bogotá,Estándar,Mes a mes,Transferencia,48,71.98,3479.41,1,1,10.0,2020-12-01,Colombia,No
CLI-001287,Bogotá,Premium,Un año,Efectivo,65,96.15,6169.15,1,0,7.8,2023-11-23,Colombia,No
CLI-002745,Bogotá,Básico,Un año,Débito automático,15,104.74,1465.87,1,0,7.0,2021-09-28,Colombia,No
CLI-001006,Bogotá,Estándar,Un año,Efectivo,66,50.65,3386.27,3,0,9.9,2022-03-13,Colombia,Sí
CLI-000884,Cali,Estándar,Dos años,Débito automático,12,65.29,714.38,0,1,6.6,2020-03-10,Colombia,No
CLI-001451,Bogotá,Básico,Un año,Transferencia,21,57.88,,2,0,6.2,2021-01-18,Colombia,No
CLI-001258,Bucaramanga,Estándar,Mes a mes,Débito automático,40,74.05,3216.3,1,0,6.9,2022-09-04,Colombia,No
CLI-000340,Bogotá,Básico,Mes a mes,Tarjeta,68,58.92,3611.65,1,0,5.6,2020-10-04,Colombia,No
CLI-001367, bogotá ,Básico,Un año,Transferencia,22,116.05,2315.64,0,1,4.4,2022-08-13,Colombia,Sí
CLI-000671,Barranquilla,Básico,Mes a mes,Transferencia,68,72.45,5365.09,1,1,10.0,2022-05-12,Colombia,No
CLI-000865,Cali,Premium,Mes a mes,Tarjeta,61,18.0,1016.99,2,1,7.9,2021-09-27,Colombia,No
CLI-000771,Bucaramanga,Estándar,Un año,Transferencia,47,82.13,4059.04,2,0,8.3,2020-12-27,Colombia,No
CLI-002468,Bogotá,Estándar,Mes a mes,Transferencia,49,34.46,1668.99,0,1,,2022-07-13,Colombia,No
CLI-002034,Medellín,Básico,Mes a mes,Tarjeta,49,76.04,3664.7,0,0,4.7,2019-03-06,Colombia,No
CLI-002265,Bucaramanga,Básico,Mes a mes,Efectivo,8,67.48,515.9,2,0,7.4,2020-03-09,Colombia,Sí
CLI-001755,Cali,Estándar,Mes a mes,Débito automático,45,95.42,4246.0,1,1,6.3,2020-08-12,Colombia,No
CLI-002669,Medellín,Estándar,Mes a mes,Débito automático,6,64.65,418.97,1,1,6.9,2022-07-23,Colombia,No
CLI-001165,Bucaramanga,Básico,Mes a mes,Tarjeta,37,56.2,2069.58,1,1,6.1,2021-08-08,Colombia,Sí
CLI-000898,Bogotá,Premium,Un año,Tarjeta,4,78.1,297.47,1,1,10.0,2021-09-08,Colombia,No
CLI-001939, bogotá ,Estándar,Mes a mes,Efectivo,69,23.54,1697.76,1,0,5.5,2023-04-25,Colombia,No
CLI-001468,Cali,Premium,Mes a mes,,28,76.92,2100.43,0,0,7.2,2020-07-08,Colombia,No
CLI-002831,Cali,Premium,Un año,Efectivo,66,58.95,3968.35,0,1,5.3,2023-09-05,Colombia,No
CLI-001679,Bogotá,Básico,Un año,Tarjeta,66,83.44,5424.25,1,1,7.1,2019-11-26,Colombia,No
CLI-001326,Bogotá,Premium,Dos años,Débito automático,14,72.36,927.64,0,0,5.8,2021-07-28,Colombia,No
CLI-000355,Cali,Básico,Un año,Transferencia,69,74.25,5145.63,0,1,5.3,2021-03-12,Colombia,No
CLI-002839,Cali,Básico,Un año,Débito automático,16,111.94,1949.2,0,1,8.7,2020-06-07,Colombia,Sí
CLI-000921,Medellín,Premium,Un año,Tarjeta,62,63.16,4265.47,1,1,5.2,2022-12-02,Colombia,No
CLI-002748,Medellín,Estándar,Dos años,Tarjeta,58,92.19,5263.66,2,1,6.9,2022-08-25,Colombia,No
CLI-002540,Cali,Básico,Mes a mes,Débito automático,36,38.67,1461.33,2,1,4.3,2023-03-24,Colombia,No
CLI-002085,Bogotá,Básico,Dos años,Efectivo,10,63.34,629.23,2,1,4.6,2019-09-07,Colombia,No
CLI-001869,Medellín,Estándar,Mes a mes,Tarjeta,3,53.15,159.66,2,0,5.7,2022-01-03,Colombia,Sí
CLI-002177,Cali,Premium,Un año,Efectivo,8,63.41,487.5,0,0,7.5,2020-11-27,Colombia,No
CLI-002441,Bogotá,Básico,Un año,Tarjeta,26,86.06,2431.68,2,0,5.1,2020-07-01,Colombia,No
CLI-000059,Bogotá,,Dos años,Tarjeta,53,62.12,3107.7,0,0,4.2,2021-06-21,Colombia,No
CLI-001685,Barranquilla,Básico,Mes a mes,Tarjeta,26,60.06,1545.61,0,1,10.0,2022-09-17,Colombia,No
CLI-002095,Barranquilla,Premium,Mes a mes,Débito automático,12,93.17,1068.02,2,0,8.0,2022-10-31,Colombia,Sí
CLI-001983,Bogotá,Básico,Mes a mes,Débito automático,4,71.6,313.41,0,1,9.2,2019-05-30,Colombia,No
CLI-001660,Bogotá,Básico,Dos años,Tarjeta,19,38.78,770.83,2,0,4.0,2023-08-03,Colombia,No
CLI-000215, bogotá ,Estándar,Mes a mes,Transferencia,53,64.31,3519.36,1,1,7.5,2019-03-08,Colombia,No
CLI-000804,Bogotá,Básico,Un año,Tarjeta,66,65.13,4112.07,0,0,5.5,2019-09-22,Colombia,No
CLI-001145,Bogotá,Básico,Mes a mes,Tarjeta,24,99.47,2520.75,0,1,5.7,2020-09-10,Colombia,Sí
CLI-001284,Bogotá,Básico,Un año,Tarjeta,57,25.59,,1,0,7.2,2020-02-25,Colombia,No
CLI-001569,Bogotá,Premium,Mes a mes,Tarjeta,65,48.98,,0,1,10.0,2022-04-01,Colombia,No
CLI-002269,Medellín,Premium,Mes a mes,Débito automático,9,77.05,638.26,0,0,8.7,2021-07-06,Colombia,No
CLI-000632,Cali,Premium,Mes a mes,Débito automático,24,85.74,2050.31,3,1,6.3,2020-04-12,Colombia,No
CLI-002442,Cali,Estándar,Un año,Efectivo,1,86.56,93.15,0,1,2.6,2019-10-28,Colombia,No
CLI-000454,Barranquilla,Estándar,Mes a mes,Tarjeta,2,18.0,,2,0,7.2,2023-08-17,Colombia,Sí
CLI-001721,Bogotá,Estándar,Mes a mes,Tarjeta,7,45.32,287.62,3,0,,2023-05-05,Colombia,No
CLI-002306,Medellín,Básico,Mes a mes,Débito automático,7,99.24,660.36,2,1,8.5,2020-01-23,Colombia,Sí
CLI-000890,Bogotá,Premium,Un año,Efectivo,20,88.74,1648.85,2,0,7.2,2020-05-28,Colombia,No
CLI-000214,Medellín,Estándar,Mes a mes,Efectivo,32,81.25,2562.37,1,1,5.8,2022-02-01,Colombia,No
CLI-002432,Bogotá,Básico,Dos años,Efectivo,38,34.66,1233.8,0,0,10.0,2021-10-29,Colombia,No
CLI-002330,Bucaramanga,Estándar,Mes a mes,Débito automático,11,57.68,628.32,2,1,4.3,2021-04-21,Colombia,Sí
CLI-001125,Medellín,Premium,Un año,Tarjeta,60,81.51,4792.89,0,0,7.4,2023-12-05,Colombia,No
CLI-000342,Bogotá,Estándar,Un año,Débito automático,21,81.06,1658.36,2,1,,2021-10-21,Colombia,No
CLI-000148,Medellín,Básico,Un año,Efectivo,17,74.88,1260.58,1,0,9.6,2023-10-02,Colombia,No
CLI-002364,Medellín,,Mes a mes,Débito automático,9,64.73,,0,0,,2019-12-19,Colombia,Sí
CLI-002727,Bogotá,Básico,Mes a mes,Débito automático,10,79.99,817.44,1,0,5.0,2019-05-08,Colombia,No
CLI-001085,Medellín,Estándar,Mes a mes,Transferencia,15,68.86,981.15,1,1,5.4,2021-05-01,Colombia,Sí
CLI-000735,Medellín,Premium,Un año,Débito automático,15,74.33,1087.86,0,1,6.3,2020-07-09,Colombia,No
CLI-000218,Medellín,Estándar,Mes a mes,Transferencia,7,79.11,532.43,1,1,7.7,2023-07-16,Colombia,No
CLI-001352,Bogotá,Básico,Mes a mes,Débito automático,28,60.89,1842.05,2,0,5.7,2021-11-06,Colombia,Sí
CLI-000453,Medellín,Estándar,Mes a mes,Débito automático,36,83.8,3204.76,0,1,6.8,2022-12-13,Colombia,No
CLI-001826,Bucaramanga,Estándar,Mes a mes,Efectivo,65,95.23,6551.83,0,0,,2023-02-06,Colombia,No
CLI-002592,Bogotá,Básico,Mes a mes,Transferencia,27,67.52,1777.55,0,1,6.8,2020-05-28,Colombia,No
CLI-001380,Bucaramanga,Básico,Mes a mes,Débito automático,39,71.88,2720.59,0,1,6.2,2020-07-20,Colombia,No
CLI-001078,Cali,Premium,Mes a mes,Tarjeta,12,29.45,345.96,1,1,8.6,2020-04-08,Colombia,No
CLI-000893,Bucaramanga,Estándar,Mes a mes,Débito automático,38,69.07,2594.64,2,1,6.5,2019-03-07,Colombia,No
CLI-001962,Medellín,Premium,Dos años,Efectivo,71,67.12,5084.52,2,1,7.5,2020-10-25,Colombia,No
CLI-002245,Medellín,Premium,Un año,Efectivo,51,83.06,4351.43,0,1,7.4,2021-12-24,Colombia,No
CLI-002110,Bogotá,Premium,Mes a mes,Efectivo,21,91.27,1799.86,4,1,7.3,2020-04-07,Colombia,Sí
CLI-001809,Bucaramanga,Premium,Un año,Efectivo,7,62.17,462.2,2,0,3.4,2021-05-01,Colombia,No
CLI-001424,Bucaramanga,Premium,Mes a mes,Tarjeta,48,98.52,4544.82,1,1,5.0,2020-09-09,Colombia,No
CLI-002057,Bogotá,Estándar,Dos años,Débito automático,53,81.16,4150.86,0,0,3.6,2021-05-11,Colombia,No
CLI-002163, bogotá ,Básico,Mes a mes,Débito automático,29,47.91,1464.21,1,1,10.0,2020-01-15,Colombia,No
CLI-002133,Cali,Estándar,Un año,Transferencia,37,115.02,4625.01,1,0,7.8,2021-08-06,Colombia,No
CLI-002400,Bogotá,Premium,Mes a mes,Tarjeta,53,79.87,3982.56,0,0,6.8,2023-07-08,Colombia,No
CLI-002902,Bogotá,Estándar,Mes a mes,Débito automático,57,78.47,4459.35,2,1,7.4,2020-08-07,Colombia,No
CLI-002460,Bucaramanga,Básico,Un año,Tarjeta,5,79.88,438.86,0,1,7.2,2019-12-27,Colombia,No
CLI-000984,Barranquilla,Estándar,Mes a mes,Transferencia,47,88.49,4498.6,0,1,7.4,2021-05-09,Colombia,No
CLI-000076,Bogotá,Básico,Mes a mes,Transferencia,34,46.01,1467.58,0,0,8.6,2023-11-17,Colombia,No
CLI-002247,Cali,Estándar,Un año,Transferencia,41,65.54,2914.69,0,0,8.3,2023-07-31,Colombia,No
CLI-001911,Bogotá,Premium,Un año,Débito automático,6,63.62,413.11,2,0,7.4,2019-09-30,Colombia,No
CLI-002168,Cali,Premium,Mes a mes,Efectivo,60,46.85,2645.01,0,1,,2023-11-28,Colombia,No
CLI-000763,Bogotá,Estándar,Un año,Débito automático,68,72.15,,1,0,6.7,2020-06-29,Colombia,No
CLI-002684, bogotá ,Premium,Dos años,Tarjeta,58,60.48,3773.57,1,1,10.0,2022-08-10,Colombia,No
CLI-000151,Cali,Premium,Dos años,Transferencia,61,77.21,4637.17,1,1,5.1,2019-10-20,Colombia,No
CLI-002410,Bogotá,Estándar,Dos años,Tarjeta,2,84.07,,0,1,2.9,2021-09-23,Colombia,No
CLI-002946,Bucaramanga,Estándar,Dos años,Transferencia,8,101.75,752.13,1,1,5.6,2019-09-21,Colombia,No
CLI-001328,Medellín,Básico,Un año,Tarjeta,7,68.59,507.72,1,1,6.4,2022-05-30,Colombia,No
CLI-002404,Cali,Básico,Dos años,Efectivo,40,111.07,4251.35,1,1,9.0,2023-06-16,Colombia,No
CLI-000485,Bogotá,Básico,Un año,Débito automático,33,60.51,1957.68,0,0,5.6,2023-09-18,Colombia,No
CLI-001839,Bogotá,Estándar,Mes a mes,Débito automático,16,58.97,1010.28,2,0,4.4,2021-05-24,Colombia,No
CLI-000982,Bogotá,Premium,Mes a mes,Transferencia,50,84.28,4165.23,3,1,5.7,2023-10-11,Colombia,No
CLI-000736,Medellín,Básico,Mes a mes,Débito automático,48,23.59,,1,1,8.5,2019-11-03,Colombia,No
CLI-001167,Bucaramanga,Premium,Mes a mes,Débito automático,2,103.83,194.38,1,1,7.7,2019-07-25,Colombia,Sí
CLI-000650,Bogotá,Básico,Mes a mes,Débito automático,61,75.28,4723.94,0,1,3.3,2021-05-13,Colombia,No
CLI-002868,Bogotá,Básico,Dos años,Transferencia,12,81.8,967.88,0,1,8.4,2021-04-29,Colombia,No
CLI-002934,Bogotá,Básico,Un año,Transferencia,31,46.92,1569.77,4,1,8.5,2022-02-14,Colombia,No
CLI-002464,Bucaramanga,Estándar,Mes a mes,Transferencia,42,86.65,3852.27,2,1,8.2,2021-09-16,Colombia,No
CLI-000570,Medellín,Básico,Mes a mes,Efectivo,41,58.05,2550.11,1,0,7.5,2023-11-02,Colombia,Sí
CLI-002533,Cali,Básico,Mes a mes,Transferencia,66,62.38,4333.16,0,1,9.6,2019-08-15,Colombia,No
CLI-002554,Bogotá,Básico,Mes a mes,Efectivo,14,113.07,1600.4,1,0,9.0,2022-04-20,Colombia,Sí
CLI-000518,Medellín,Premium,Un año,Tarjeta,5,75.43,406.49,2,1,3.3,2019-01-07,Colombia,Sí
CLI-002385,Medellín,Estándar,Mes a mes,Débito automático,14,72.15,1061.71,1,0,9.5,2020-04-15,Colombia,No
CLI-002158,Cali,Básico,Mes a mes,Tarjeta,45,52.47,2227.3,1,1,8.3,2019-06-24,Colombia,No
CLI-002423,Bogotá,Estándar,Mes a mes,Transferencia,8,78.09,624.81,1,0,10.0,2020-12-10,Colombia,No
CLI-002769,Bogotá,Premium,Dos años,Efectivo,34,53.29,1940.89,1,1,10.0,2022-09-16,Colombia,No
CLI-001338,Bogotá,Estándar,Mes a mes,Efectivo,22,63.56,,0,1,8.4,2019-04-27,Colombia,No
CLI-000193,Medellín,Básico,Un año,Transferencia,44,83.41,3927.52,0,1,,2021-12-01,Colombia,No
CLI-001055,Bogotá,Básico,Mes a mes,Efectivo,6,73.09,461.76,2,0,6.3,2019-01-11,Colombia,Sí
CLI-000972,Bogotá,Estándar,Dos años,Transferencia,30,95.69,2599.49,2,0,4.6,2022-12-25,Colombia,No
CLI-002204,Bogotá,Estándar,Mes a mes,Tarjeta,24,77.87,1722.77,1,0,10.0,2019-05-25,Colombia,No
CLI-002754,Barranquilla,Estándar,Mes a mes,Efectivo,47,66.67,3071.47,0,0,8.7,2020-07-28,Colombia,No
CLI-000073,Bogotá,Estándar,Un año,Transferencia,33,94.54,3413.3,1,1,3.0,2022-07-15,Colombia,No
CLI-001230,Bogotá,Básico,Mes a mes,Tarjeta,21,22.26,485.52,0,0,,2021-05-26,Colombia,No
CLI-000090,Barranquilla,Estándar,Dos años,Débito automático,60,79.89,4814.64,1,0,6.4,2022-08-01,Colombia,No
CLI-000856,Cali,Básico,Mes a mes,Transferencia,61,79.16,4762.78,1,0,4.7,2019-05-03,Colombia,No
CLI-000018,Barranquilla,Estándar,Un año,Tarjeta,10,33.57,307.71,2,1,7.3,2023-10-19,Colombia,No
CLI-001515,Cali,Premium,Mes a mes,Efectivo,18,72.98,1368.66,0,0,5.3,2022-03-24,Colombia,No
CLI-000665,Bogotá,Estándar,Mes a mes,Efectivo,43,69.3,2753.35,0,0,8.7,2022-01-23,Colombia,No
CLI-001692,Medellín,Básico,Dos años,Transferencia,64,47.28,2941.46,1,0,7.1,2023-04-17,Colombia,No
CLI-001039,Barranquilla,,Mes a mes,Débito automático,32,56.3,1656.06,3,1,6.9,2022-06-12,Colombia,No
CLI-000116,Bucaramanga,Estándar,Dos años,Débito automático,41,38.44,1651.14,2,1,10.0,2023-10-07,Colombia,No
CLI-002212,Cali,Premium,Mes a mes,Tarjeta,55,83.17,4539.17,1,0,8.9,2023-07-18,Colombia,No
CLI-000944,Cali,,Un año,Efectivo,34,52.56,1922.11,0,0,,2019-10-05,Colombia,Sí
CLI-001063,Bogotá,Estándar,Un año,Tarjeta,11,64.66,675.97,0,1,,2019-02-17,Colombia,No
CLI-000682,Medellín,Estándar,Mes a mes,Tarjeta,10,61.7,573.64,1,1,5.6,2020-04-19,Colombia,Sí
CLI-002130,Bucaramanga,Básico,Mes a mes,Tarjeta,23,56.32,1393.34,3,0,6.2,2023-07-12,Colombia,No
CLI-000263,Bogotá,Básico,Mes a mes,Transferencia,22,53.43,1268.64,3,1,7.6,2021-05-04,Colombia,No
CLI-000525,Bogotá,,Un año,Efectivo,23,50.35,1053.08,2,0,,2022-11-20,Colombia,No
CLI-002597,Bogotá,Premium,Mes a mes,Transferencia,36,91.65,3274.24,1,1,5.7,2020-06-05,Colombia,No
CLI-002548,Bogotá,Premium,Mes a mes,Efectivo,42,81.74,3249.43,2,1,3.4,2022-05-03,Colombia,Sí
CLI-002036,Cali,Básico,Mes a mes,Tarjeta,61,68.96,4593.16,2,1,,2022-11-01,Colombia,No
CLI-002044,Medellín,Estándar,Mes a mes,Débito automático,54,40.24,2351.06,0,1,7.6,2022-01-27,Colombia,No
CLI-000299,Bogotá,Básico,Mes a mes,Efectivo,21,44.23,879.63,1,0,6.8,2023-06-02,Colombia,Sí
CLI-002494,Barranquilla,Premium,Dos años,Transferencia,44,59.81,2567.99,4,0,9.1,2021-06-19,Colombia,No
CLI-001698,Bogotá,Básico,Un año,Transferencia,11,63.41,645.57,5,1,,2022-12-28,Colombia,Sí
CLI-000842,Medellín,Básico,Mes a mes,Débito automático,47,47.75,2427.19,2,0,6.3,2023-08-13,Colombia,No
CLI-002938,Bogotá,Básico,Un año,Tarjeta,52,58.39,2794.19,3,1,8.5,2020-09-28,Colombia,No
CLI-000513,Bucaramanga,Básico,Dos años,,60,72.62,4256.64,1,1,9.5,2020-03-23,Colombia,No
CLI-000038,Barranquilla,Básico,Mes a mes,Transferencia,59,41.25,2507.05,0,1,4.8,2023-11-21,Colombia,Sí
CLI-002452,Bogotá,Estándar,Mes a mes,Débito automático,64,130.56,7672.92,1,0,6.7,2020-04-10,Colombia,Sí
CLI-000768,Medellín,Estándar,Mes a mes,Efectivo,35,84.48,2842.67,0,0,8.9,2023-05-27,Colombia,No
CLI-000751,Bogotá,Estándar,Mes a mes,Efectivo,69,89.76,6198.52,4,1,2.1,2021-07-14,Colombia,Sí
CLI-000399,Medellín,Básico,Un año,Débito automático,20,79.83,1650.61,1,1,6.8,2022-03-14,Colombia,No
CLI-001492,Bogotá,Premium,Mes a mes,Tarjeta,35,88.87,3194.64,0,1,9.8,2020-10-24,Colombia,No
CLI-001538,Medellín,Básico,Mes a mes,Tarjeta,8,128.28,962.85,0,1,9.7,2019-06-18,Colombia,No
CLI-001228,Bucaramanga,Estándar,Dos años,Débito automático,70,64.01,4724.97,2,1,,2021-10-13,Colombia,No
CLI-001484,Bogotá,Básico,Un año,,8,62.66,509.1,2,0,4.5,2019-01-25,Colombia,No
CLI-001339,Medellín,Estándar,Un año,Transferencia,56,84.33,5008.56,1,0,8.8,2019-11-04,Colombia,No
CLI-002921,Medellín,Premium,Dos años,Débito automático,24,118.62,2640.79,2,1,8.5,2021-03-23,Colombia,No
CLI-002089,Barranquilla,Estándar,Un año,Transferencia,22,50.98,,2,0,5.6,2021-08-20,Colombia,No
CLI-000396,Bucaramanga,Premium,Mes a mes,Transferencia,63,52.7,3280.04,0,1,4.4,2023-03-16,Colombia,No
CLI-000095,Bogotá,Premium,Dos años,Efectivo,64,35.6,2488.71,2,0,6.1,2019-02-22,Colombia,No
CLI-000753,Bogotá,Estándar,Mes a mes,Tarjeta,7,102.29,684.36,1,0,7.8,2019-12-05,Colombia,No
CLI-000741,Bogotá,Premium,Un año,Transferencia,59,56.51,3204.81,0,0,6.7,2019-07-16,Colombia,No
CLI-001097,Bogotá,Estándar,Un año,Tarjeta,60,18.0,1165.53,3,1,,2020-02-01,Colombia,No
CLI-002917,Medellín,,Dos años,Transferencia,45,32.16,1370.63,0,1,2.2,2023-11-15,Colombia,No
CLI-002334,Bucaramanga,Básico,Mes a mes,Transferencia,59,88.06,5567.25,1,0,5.8,2023-06-10,Colombia,No
CLI-001292,Bogotá,Básico,Mes a mes,Efectivo,61,60.16,3767.4,0,0,8.0,2019-09-19,Colombia,No
CLI-000922,Medellín,Estándar,Mes a mes,Efectivo,41,89.76,3656.55,0,1,5.7,2019-07-26,Colombia,No
CLI-002692,Bucaramanga,Premium,Un año,,44,106.36,4733.22,2,1,4.8,2023-04-05,Colombia,No
CLI-002280,Medellín,Estándar,Dos años,Efectivo,48,58.15,2734.97,1,1,8.2,2022-12-07,Colombia,No
CLI-002074,Bucaramanga,Básico,Un año,Efectivo,25,78.8,1840.17,2,0,7.9,2020-02-27,Colombia,No
CLI-000197,Bogotá,Básico,Mes a mes,Transferencia,25,79.71,1885.76,1,0,7.2,2023-09-28,Colombia,No
CLI-000408,Bogotá,Premium,Mes a mes,Tarjeta,11,86.96,976.34,1,1,3.8,2020-02-08,Colombia,Sí
CLI-000662,Cali,Básico,Mes a mes,Efectivo,53,71.11,3397.45,1,0,6.1,2021-12-29,Colombia,No
CLI-000579,Bogotá,Premium,Mes a mes,Transferencia,64,45.16,3057.59,2,1,8.9,2022-04-04,Colombia,No
CLI-001040,Barranquilla,,Un año,Efectivo,59,100.8,5583.22,1,1,6.4,2020-09-10,Colombia,No
CLI-001262,Bogotá,Básico,Un año,Débito automático,66,102.25,6172.17,1,0,8.5,2023-01-29,Colombia,No
CLI-002434,Medellín,Estándar,Mes a mes,Tarjeta,23,43.59,982.79,3,0,10.0,2023-11-05,Colombia,No
CLI-000318,Barranquilla,Básico,Un año,Efectivo,52,75.27,3790.27,0,0,7.4,2021-04-13,Colombia,No
CLI-001069,Cali,Estándar,Un año,Débito automático,24,97.06,2114.17,0,0,8.2,2020-01-14,Colombia,No
CLI-002854,Bogotá,Estándar,Mes a mes,Tarjeta,7,76.15,560.03,1,0,,2020-02-20,Colombia,Sí
CLI-001652,Barranquilla,Básico,Mes a mes,Tarjeta,2,100.39,218.13,0,1,8.3,2020-07-03,Colombia,Sí
CLI-001603,Bogotá,Básico,Mes a mes,Transferencia,59,131.8,8240.46,3,1,10.0,2021-04-13,Colombia,No
CLI-001058,Medellín,Premium,Dos años,Transferencia,55,105.9,5491.0,2,1,8.0,2023-06-29,Colombia,No
CLI-002298,Cali,Estándar,Un año,Tarjeta,35,38.2,1259.12,1,0,5.3,2021-05-31,Colombia,No
CLI-001082,Medellín,Estándar,Mes a mes,Débito automático,71,80.19,5720.66,1,0,5.3,2020-07-25,Colombia,No
CLI-000545,Bogotá,Estándar,Un año,Transferencia,60,34.88,2245.43,2,0,6.4,2022-07-04,Colombia,No
CLI-002396,Barranquilla,Estándar,Mes a mes,Transferencia,47,23.2,1180.99,1,1,7.1,2022-11-23,Colombia,No
CLI-000864,Cali,Premium,Un año,Tarjeta,55,70.29,3881.01,1,1,7.1,2022-04-16,Colombia,No
CLI-002624,Medellín,Estándar,Mes a mes,Débito automático,66,60.73,3915.59,0,0,9.8,2021-01-05,Colombia,No
CLI-000547,Bogotá,Básico,Mes a mes,Débito automático,31,67.65,1928.36,2,0,10.0,2023-03-01,Colombia,Sí
CLI-001253,Bucaramanga,Básico,Un año,Tarjeta,6,68.13,376.38,2,0,8.7,2022-10-05,Colombia,No
CLI-001353,Bogotá,Básico,Dos años,Transferencia,36,59.49,2108.36,3,1,5.6,2023-06-06,Colombia,No
CLI-002225,Bogotá,Básico,Un año,Tarjeta,29,43.75,1273.56,0,0,,2021-11-04,Colombia,No
CLI-001449,Bogotá,Estándar,Mes a mes,Tarjeta,53,40.02,2206.04,1,0,,2019-06-14,Colombia,Sí
CLI-002264,Medellín,Básico,Dos años,Débito automático,37,92.78,3512.51,1,1,4.6,2022-07-12,Colombia,No
CLI-002736,Medellín,Básico,Un año,Transferencia,10,48.92,534.88,1,1,6.2,2022-02-05,Colombia,No
CLI-000636,Cali,Premium,Mes a mes,Tarjeta,49,89.62,4189.13,1,1,6.1,2022-08-26,Colombia,No
CLI-002758,Barranquilla,Básico,Un año,Transferencia,46,81.94,3974.92,1,1,10.0,2019-05-31,Colombia,No
CLI-000591,Medellín,Básico,Mes a mes,Transferencia,57,89.17,5487.75,3,1,10.0,2019-05-21,Colombia,No
CLI-001033,Bogotá,Estándar,Un año,Efectivo,52,89.15,4736.45,2,1,7.9,2020-10-08,Colombia,No
CLI-001396,Bogotá,Básico,Un año,Débito automático,42,109.38,4689.19,2,0,,2023-05-29,Colombia,No
CLI-002196,Bogotá,Estándar,Un año,Tarjeta,58,78.7,4513.55,2,0,5.7,2023-10-20,Colombia,No
CLI-000109,Cali,Premium,Un año,Tarjeta,34,88.24,3268.32,2,0,7.8,2023-07-21,Colombia,No
CLI-000719,Medellín,Básico,Mes a mes,Transferencia,17,85.08,1365.25,2,1,4.7,2019-12-04,Colombia,Sí
CLI-002356,Cali,Premium,Dos años,Débito automático,27,51.7,1455.38,2,1,5.8,2019-09-06,Colombia,No
CLI-001579,Cali,Básico,Mes a mes,Tarjeta,9,49.13,486.18,1,0,4.1,2019-02-27,Colombia,Sí
CLI-001522,Cali,Estándar,Mes a mes,Tarjeta,51,108.63,5217.27,2,0,9.2,2020-02-16,Colombia,Sí
CLI-001539,Bucaramanga,Estándar,Mes a mes,Débito automático,51,90.49,4644.01,1,0,6.7,2022-11-19,Colombia,No
CLI-000869,Medellín,Estándar,Mes a mes,Tarjeta,32,74.24,2430.1,0,0,,2020-08-23,Colombia,Sí
CLI-002651,Medellín,Básico,Un año,Débito automático,63,83.97,5048.99,0,1,,2020-10-20,Colombia,No
CLI-000934,Barranquilla,Básico,Mes a mes,Débito automático,47,77.72,3906.8,2,0,3.8,2020-02-25,Colombia,No
CLI-000713,Bogotá,Estándar,Dos años,Efectivo,52,62.51,3110.31,2,0,10.0,2019-07-14,Colombia,No
CLI-000288,Bucaramanga,Estándar,Un año,Transferencia,41,77.85,3017.84,1,0,8.8,2023-09-04,Colombia,No
CLI-002284,Bogotá,Estándar,Dos años,Débito automático,56,85.8,4521.85,1,1,7.0,2019-07-06,Colombia,No
CLI-001392,Bogotá,Estándar,Mes a mes,Transferencia,38,105.77,4220.16,1,1,7.8,2022-07-09,Colombia,No
CLI-002789,Cali,Básico,Mes a mes,Tarjeta,1,54.32,52.08,0,0,,2022-02-18,Colombia,No
CLI-001765,Medellín,Estándar,Mes a mes,Débito automático,41,76.38,2991.73,0,1,5.2,2022-02-02,Colombia,No
CLI-001873,Bogotá,Básico,Un año,Débito automático,43,22.86,1028.35,1,0,7.8,2021-09-26,Colombia,No
CLI-001276,Bucaramanga,Estándar,Mes a mes,Transferencia,51,59.93,3192.75,0,1,10.0,2022-11-23,Colombia,No
CLI-001865,Barranquilla,Básico,Mes a mes,Transferencia,60,92.75,6004.5,1,1,8.8,2022-12-01,Colombia,No
CLI-000745,Barranquilla,Estándar,Mes a mes,Tarjeta,57,97.02,5041.92,0,0,8.7,2022-04-26,Colombia,No
CLI-002190,Bogotá,Básico,Mes a mes,Débito automático,42,71.29,3049.27,1,0,7.5,2020-11-16,Colombia,Sí
CLI-002788,Bogotá,Premium,Un año,Transferencia,5,82.52,382.8,1,1,8.8,2020-01-22,Colombia,No
CLI-001648,Barranquilla,Premium,Un año,Efectivo,48,73.29,3848.28,0,0,7.3,2021-04-29,Colombia,Sí
CLI-000201,Medellín,Estándar,Dos años,Efectivo,27,129.67,3396.99,1,1,9.4,2022-03-26,Colombia,No
CLI-002817,Bogotá,Básico,Mes a mes,Débito automático,48,89.15,4099.68,1,1,8.7,2023-06-25,Colombia,No
CLI-001531,Bogotá,Básico,Mes a mes,Transferencia,7,86.02,653.28,0,1,9.5,2019-03-07,Colombia,Sí
CLI-002799,Cali,Básico,Mes a mes,Efectivo,51,107.78,,2,1,5.9,2023-04-02,Colombia,Sí
CLI-002395,Barranquilla,Premium,Un año,Tarjeta,34,72.29,2575.94,2,0,4.6,2019-03-21,Colombia,Sí
CLI-001391,Medellín,Premium,Mes a mes,Transferencia,22,66.12,1577.58,0,0,9.8,2022-07-28,Colombia,No
CLI-001454,Cali,Estándar,Mes a mes,Efectivo,18,18.0,324.06,3,1,5.2,2021-07-28,Colombia,No
CLI-000526,Cali,Estándar,Mes a mes,Débito automático,23,62.75,1584.74,2,1,9.6,2023-05-05,Colombia,No
CLI-001413,Cali,Estándar,Mes a mes,Transferencia,18,43.16,818.6,0,1,7.8,2019-04-23,Colombia,No
CLI-001727,Bogotá,Básico,Un año,Transferencia,68,45.47,2807.61,1,0,6.5,2019-06-18,Colombia,No
CLI-002172,Bogotá,Estándar,Mes a mes,Tarjeta,53,99.77,4776.41,2,0,,2019-11-17,Colombia,No
CLI-000808,Barranquilla,Básico,Un año,Efectivo,8,64.64,478.0,1,0,10.0,2022-11-18,Colombia,Sí
CLI-000507,Barranquilla,Premium,Mes a mes,Transferencia,38,75.96,3144.12,0,1,7.1,2020-04-27,Colombia,No
CLI-000480,Cali,Estándar,Mes a mes,Efectivo,8,49.96,393.08,0,0,4.8,2019-02-03,Colombia,No
CLI-000688,Barranquilla,Estándar,Mes a mes,Tarjeta,43,93.41,,1,0,5.6,2019-04-01,Colombia,No
CLI-001068,Cali,Estándar,Dos años,Tarjeta,46,60.71,2777.59,1,1,9.3,2023-03-14,Colombia,No
CLI-002997,Bogotá,Básico,Mes a mes,Débito automático,22,54.45,1266.41,3,0,7.3,2019-11-27,Colombia,Sí
CLI-000397,Bogotá,Premium,Mes a mes,Efectivo,4,65.78,,2,1,2.0,2021-03-09,Colombia,Sí
CLI-002317,Bogotá,Estándar,Mes a mes,Débito automático,7,47.34,332.41,0,1,4.4,2022-05-20,Colombia,Sí
CLI-001521,Medellín,Estándar,Un año,Transferencia,62,67.76,4230.14,0,1,8.5,2022-04-20,Colombia,No
CLI-001322,Bogotá,Básico,Mes a mes,Tarjeta,20,53.47,979.2,3,1,6.4,2023-03-11,Colombia,Sí
CLI-002723,Medellín,Básico,Mes a mes,Débito automático,9,34.57,298.5,0,1,9.0,2023-05-22,Colombia,No
CLI-002393,Barranquilla,Básico,Un año,Efectivo,44,36.15,1542.34,0,1,8.1,2021-04-29,Colombia,No
CLI-001325,Bogotá,Básico,Mes a mes,Débito automático,62,79.62,5425.99,0,0,,2020-03-21,Colombia,No
CLI-000603,Medellín,,Un año,Transferencia,53,76.82,4135.58,2,1,6.1,2023-08-04,Colombia,No
CLI-000241,Bogotá,Premium,Mes a mes,Tarjeta,10,41.8,382.13,1,0,8.8,2022-03-09,Colombia,No
CLI-000980,Bogotá,Estándar,Mes a mes,Tarjeta,41,66.76,2745.74,3,0,5.6,2021-08-06,Colombia,Sí
CLI-000449,Bogotá,Básico,Un año,Débito automático,37,58.25,,0,0,8.1,2020-12-17,Colombia,No
CLI-000837,Bogotá,Básico,Mes a mes,Efectivo,58,134.31,8123.35,0,1,7.2,2022-03-07,Colombia,No
CLI-002499,Bogotá,Estándar,Un año,Transferencia,3,54.28,,2,0,9.3,2021-07-13,Colombia,No
CLI-000014,Bogotá,Básico,Un año,Transferencia,55,18.0,926.51,4,1,10.0,2023-07-29,Colombia,No
CLI-000394,Bucaramanga,Premium,Mes a mes,Tarjeta,43,86.8,3748.38,0,0,9.7,2023-06-13,Colombia,No
CLI-002157,Bogotá,,Un año,Transferencia,32,99.79,3084.67,2,1,5.7,2020-07-07,Colombia,No
CLI-001788,Cali,Estándar,Un año,Efectivo,8,36.25,266.96,0,1,8.7,2021-08-04,Colombia,No
CLI-002622,Bogotá,Estándar,Mes a mes,Transferencia,28,91.52,2511.54,0,1,5.2,2020-08-29,Colombia,No
CLI-001875,Medellín,Básico,Dos años,Débito automático,30,71.41,2194.32,0,0,10.0,2020-04-01,Colombia,No
CLI-000377,Bogotá,Estándar,Un año,Transferencia,53,75.49,3822.68,2,1,9.1,2021-12-08,Colombia,No
CLI-002092,Barranquilla,Estándar,Dos años,Efectivo,24,40.38,937.26,1,1,,2020-02-08,Colombia,No
CLI-000264,Bogotá,Básico,Un año,Efectivo,66,118.07,7118.67,3,1,7.4,2021-03-23,Colombia,No
CLI-000616,Bogotá,Básico,Dos años,Débito automático,46,37.85,1832.79,0,0,6.9,2021-10-24,Colombia,No
CLI-000504,Medellín,Estándar,Un año,Tarjeta,62,64.1,4321.93,1,1,6.4,2021-12-29,Colombia,No
CLI-000058,Bogotá,Estándar,Mes a mes,Efectivo,11,102.8,1049.97,3,1,,2020-07-29,Colombia,No
CLI-002925,Barranquilla,Premium,Dos años,Tarjeta,31,88.06,2765.58,3,1,5.3,2020-10-07,Colombia,No
CLI-002327,Cali,,Mes a mes,Débito automático,25,61.77,,1,0,10.0,2021-04-24,Colombia,No
CLI-000267,Bogotá,Básico,Un año,Efectivo,32,46.49,1493.09,1,0,3.1,2021-02-25,Colombia,No
CLI-001477,Cali,Básico,Mes a mes,Efectivo,35,25.83,920.65,1,1,8.9,2022-09-25,Colombia,No
CLI-002716,Bogotá,Estándar,Mes a mes,Débito automático,33,57.23,1718.11,0,1,7.2,2020-06-30,Colombia,No
CLI-000233,Bogotá,Básico,Mes a mes,Transferencia,2,35.45,72.61,1,1,8.7,2020-10-08,Colombia,No
CLI-001956,Barranquilla,Estándar,Mes a mes,Tarjeta,29,71.64,2088.63,0,0,10.0,2019-02-27,Colombia,No
CLI-002443,Bogotá,Estándar,Un año,Transferencia,1,31.94,,2,0,9.0,2019-03-18,Colombia,No
CLI-002709,Barranquilla,Premium,Un año,Débito automático,52,67.65,3534.31,0,0,1.6,2019-01-15,Colombia,No
CLI-001091,Cali,Básico,Mes a mes,Transferencia,36,28.02,1059.9,2,1,6.1,2019-02-21,Colombia,No
CLI-001732,Bogotá,Básico,Mes a mes,Tarjeta,65,49.45,3495.75,2,1,6.6,2021-02-17,Colombia,No
CLI-001124,Medellín,Estándar,Mes a mes,Transferencia,18,78.5,1304.66,2,1,7.4,2021-09-23,Colombia,No
CLI-001581,Bogotá,Básico,Un año,Tarjeta,22,101.49,2231.16,1,1,6.6,2023-08-01,Colombia,Sí
CLI-001180,Cali,Básico,Mes a mes,Transferencia,2,55.37,121.09,0,1,6.7,2022-12-08,Colombia,No
CLI-000786,Bogotá,Básico,Dos años,Tarjeta,42,54.49,2216.7,1,1,7.9,2020-05-27,Colombia,No
CLI-002821,Cali,Básico,Mes a mes,Transferencia,39,105.21,4130.53,0,0,9.7,2022-03-21,Colombia,No
CLI-000174,Medellín,Básico,Un año,Transferencia,52,69.57,3632.15,3,1,6.0,2019-11-29,Colombia,No
CLI-000142,Cali,,Mes a mes,Tarjeta,16,98.32,1636.25,0,1,10.0,2021-08-02,Colombia,No
CLI-000205,Bogotá,Estándar,Un año,Débito automático,33,99.78,3153.53,1,1,5.3,2019-10-20,Colombia,No
CLI-002068,Bucaramanga,Premium,Mes a mes,Efectivo,65,36.91,2181.83,2,1,7.1,2022-12-03,Colombia,Sí
CLI-001293,Barranquilla,Estándar,Mes a mes,Débito automático,32,29.52,912.08,2,0,6.9,2022-09-29,Colombia,No
CLI-002079,Barranquilla,Estándar,Un año,Tarjeta,19,91.58,1704.71,1,1,7.2,2020-11-28,Colombia,No
CLI-001887,Barranquilla,Básico,Mes a mes,Efectivo,47,76.42,3709.35,2,1,8.5,2022-03-06,Colombia,Sí
CLI-002372,Bogotá,Básico,Mes a mes,Transferencia,59,123.59,7852.12,0,0,5.7,2021-09-14,Colombia,No
CLI-001981,Bogotá,Premium,Dos años,Tarjeta,47,119.56,5740.29,1,1,7.4,2021-10-26,Colombia,No
CLI-000682,Medellín,Estándar,Mes a mes,Tarjeta,10,61.7,573.64,1,1,5.6,2020-04-19,Colombia,Sí
CLI-002021,Bucaramanga,Básico,Mes a mes,Débito automático,22,57.53,1348.79,2,1,7.7,2022-06-10,Colombia,No
CLI-002221,Cali,Estándar,Mes a mes,Efectivo,68,54.17,3661.81,0,0,7.0,2022-09-20,Colombia,No
CLI-000846,Medellín,Básico,Un año,,1,57.67,54.11,0,0,4.4,2020-07-30,Colombia,No
CLI-000891,Bucaramanga,Básico,Mes a mes,Transferencia,8,86.29,685.9,0,1,5.5,2019-12-26,Colombia,Sí
CLI-001700,Cali,Básico,Dos años,Débito automático,69,52.54,3697.17,1,0,7.2,2023-05-13,Colombia,No
CLI-001833,Bogotá,Estándar,Mes a mes,Débito automático,42,57.63,2609.37,1,1,2.9,2022-04-13,Colombia,Sí
CLI-001822,Bogotá,Estándar,Mes a mes,Tarjeta,55,89.22,4776.18,3,1,9.6,2020-10-12,Colombia,No
CLI-000790,Bucaramanga,Básico,Mes a mes,Transferencia,1,99.14,94.85,1,0,9.5,2022-05-27,Colombia,Sí
CLI-002319,Barranquilla,Básico,Un año,Débito automático,61,68.22,4450.06,1,0,6.2,2020-09-02,Colombia,Sí
CLI-001486,Cali,Estándar,Un año,Débito automático,62,75.68,4298.21,2,1,6.1,2021-07-21,Colombia,No
CLI-001059,Cali,Estándar,Un año,Débito automático,31,83.88,2638.03,0,0,8.0,2019-05-27,Colombia,No
CLI-002950,Barranquilla,Estándar,Un año,Efectivo,37,27.56,1059.28,2,0,4.3,2019-02-18,Colombia,Sí
CLI-002509,Cali,Estándar,Dos años,Tarjeta,29,54.55,1631.42,2,1,4.6,2021-11-16,Colombia,No
CLI-000269,Cali,Estándar,Un año,Transferencia,44,71.83,2906.9,2,1,8.7,2021-10-02,Colombia,No
CLI-002248,Barranquilla,Básico,Mes a mes,Débito automático,13,84.92,1119.67,1,1,7.5,2020-10-12,Colombia,Sí
CLI-001509,Bogotá,Estándar,Dos años,Débito automático,62,120.79,8041.96,2,0,8.1,2021-09-29,Colombia,No
CLI-000512,Medellín,Estándar,Dos años,Tarjeta,53,62.33,3615.16,0,1,6.2,2022-06-16,Colombia,No
CLI-002188,Bogotá,,Mes a mes,Efectivo,19,60.17,1076.82,0,1,8.0,2022-03-24,Colombia,Sí
CLI-001662,Bogotá,Premium,Un año,Débito automático,44,74.64,3206.89,1,1,8.5,2022-11-18,Colombia,Sí
CLI-000101,Bogotá,Básico,Un año,Tarjeta,60,60.2,3480.94,0,1,6.5,2021-04-27,Colombia,No
CLI-000013,Bogotá,Básico,Mes a mes,Transferencia,53,69.66,3627.15,1,0,,2022-08-27,Colombia,No
CLI-000645,Medellín,Estándar,Mes a mes,Efectivo,55,63.01,3480.2,0,1,6.2,2020-05-17,Colombia,No
CLI-001627,Cali,Estándar,Un año,Efectivo,42,40.96,1649.1,0,0,8.0,2020-08-27,Colombia,No
CLI-000779,Bogotá,Estándar,Mes a mes,Débito automático,20,47.44,898.68,1,0,7.5,2019-05-22,Colombia,No
CLI-002497,Bogotá,Estándar,Mes a mes,Transferencia,57,51.0,3046.96,1,0,8.3,2021-05-01,Colombia,No
CLI-002090,Bogotá,Básico,Mes a mes,Débito automático,2,84.21,170.39,1,0,8.4,2023-03-29,Colombia,Sí
CLI-002914,Bogotá,Estándar,Dos años,Efectivo,17,114.29,1799.66,0,0,4.9,2023-03-10,Colombia,No
CLI-002178,Medellín,Estándar,Mes a mes,Tarjeta,35,103.41,3523.28,1,0,6.6,2020-03-02,Colombia,Sí
CLI-001378,Bogotá,Básico,Un año,Tarjeta,54,75.77,3684.7,2,1,8.6,2022-08-01,Colombia,No
CLI-001135,Cali,Básico,Mes a mes,Débito automático,44,29.8,1202.31,1,1,4.9,2021-01-10,Colombia,No
CLI-002479,Bogotá,Premium,Mes a mes,Tarjeta,6,71.7,472.69,0,1,,2020-05-01,Colombia,No
CLI-002995,Bogotá,Estándar,Mes a mes,Efectivo,55,84.75,4435.03,0,1,4.8,2022-01-04,Colombia,No
CLI-000021,Bogotá,Básico,Dos años,Tarjeta,36,81.25,3046.27,0,1,,2023-08-12,Colombia,No
CLI-000750,Cali,Estándar,Un año,Tarjeta,12,59.14,640.83,1,1,10.0,2020-08-22,Colombia,No
CLI-001083, bogotá ,Básico,Mes a mes,Efectivo,69,61.99,4185.26,4,1,10.0,2020-06-27,Colombia,Sí
CLI-000118,Bucaramanga,,Dos años,Transferencia,10,95.72,963.61,1,0,10.0,2020-01-23,Colombia,No
CLI-002962,Medellín,Estándar,Mes a mes,Tarjeta,30,89.13,2731.28,1,0,10.0,2022-11-24,Colombia,No
CLI-001676,Bogotá,Básico,Mes a mes,Transferencia,70,41.88,3077.89,1,0,7.1,2023-09-09,Colombia,No
CLI-001377,Barranquilla,Premium,Un año,Transferencia,69,83.86,5943.43,1,0,10.0,2023-06-26,Colombia,No
CLI-000564,Barranquilla,Básico,Mes a mes,Débito automático,13,68.26,969.9,1,1,3.6,2020-09-01,Colombia,No
CLI-002187,Bogotá,Básico,Mes a mes,Tarjeta,22,105.58,2194.25,4,1,,2019-07-02,Colombia,Sí
CLI-002101,Bogotá,Básico,Un año,Efectivo,65,87.94,5984.92,0,0,7.4,2023-05-03,Colombia,No
CLI-000491,Barranquilla,Estándar,Mes a mes,Transferencia,67,71.41,,1,1,8.7,2023-10-13,Colombia,No
CLI-000047,Bogotá,Básico,Mes a mes,Tarjeta,32,18.0,,1,0,7.1,2020-07-28,Colombia,No
CLI-000493,Cali,,Mes a mes,Tarjeta,54,25.59,1430.43,0,1,,2020-01-19,Colombia,No
CLI-001725,Bogotá,,Dos años,Efectivo,38,87.25,,3,0,3.4,2023-07-30,Colombia,No
CLI-002403,Medellín,,Un año,Tarjeta,53,40.41,2228.96,0,1,9.2,2020-12-09,Colombia,No
CLI-002390, bogotá ,Básico,Mes a mes,Efectivo,62,49.73,3102.32,0,0,,2021-11-12,Colombia,No
CLI-001464,Bogotá,Estándar,Mes a mes,Efectivo,4,53.89,,1,1,,2019-07-16,Colombia,No
CLI-002020,Medellín,Premium,Mes a mes,Transferencia,33,70.46,2180.13,3,1,6.2,2023-09-19,Colombia,No
CLI-000769,Bogotá,Básico,Mes a mes,Débito automático,10,124.65,1369.92,1,0,6.0,2022-01-01,Colombia,Sí
CLI-001410,Bogotá,Estándar,Mes a mes,Transferencia,21,84.31,1749.82,2,1,4.4,2023-05-29,Colombia,No
CLI-002742,Bucaramanga,Premium,Mes a mes,Tarjeta,7,20.27,146.13,0,1,6.7,2023-08-15,Colombia,Sí
CLI-001465,Medellín,Básico,Mes a mes,Tarjeta,61,53.09,3298.96,1,1,,2019-11-28,Colombia,No
CLI-002213,Medellín,Estándar,Dos años,Efectivo,43,84.18,3322.87,2,1,5.1,2021-10-29,Colombia,No
CLI-002016,Barranquilla,Básico,Un año,Débito automático,23,85.27,1827.4,1,0,6.9,2022-06-12,Colombia,No
CLI-002283,Medellín,Básico,Mes a mes,Efectivo,23,27.29,665.22,0,0,,2021-07-25,Colombia,No
CLI-003000,Bogotá,Premium,Un año,Débito automático,48,75.3,3507.5,1,1,9.1,2021-08-16,Colombia,No
CLI-001832,Bogotá,Básico,Un año,Tarjeta,68,76.93,5549.28,0,1,5.8,2020-12-03,Colombia,No
CLI-000565,Cali,Premium,Un año,Efectivo,64,36.66,2264.7,1,0,8.0,2023-10-21,Colombia,No
CLI-000610,Medellín,Básico,Dos años,Débito automático,61,65.1,3656.22,1,0,7.3,2019-07-01,Colombia,No
CLI-001160,Medellín,Estándar,Mes a mes,Efectivo,25,111.43,2855.5,0,0,6.7,2020-11-09,Colombia,Sí
CLI-002711,Barranquilla,Estándar,Mes a mes,Transferencia,5,96.54,485.57,3,0,6.8,2020-08-25,Colombia,Sí
CLI-001456,Bogotá,Básico,Dos años,Débito automático,5,118.61,546.5,1,1,4.8,2022-05-10,Colombia,Sí
CLI-002080,Medellín,,Mes a mes,,9,49.65,485.73,2,0,8.0,2021-08-24,Colombia,No
CLI-002217,Medellín,Básico,Mes a mes,Tarjeta,32,43.82,1407.57,1,1,,2022-06-16,Colombia,No
CLI-000577,Bogotá,Estándar,Dos años,Transferencia,66,58.44,3571.56,4,1,4.9,2019-07-26,Colombia,No
CLI-000627,Bucaramanga,Estándar,Un año,Efectivo,25,67.62,1599.43,1,1,6.6,2023-03-04,Colombia,No
CLI-002656,Bucaramanga,Premium,Un año,Transferencia,41,54.78,2080.72,2,0,9.7,2021-01-20,Colombia,No
CLI-001446,Cali,Estándar,Un año,Tarjeta,3,71.03,209.16,1,1,,2019-01-24,Colombia,No
CLI-002850,Barranquilla,Estándar,Mes a mes,Débito automático,26,18.0,472.5,1,1,5.6,2019-10-11,Colombia,No
CLI-002376,Medellín,Premium,Dos años,Tarjeta,71,77.05,5883.79,1,0,7.2,2020-10-18,Colombia,No
CLI-001611,Cali,Estándar,Mes a mes,Tarjeta,56,91.48,5053.3,2,0,4.0,2022-01-06,Colombia,No
CLI-002787,Bogotá,Premium,Un año,Tarjeta,21,75.38,1453.64,4,0,7.5,2021-08-20,Colombia,No
CLI-001233,Bogotá,Estándar,Dos años,Efectivo,69,68.42,4712.1,1,1,7.9,2019-06-05,Colombia,No
CLI-000756,Bogotá,Estándar,Mes a mes,Débito automático,32,70.35,2387.02,3,1,6.5,2020-07-13,Colombia,Sí
CLI-001767,Bogotá,Estándar,Mes a mes,Efectivo,36,47.14,1844.83,3,0,10.0,2021-07-21,Colombia,Sí
CLI-001609,Barranquilla,Estándar,Dos años,Efectivo,17,121.92,2055.16,0,0,6.0,2022-12-17,Colombia,No
CLI-001934,Barranquilla,Básico,Mes a mes,Efectivo,68,43.82,2813.2,2,0,7.4,2021-09-12,Colombia,No
CLI-000640,Bogotá,Básico,Dos años,Efectivo,68,108.59,7737.89,1,1,10.0,2023-09-24,Colombia,No
CLI-002189,Bogotá,Básico,Mes a mes,Débito automático,33,104.19,3630.57,3,1,,2019-03-01,Colombia,Sí
CLI-000044,Cali,Estándar,Mes a mes,Efectivo,26,78.26,1859.48,1,0,,2023-03-22,Colombia,No
CLI-000008,Bogotá,Básico,Mes a mes,Tarjeta,50,35.99,1632.0,3,1,6.7,2023-04-01,Colombia,No
CLI-002399,Bogotá,Básico,Mes a mes,Transferencia,18,59.8,1101.59,3,1,4.8,2022-03-06,Colombia,Sí
CLI-000739,Medellín,Estándar,Un año,Débito automático,53,64.62,3361.49,0,1,,2020-05-13,Colombia,No
CLI-000033,Medellín,Estándar,Un año,Transferencia,7,54.44,383.4,0,1,5.8,2021-03-21,Colombia,No
CLI-000471,Bogotá,Básico,Dos años,Transferencia,53,27.02,1570.51,0,1,6.4,2019-01-31,Colombia,No
CLI-000472,Bogotá,Premium,Un año,Débito automático,58,59.91,3539.78,3,1,7.4,2022-09-02,Colombia,No
CLI-000422,Bogotá,Básico,Un año,Transferencia,50,105.55,5400.56,1,0,4.7,2023-03-03,Colombia,No
CLI-001772,Bogotá,Premium,Un año,Tarjeta,27,107.75,3089.72,2,1,3.8,2022-02-11,Colombia,No
CLI-002290,Medellín,Estándar,Dos años,Efectivo,30,102.48,3282.57,1,1,6.1,2022-01-11,Colombia,No
CLI-002619,Medellín,Básico,Un año,Transferencia,47,60.11,2903.92,2,1,4.5,2023-03-24,Colombia,No
CLI-001550,Cali,Estándar,Un año,Débito automático,1,88.49,92.54,1,0,7.6,2022-05-29,Colombia,No
CLI-001789,Cali,Estándar,Un año,Débito automático,34,91.81,3412.26,0,1,,2023-03-30,Colombia,No
CLI-002419,Bucaramanga,Básico,Mes a mes,Tarjeta,21,37.45,835.81,2,1,9.0,2021-03-06,Colombia,No
CLI-002761,Bogotá,Estándar,Dos años,Débito automático,10,110.57,1205.88,1,1,4.5,2019-08-01,Colombia,No
CLI-001719,Bogotá,Básico,Mes a mes,Transferencia,30,85.68,,0,0,5.7,2019-05-20,Colombia,Sí
CLI-000906,Bogotá,Estándar,Un año,Transferencia,51,107.0,5718.48,1,1,5.2,2021-02-23,Colombia,No
CLI-000274,Bogotá,Premium,Dos años,Transferencia,69,33.95,2188.88,0,0,5.9,2021-04-25,Colombia,No
CLI-002871,Bogotá,Básico,Mes a mes,Transferencia,21,115.92,2609.87,2,1,6.2,2023-12-03,Colombia,Sí
CLI-001691,Bucaramanga,Básico,Mes a mes,Efectivo,55,76.76,4638.84,0,1,5.8,2020-10-18,Colombia,No
CLI-001241,Bogotá,,Mes a mes,Efectivo,37,91.43,3588.79,2,0,7.9,2019-02-11,Colombia,No
CLI-000465,Bogotá,Básico,Un año,Efectivo,1,68.62,68.76,1,1,3.7,2023-08-25,Colombia,Sí
CLI-001706,Barranquilla,Premium,Un año,Tarjeta,61,78.51,4555.05,0,0,6.7,2019-06-04,Colombia,No
CLI-001314,Bogotá,Básico,Mes a mes,Transferencia,61,65.91,3720.11,0,0,3.9,2021-11-01,Colombia,No
CLI-002766,Cali,Básico,Dos años,Tarjeta,38,80.47,2808.76,3,1,7.2,2023-05-21,Colombia,No
CLI-001594,Cali,Básico,Mes a mes,Efectivo,2,68.11,148.22,1,1,3.7,2023-07-31,Colombia,No
CLI-000668,Medellín,Estándar,Mes a mes,Débito automático,62,56.91,3284.46,0,1,6.0,2022-06-15,Colombia,No
CLI-000010,Cali,Estándar,Mes a mes,Efectivo,7,25.81,,2,1,8.1,2023-11-06,Colombia,No
CLI-002293,Bucaramanga,Estándar,Mes a mes,Tarjeta,17,65.55,1152.14,0,1,5.9,2020-03-15,Colombia,No
CLI-002797,Medellín,Básico,Dos años,Tarjeta,62,26.56,1562.31,1,1,7.4,2020-01-30,Colombia,No
CLI-001152,Barranquilla,Estándar,Mes a mes,Tarjeta,36,90.59,3315.54,1,0,,2022-08-04,Colombia,Sí
CLI-001455,Barranquilla,Premium,Mes a mes,Efectivo,41,78.93,3124.12,0,1,9.9,2021-04-02,Colombia,No
CLI-002353,Bucaramanga,Estándar,Un año,Efectivo,51,56.83,3049.59,0,1,8.9,2023-10-23,Colombia,No
CLI-001226,Bogotá,Básico,Un año,Efectivo,69,73.53,5150.04,2,1,8.6,2020-08-05,Colombia,No
CLI-002673,Bogotá,Estándar,Un año,Transferencia,61,78.74,4872.17,0,1,5.5,2022-04-30,Colombia,No
CLI-002249,Medellín,Premium,Mes a mes,Tarjeta,12,66.45,783.74,1,1,5.8,2021-01-23,Colombia,Sí
CLI-002631,Bucaramanga,Estándar,Un año,Débito automático,67,126.91,9204.54,0,1,7.9,2019-12-18,Colombia,No
CLI-002235,Medellín,Estándar,Un año,Efectivo,42,102.07,3923.84,2,1,5.5,2019-01-10,Colombia,No
CLI-001494,Bucaramanga,,Mes a mes,Efectivo,24,18.0,432.63,1,1,6.7,2019-09-25,Colombia,No
CLI-001514,Cali,Estándar,Mes a mes,Débito automático,24,55.4,1205.89,1,0,6.7,2023-03-24,Colombia,No
CLI-000049,Cali,Básico,Mes a mes,Débito automático,49,119.94,5494.68,1,1,5.6,2023-01-15,Colombia,No
CLI-002526,Medellín,Estándar,Un año,Efectivo,23,54.45,1342.27,1,0,8.7,2023-10-16,Colombia,No
CLI-001168,Bogotá,Básico,Dos años,Transferencia,29,106.66,2850.55,4,1,6.7,2023-09-25,Colombia,No
CLI-001263,Bucaramanga,Premium,Mes a mes,Transferencia,32,26.63,826.68,1,0,7.7,2022-03-01,Colombia,No
CLI-001733,Bogotá,Estándar,Dos años,Transferencia,50,72.16,3331.67,2,1,5.5,2023-10-13,Colombia,No
CLI-000433,Bogotá,Básico,Mes a mes,Débito automático,59,41.58,2354.51,1,1,4.4,2020-03-20,Colombia,No
CLI-000787,Bogotá,Básico,Mes a mes,Débito automático,3,30.45,87.95,1,0,3.6,2020-02-21,Colombia,Sí
CLI-001209,Bogotá,Básico,Mes a mes,Efectivo,21,69.5,1395.66,2,0,,2019-10-27,Colombia,Sí
CLI-000125,Bogotá,Premium,Un año,Débito automático,61,67.02,,1,1,10.0,2022-08-20,Colombia,No
CLI-000066,Bucaramanga,Estándar,Mes a mes,Efectivo,24,96.97,2259.31,1,1,6.2,2020-04-05,Colombia,No
CLI-002019,Bogotá,Premium,Un año,Débito automático,52,98.45,4614.32,0,1,5.3,2020-04-11,Colombia,No
CLI-001675,Bogotá,Básico,Un año,Efectivo,51,56.84,2729.93,3,0,6.6,2023-06-20,Colombia,No
CLI-002935,Medellín,Estándar,Mes a mes,Tarjeta,58,40.95,2241.74,1,0,9.6,2019-07-07,Colombia,No
CLI-002970,Bogotá,Premium,Mes a mes,Transferencia,46,32.65,1480.89,1,1,,2023-10-23,Colombia,No
CLI-001800,Cali,Estándar,Dos años,Tarjeta,38,61.56,2492.55,1,0,8.5,2019-05-11,Colombia,No
CLI-001898,Bogotá,Premium,Mes a mes,Tarjeta,63,56.89,3271.33,0,1,10.0,2022-06-12,Colombia,No
CLI-000781,Cali,Estándar,Dos años,Transferencia,63,100.73,6081.35,0,0,7.6,2023-10-01,Colombia,No
CLI-002849,Medellín,Estándar,Dos años,Débito automático,20,78.41,1706.09,2,0,2.7,2023-09-22,Colombia,No
CLI-000130,Bogotá,Premium,Dos años,Débito automático,46,58.61,2459.4,0,1,6.9,2021-08-12,Colombia,No
CLI-001237,Bogotá,Estándar,Mes a mes,Débito automático,1,82.38,90.36,0,1,10.0,2023-04-09,Colombia,No
CLI-002908,Bogotá,Básico,Mes a mes,Transferencia,68,65.52,4827.57,1,1,10.0,2019-05-01,Colombia,No
CLI-001430,Cali,Premium,Mes a mes,Efectivo,56,61.69,3531.69,3,0,8.4,2023-12-01,Colombia,No
CLI-002347,Medellín,Básico,Mes a mes,Tarjeta,24,49.21,1108.62,1,0,6.6,2021-07-24,Colombia,No
CLI-001395,Bogotá,Estándar,Mes a mes,Transferencia,16,49.45,836.04,1,0,4.8,2022-03-11,Colombia,No
CLI-002100,Cali,Premium,Dos años,Tarjeta,18,49.34,958.46,1,1,6.9,2022-08-20,Colombia,No
CLI-002997,Bogotá,Básico,Mes a mes,Débito automático,22,54.45,1266.41,3,0,7.3,2019-11-27,Colombia,Sí
CLI-001521,Medellín,Estándar,Un año,Transferencia,62,67.76,4230.14,0,1,8.5,2022-04-20,Colombia,No
CLI-002018,Medellín,Estándar,Un año,Tarjeta,52,64.43,3322.88,0,1,7.7,2022-07-06,Colombia,No
CLI-001651,Cali,Estándar,Un año,Efectivo,14,75.88,990.01,4,0,,2023-10-02,Colombia,No
CLI-001128,Cali,,Un año,Transferencia,46,105.25,4921.41,0,0,5.5,2022-07-01,Colombia,No
CLI-001365,Bucaramanga,Básico,Mes a mes,Tarjeta,40,70.23,2923.47,2,0,6.0,2022-06-21,Colombia,No
CLI-000238,Bogotá,Estándar,Un año,Tarjeta,31,129.37,4348.53,0,0,6.7,2019-05-25,Colombia,Sí
CLI-001806,Bogotá,Estándar,Mes a mes,Efectivo,4,79.88,337.33,1,0,6.6,2023-04-04,Colombia,Sí
CLI-002325,Cali,Estándar,Mes a mes,Débito automático,54,115.62,6654.35,1,0,3.7,2021-12-31,Colombia,Sí
CLI-001280,Bogotá,Básico,Mes a mes,Débito automático,62,104.8,6920.28,0,0,6.3,2023-06-18,Colombia,No
CLI-001973,Bogotá,Estándar,Mes a mes,Tarjeta,49,61.48,2808.46,3,0,5.7,2019-12-02,Colombia,Sí
CLI-000541,Bucaramanga,Estándar,Mes a mes,Tarjeta,51,58.7,3271.05,0,0,9.3,2022-11-11,Colombia,No
CLI-000899,Cali,Básico,Un año,Efectivo,5,100.23,515.51,2,0,9.4,2022-03-16,Colombia,No
CLI-001784,Medellín,Estándar,Un año,Tarjeta,68,76.46,5433.53,1,1,5.9,2022-01-15,Colombia,No
CLI-000523,Cali,Básico,Dos años,Tarjeta,14,70.78,930.78,1,1,5.8,2021-12-17,Colombia,No
CLI-000055,Barranquilla,Básico,Un año,Transferencia,36,27.94,1015.44,0,1,4.5,2021-08-10,Colombia,Sí
CLI-002638,Cali,Premium,Un año,Débito automático,53,90.44,5107.49,3,1,4.9,2020-08-09,Colombia,No
CLI-001704,Cali,Estándar,Mes a mes,Transferencia,15,86.92,1203.58,1,1,5.9,2022-05-07,Colombia,Sí
CLI-002800,Bogotá,Premium,Un año,Débito automático,29,60.76,1867.64,1,1,6.4,2020-06-23,Colombia,Sí
CLI-000383,Medellín,Premium,Mes a mes,Transferencia,68,91.97,5716.82,1,0,7.5,2023-11-28,Colombia,No
CLI-002388,Cali,Estándar,Un año,Débito automático,70,138.49,8799.28,2,1,3.5,2019-09-05,Colombia,Sí
CLI-001993,Cali,Premium,Un año,Débito automático,21,118.52,2439.14,1,0,10.0,2020-09-12,Colombia,No
CLI-002845,Medellín,Estándar,Mes a mes,Tarjeta,33,70.26,2100.76,2,1,6.8,2023-05-01,Colombia,No
CLI-002338,Bogotá,Premium,Un año,Transferencia,59,43.61,2737.81,0,1,9.2,2019-11-17,Colombia,No
CLI-001782,Barranquilla,Premium,Mes a mes,Efectivo,25,48.68,1317.97,4,1,6.0,2023-02-28,Colombia,No
CLI-000836,Barranquilla,Básico,Un año,Tarjeta,56,93.19,5581.91,4,1,9.9,2021-12-17,Colombia,No
CLI-002945,Bogotá,Básico,Un año,Débito automático,59,67.94,4053.22,1,0,6.5,2023-01-10,Colombia,No
CLI-000464,Bucaramanga,Básico,Un año,Transferencia,30,98.22,2693.24,0,1,7.4,2019-12-26,Colombia,No
CLI-001915,Medellín,Estándar,Mes a mes,Transferencia,24,69.79,1518.54,2,0,7.3,2020-09-25,Colombia,No
CLI-002749,Bogotá,Básico,Dos años,Transferencia,30,98.05,2863.39,2,0,5.1,2022-12-09,Colombia,Sí
CLI-001516,Medellín,Básico,Un año,Tarjeta,67,77.95,4821.42,3,1,6.9,2020-12-23,Colombia,No
CLI-001919,Barranquilla,Básico,Mes a mes,Débito automático,33,45.87,1469.71,0,1,6.6,2021-09-26,Colombia,No
CLI-001397,Bogotá,Estándar,Mes a mes,Débito automático,45,68.47,2851.27,0,0,10.0,2023-04-25,Colombia,No
CLI-002082,Bogotá,Premium,Un año,Tarjeta,7,78.8,514.49,2,1,10.0,2023-03-13,Colombia,No
CLI-001086,Barranquilla,Básico,Mes a mes,Transferencia,60,57.82,3434.23,0,1,8.0,2019-04-16,Colombia,No
CLI-001211,Bogotá,Estándar,Un año,Débito automático,45,87.28,3649.16,0,1,,2019-08-07,Colombia,No
CLI-000596,Bogotá,Estándar,Mes a mes,Transferencia,57,84.58,4386.23,1,0,5.8,2019-03-02,Colombia,No
CLI-001628,Medellín,Básico,Un año,Débito automático,42,47.37,,3,1,5.7,2022-04-09,Colombia,No
CLI-001722,Medellín,Básico,Mes a mes,Efectivo,53,32.55,1574.72,1,0,3.1,2021-12-17,Colombia,Sí
CLI-001204,Bogotá,Básico,Mes a mes,Tarjeta,55,34.28,1880.93,1,1,9.1,2020-10-10,Colombia,No
CLI-001762,Bogotá,Básico,Mes a mes,Efectivo,30,72.13,2344.26,2,1,6.3,2021-11-30,Colombia,No
CLI-002051,Bucaramanga,Básico,Mes a mes,Efectivo,13,82.77,1078.15,5,0,,2021-07-05,Colombia,Sí
CLI-000368,Barranquilla,Estándar,Un año,Débito automático,23,108.97,2548.77,0,0,7.0,2022-08-31,Colombia,No
CLI-002617,Cali,Básico,Un año,Débito automático,71,18.0,1173.14,0,1,6.3,2019-12-29,Colombia,No
CLI-001096,Cali,Básico,Un año,Transferencia,6,60.5,333.55,1,0,7.7,2021-10-07,Colombia,No
CLI-000098,Medellín,Básico,Un año,Tarjeta,49,89.29,4509.5,0,0,6.0,2019-03-13,Colombia,No
CLI-001760,Cali,Básico,Un año,Tarjeta,42,95.05,3891.1,4,0,8.4,2019-01-27,Colombia,No
CLI-002200,Bucaramanga,Estándar,Mes a mes,Transferencia,12,70.11,762.71,2,1,6.1,2019-06-29,Colombia,Sí
CLI-001445,Bucaramanga,Estándar,Mes a mes,Efectivo,10,59.78,543.3,1,0,6.1,2020-07-06,Colombia,Sí
CLI-000382,Bogotá,Estándar,Mes a mes,Transferencia,67,70.27,4241.19,1,1,8.5,2022-04-19,Colombia,No
CLI-002949,Medellín,Básico,Mes a mes,Tarjeta,38,68.61,2862.05,0,1,6.3,2019-12-23,Colombia,No
CLI-001807,Barranquilla,Básico,Mes a mes,Transferencia,1,18.0,19.63,1,1,6.1,2019-01-02,Colombia,No
CLI-000029,Medellín,Estándar,Un año,Efectivo,39,78.21,3224.15,1,1,7.6,2021-01-10,Colombia,No
CLI-000448,Barranquilla,Básico,Mes a mes,Efectivo,68,73.68,5142.55,0,0,8.7,2021-12-10,Colombia,No
CLI-002308,Cali,Premium,Dos años,Efectivo,11,81.15,,0,0,9.2,2023-12-03,Colombia,No
CLI-000821,Bogotá,Premium,Mes a mes,Transferencia,2,100.88,202.57,1,1,9.9,2023-06-08,Colombia,No
CLI-002930,Bucaramanga,,Mes a mes,Transferencia,47,109.93,5278.12,3,0,8.9,2021-06-26,Colombia,No
CLI-001923,Cali,Básico,Un año,Tarjeta,59,116.96,6595.7,1,1,10.0,2021-10-25,Colombia,No
CLI-001746,Bogotá,Básico,Un año,Efectivo,70,61.43,4570.29,1,1,2.5,2022-08-01,Colombia,No
CLI-001110,Barranquilla,Estándar,Mes a mes,Efectivo,4,81.73,323.85,3,0,7.1,2022-05-11,Colombia,Sí
CLI-002581,Bogotá,Básico,Mes a mes,Transferencia,28,72.3,2160.95,0,0,7.9,2023-04-30,Colombia,No
CLI-000722,Medellín,Premium,Un año,Transferencia,67,75.86,4865.37,0,0,8.6,2021-06-10,Colombia,No
CLI-001810,Bogotá,Básico,Un año,,69,49.54,3427.47,4,1,4.6,2020-08-22,Colombia,No
CLI-001194,Medellín,Básico,Mes a mes,Efectivo,50,49.33,2658.47,1,1,4.1,2021-03-27,Colombia,No
CLI-001948,Bogotá,Básico,Un año,Débito automático,66,111.78,7961.01,5,1,,2020-03-06,Colombia,No
CLI-001654,Bogotá,Estándar,Mes a mes,Efectivo,43,89.49,3848.62,1,1,6.1,2022-07-26,Colombia,Sí
CLI-001442,Bogotá,Premium,Mes a mes,Efectivo,37,34.84,1228.57,0,0,8.9,2020-01-15,Colombia,No
CLI-000780,Bucaramanga,Básico,Mes a mes,Tarjeta,61,62.38,,1,0,7.0,2020-12-22,Colombia,No
CLI-001024,Cali,Estándar,Mes a mes,Tarjeta,60,69.1,4400.62,0,0,3.1,2023-02-17,Colombia,No
CLI-000005,Bogotá,Estándar,Un año,Efectivo,31,94.71,3044.04,1,1,9.3,2021-03-02,Colombia,No
CLI-001588,Bucaramanga,,Mes a mes,Transferencia,6,83.07,460.16,0,0,9.5,2021-01-26,Colombia,Sí
CLI-001333, bogotá ,Básico,Mes a mes,Efectivo,31,50.36,1477.74,1,0,6.5,2019-05-23,Colombia,No
CLI-002976,Barranquilla,Básico,Mes a mes,Transferencia,34,91.2,2870.93,0,1,7.5,2022-07-12,Colombia,No
CLI-000517,Bucaramanga,,Un año,Tarjeta,63,22.67,1352.55,1,0,8.0,2021-03-23,Colombia,No
CLI-001775,Bogotá,Básico,Un año,Transferencia,55,57.88,,1,0,5.7,2021-06-03,Colombia,No
CLI-002493,Medellín,Premium,Dos años,Débito automático,66,68.35,4105.67,1,0,7.3,2020-04-16,Colombia,No
CLI-002772,Medellín,Básico,Mes a mes,Débito automático,3,87.62,271.28,0,1,6.1,2022-08-15,Colombia,No
CLI-000351,Bogotá,Estándar,Mes a mes,Débito automático,38,21.18,,1,1,,2021-10-18,Colombia,No
CLI-002557,Medellín,Premium,Mes a mes,Efectivo,57,107.72,6509.31,1,0,3.6,2020-12-31,Colombia,No
CLI-002595,Barranquilla,Estándar,Dos años,Tarjeta,22,84.3,1903.51,1,0,8.4,2020-10-09,Colombia,No
CLI-002324,Cali,Básico,Mes a mes,Tarjeta,47,103.79,4987.08,2,1,7.7,2023-09-10,Colombia,No
CLI-000661,Barranquilla,Estándar,Mes a mes,Débito automático,13,83.88,1093.34,1,0,8.2,2023-07-02,Colombia,No
CLI-002784,Barranquilla,Básico,Un año,Tarjeta,60,51.2,3059.87,1,0,10.0,2020-05-19,Colombia,No
CLI-002685,Cali,Básico,Mes a mes,Transferencia,36,105.5,3443.3,1,1,5.6,2019-02-28,Colombia,Sí
CLI-000900,Cali,Premium,Un año,Efectivo,44,109.28,5047.08,2,1,4.8,2019-08-31,Colombia,Sí
CLI-002191,Bogotá,Estándar,Mes a mes,Tarjeta,26,105.74,2696.62,1,0,7.2,2019-02-06,Colombia,Sí
CLI-000159,Bogotá,Básico,Mes a mes,Tarjeta,36,78.1,3019.58,2,1,,2019-04-21,Colombia,No
CLI-000384,Barranquilla,Estándar,Dos años,Tarjeta,18,32.57,628.43,0,0,10.0,2020-08-09,Colombia,No
CLI-002725,Medellín,Estándar,Mes a mes,Efectivo,57,69.28,4098.91,4,0,,2020-12-15,Colombia,No
CLI-000141,Medellín,Estándar,Un año,Débito automático,70,68.63,4762.39,0,0,10.0,2023-03-19,Colombia,No
CLI-000466,Cali,Estándar,Un año,Transferencia,69,40.19,2580.73,0,0,7.3,2020-01-27,Colombia,No
CLI-002996,Bogotá,Estándar,Mes a mes,Débito automático,45,131.73,6336.37,1,1,2.1,2021-06-28,Colombia,No
CLI-000300,Barranquilla,Premium,Dos años,Transferencia,2,71.76,150.0,1,0,7.0,2021-01-10,Colombia,No
CLI-002944,Bogotá,Básico,Mes a mes,Débito automático,14,108.68,1575.3,0,0,8.5,2022-01-19,Colombia,No
CLI-000398,Bogotá,Básico,Mes a mes,Efectivo,14,96.09,1394.08,2,1,9.4,2023-05-20,Colombia,No
CLI-001950,Bucaramanga,Estándar,Mes a mes,Débito automático,23,68.99,1597.54,1,0,,2022-08-08,Colombia,Sí
CLI-002162,Bucaramanga,Básico,Mes a mes,Tarjeta,18,54.31,1064.65,1,0,8.7,2022-06-13,Colombia,No
CLI-001731,Cali,Básico,Mes a mes,Tarjeta,56,34.45,,0,1,8.4,2023-07-24,Colombia,No
CLI-001034,Bogotá,Básico,Mes a mes,Tarjeta,23,50.95,1106.53,1,1,8.9,2022-10-06,Colombia,No
CLI-002096,Barranquilla,Básico,Un año,Efectivo,56,63.68,3735.82,2,0,7.0,2022-10-30,Colombia,No
CLI-002445,Medellín,Estándar,Un año,Efectivo,43,29.54,1184.32,2,0,8.9,2021-03-12,Colombia,No
CLI-002159,Cali,Básico,Mes a mes,Tarjeta,58,78.71,4614.13,0,0,,2023-07-17,Colombia,No
CLI-001049,Cali,Básico,Mes a mes,Tarjeta,48,92.63,4862.65,1,0,5.8,2021-10-10,Colombia,Sí
CLI-002383,Bucaramanga,Básico,Un año,Tarjeta,66,77.4,4728.3,0,0,5.2,2021-08-02,Colombia,No
CLI-000847, bogotá ,Estándar,Un año,Transferencia,12,118.38,1285.57,3,1,4.8,2021-01-13,Colombia,No
CLI-000252,Bogotá,Premium,Un año,Tarjeta,36,18.0,658.13,3,1,3.1,2021-03-06,Colombia,Sí
CLI-002052,Medellín,Estándar,Dos años,Débito automático,22,35.15,831.7,1,0,8.5,2019-09-05,Colombia,No
CLI-002107,Medellín,Premium,Un año,Débito automático,55,87.93,5176.39,1,1,8.0,2020-07-10,Colombia,No
CLI-000807,Bogotá,Básico,Dos años,Débito automático,39,85.21,3078.14,1,1,7.6,2020-01-10,Colombia,No
CLI-002424,Medellín,Básico,Mes a mes,Efectivo,59,100.89,6231.77,0,0,6.1,2019-11-04,Colombia,No
CLI-000716,Medellín,Estándar,Dos años,Efectivo,57,71.29,4004.31,0,0,7.2,2023-08-18,Colombia,No
CLI-002029,Cali,Básico,Dos años,Transferencia,38,72.24,2774.75,1,0,9.0,2023-06-16,Colombia,No
CLI-001136,Bogotá,Estándar,Un año,Transferencia,5,49.43,264.93,1,1,6.2,2019-07-23,Colombia,No
CLI-000988,Bogotá,Básico,Mes a mes,Tarjeta,23,58.55,1319.68,2,1,8.6,2022-05-02,Colombia,No
CLI-001252,Bucaramanga,Básico,Un año,Transferencia,30,87.66,2886.58,1,1,7.3,2020-12-03,Colombia,No
CLI-000196,Medellín,Premium,Mes a mes,Transferencia,7,30.82,228.59,1,1,,2022-02-25,Colombia,No
CLI-002572,Cali,Estándar,Un año,Tarjeta,67,58.46,4248.48,3,0,7.3,2021-09-17,Colombia,No
CLI-001045, bogotá ,,Un año,Débito automático,51,100.44,5178.41,1,0,10.0,2021-06-16,Colombia,No
CLI-000280,Bogotá,Básico,Mes a mes,Débito automático,6,72.78,439.16,1,1,4.5,2023-05-16,Colombia,No
CLI-000097,Medellín,Básico,Mes a mes,Tarjeta,18,51.78,910.21,2,0,7.5,2020-11-14,Colombia,Sí
CLI-000442,Bogotá,Básico,Mes a mes,Efectivo,22,96.78,2243.31,3,1,6.5,2020-04-08,Colombia,Sí
CLI-001235,Bogotá,Premium,Un año,Transferencia,46,104.98,5130.17,1,0,8.6,2019-10-16,Colombia,No
CLI-001043,Medellín,Estándar,Mes a mes,Transferencia,30,95.22,2638.5,1,0,7.1,2019-12-29,Colombia,No
CLI-002391,Bogotá,Básico,Dos años,Transferencia,33,84.78,,1,0,8.5,2021-11-17,Colombia,No
CLI-002055,Barranquilla,Estándar,Mes a mes,Efectivo,51,78.92,4303.8,1,1,8.4,2020-04-13,Colombia,No
CLI-000331,Bogotá,Premium,Un año,Débito automático,39,28.54,1042.45,0,1,8.1,2020-05-21,Colombia,No
CLI-002459,Bogotá,Básico,Dos años,Efectivo,34,75.53,2724.38,1,0,8.2,2022-02-19,Colombia,No
CLI-000862,Medellín,Estándar,Un año,Transferencia,66,101.44,6192.93,0,1,6.4,2020-10-26,Colombia,No
CLI-000746,Bucaramanga,Estándar,Mes a mes,Tarjeta,26,62.64,1689.79,1,1,,2022-08-01,Colombia,No
CLI-002717,Bogotá,Básico,Mes a mes,Débito automático,31,80.25,2394.28,4,1,7.7,2022-07-24,Colombia,No
CLI-001112,Medellín,Básico,Mes a mes,Débito automático,17,86.0,1344.36,0,1,8.1,2020-10-23,Colombia,No
CLI-001976,Cali,Estándar,Mes a mes,Débito automático,4,83.16,326.31,0,1,8.1,2023-09-16,Colombia,Sí
CLI-001399,Bogotá,Básico,Dos años,Transferencia,2,61.51,118.12,1,1,6.9,2022-06-20,Colombia,No
CLI-001443,Barranquilla,Estándar,Dos años,Débito automático,67,95.53,5787.95,1,1,9.1,2019-07-21,Colombia,No
CLI-001299,Cali,Estándar,Mes a mes,Débito automático,38,88.75,3586.45,0,0,8.1,2021-07-14,Colombia,Sí
CLI-002647,Medellín,Básico,Mes a mes,Débito automático,41,18.0,682.65,2,0,8.8,2020-09-09,Colombia,No
CLI-002586,Bogotá,Básico,Mes a mes,Tarjeta,40,66.27,2720.58,1,1,5.8,2023-03-11,Colombia,No
CLI-001546,Barranquilla,Premium,Un año,Efectivo,42,58.44,2577.95,4,1,5.5,2023-08-20,Colombia,No
CLI-000595,Cali,Básico,Mes a mes,Transferencia,23,79.16,1964.95,0,0,10.0,2020-11-06,Colombia,No
CLI-001193,Bogotá,Premium,Dos años,Efectivo,13,102.16,1259.55,1,1,2.3,2020-01-02,Colombia,No
CLI-002762,Medellín,Premium,Mes a mes,Tarjeta,31,83.56,,0,0,10.0,2020-02-05,Colombia,No
CLI-001277,Cali,Estándar,Mes a mes,Débito automático,47,46.39,2147.84,0,1,6.7,2020-12-26,Colombia,No
CLI-000550, bogotá ,Estándar,Mes a mes,Efectivo,49,85.64,3987.87,2,1,5.0,2023-09-29,Colombia,No
CLI-000557,Bucaramanga,Premium,Un año,Efectivo,53,69.3,3883.87,3,1,7.0,2023-06-27,Colombia,No
CLI-002985,Medellín,Premium,Mes a mes,Efectivo,52,72.53,3470.63,1,1,9.7,2019-10-27,Colombia,No
CLI-000542,Bogotá,Premium,Mes a mes,Transferencia,4,53.35,223.51,2,0,10.0,2023-11-27,Colombia,No
CLI-001779,Barranquilla,Básico,Un año,Efectivo,22,92.73,2203.21,0,1,7.1,2021-11-07,Colombia,No
CLI-000265,Bogotá,Básico,Mes a mes,Débito automático,71,98.18,7393.2,2,0,7.1,2022-02-27,Colombia,No
CLI-001938,Bogotá,Premium,Mes a mes,Efectivo,40,63.49,2682.72,0,1,9.7,2022-06-22,Colombia,No
CLI-002885,Bogotá,Estándar,Un año,Débito automático,26,55.99,1502.65,1,1,7.4,2022-04-10,Colombia,No
CLI-001369,Barranquilla,Premium,Un año,Débito automático,69,28.39,2142.86,1,0,7.6,2022-07-10,Colombia,No
CLI-002542,Medellín,Básico,Mes a mes,Tarjeta,69,92.38,6267.76,0,1,7.0,2022-03-19,Colombia,No
CLI-001423,Bogotá,Estándar,Mes a mes,Débito automático,42,88.81,3401.57,0,0,7.8,2022-10-17,Colombia,No
CLI-001065,Bogotá,Estándar,Mes a mes,Débito automático,54,117.33,6939.06,3,1,8.4,2019-11-15,Colombia,Sí
CLI-000301,Bogotá,Estándar,Mes a mes,Efectivo,26,40.59,1095.05,2,0,,2021-05-12,Colombia,No
CLI-001872,Bucaramanga,Básico,Un año,Tarjeta,15,69.13,1088.76,0,0,7.8,2019-07-06,Colombia,No
CLI-000554,Cali,Básico,Mes a mes,Tarjeta,23,69.75,1469.16,4,0,5.8,2022-10-16,Colombia,Sí
CLI-000468,Barranquilla,Básico,Dos años,Efectivo,43,44.57,2045.74,2,0,7.4,2021-10-26,Colombia,No
CLI-000345,Cali,Premium,Mes a mes,Tarjeta,65,72.31,4755.06,1,1,,2022-04-14,Colombia,No
CLI-002060,Medellín,Estándar,Mes a mes,Efectivo,29,86.42,2572.82,2,0,7.1,2023-07-02,Colombia,Sí
CLI-001257,Cali,Estándar,Mes a mes,Débito automático,16,72.87,1222.02,2,1,8.6,2020-05-31,Colombia,Sí
CLI-002171,Bogotá,Estándar,Dos años,Tarjeta,2,88.17,167.0,0,0,7.0,2019-03-26,Colombia,No
CLI-002707,Bogotá,Estándar,Mes a mes,Débito automático,51,41.56,2273.98,2,1,6.4,2022-06-25,Colombia,No
CLI-001766,Medellín,Premium,Un año,Transferencia,67,55.2,4008.23,0,0,8.0,2022-12-04,Colombia,No
CLI-001864,Bogotá,Estándar,Mes a mes,Efectivo,27,89.47,2492.37,1,0,7.9,2021-06-02,Colombia,Sí
CLI-001972,Bogotá,,Mes a mes,Efectivo,66,105.09,6693.24,1,0,8.5,2020-07-04,Colombia,No
CLI-001770,Bogotá,Estándar,Mes a mes,Efectivo,14,33.68,476.17,0,0,6.8,2022-07-18,Colombia,Sí
CLI-001916,Bucaramanga,Estándar,Mes a mes,Débito automático,37,54.79,2147.81,3,1,9.3,2023-01-30,Colombia,No
CLI-002618,Cali,Estándar,Un año,Efectivo,4,57.98,251.96,2,1,5.9,2020-11-08,Colombia,No
CLI-000440,Bogotá,Básico,Un año,Efectivo,29,43.11,1242.91,0,1,8.0,2019-06-22,Colombia,No
CLI-000022,Medellín,Básico,Un año,Débito automático,27,84.08,2487.33,1,0,10.0,2019-03-16,Colombia,No
CLI-001491,Medellín,Básico,Mes a mes,Transferencia,20,40.76,751.12,2,0,3.6,2020-12-21,Colombia,No
CLI-001901,Bogotá,Estándar,Mes a mes,Efectivo,38,68.6,2653.94,2,0,5.7,2020-06-06,Colombia,No
CLI-001313,Medellín,Básico,Un año,Débito automático,56,63.89,3855.19,0,1,8.6,2023-04-15,Colombia,No
CLI-001431,Cali,Básico,Mes a mes,Débito automático,34,49.56,1725.81,2,0,6.1,2023-04-14,Colombia,No
CLI-001529,Bucaramanga,Básico,Un año,Débito automático,2,75.55,143.44,1,1,8.8,2022-05-11,Colombia,No
CLI-001388,Cali,Básico,Un año,Efectivo,24,54.48,1199.4,2,1,7.5,2020-09-20,Colombia,No
CLI-002528,Medellín,Estándar,Mes a mes,Débito automático,68,81.0,5501.56,2,1,8.5,2023-01-02,Colombia,No
CLI-000488,Medellín,Estándar,Mes a mes,Transferencia,38,47.27,1764.04,2,0,7.4,2021-11-05,Colombia,No
CLI-000230,Bogotá,Básico,Un año,Efectivo,13,91.83,1143.01,0,1,,2021-02-26,Colombia,No
CLI-001375,Barranquilla,Estándar,Un año,Efectivo,64,82.33,5207.46,0,1,10.0,2022-06-10,Colombia,No
CLI-002069,Bogotá,Premium,Mes a mes,Transferencia,24,31.49,816.13,0,0,8.1,2019-02-23,Colombia,No
CLI-000287,Medellín,Premium,Un año,Débito automático,12,55.58,646.06,1,1,8.6,2023-03-10,Colombia,No
CLI-001848,Cali,Básico,Dos años,Transferencia,39,87.6,3136.33,0,0,,2019-10-28,Colombia,No
CLI-001419,Barranquilla,Premium,Mes a mes,Transferencia,62,49.22,2909.66,2,1,7.0,2022-06-14,Colombia,No
CLI-000811,Bogotá,Premium,Mes a mes,Débito automático,4,80.41,351.39,2,1,7.9,2020-03-14,Colombia,Sí
CLI-002288,Medellín,Básico,Un año,Transferencia,59,92.5,5063.67,1,1,5.2,2021-08-22,Colombia,No
CLI-000432,Bogotá,Básico,Dos años,Débito automático,53,50.42,2689.75,2,1,7.3,2022-04-23,Colombia,No
CLI-001786,Medellín,Estándar,Dos años,Transferencia,18,78.42,1305.76,1,1,6.7,2021-11-06,Colombia,No
CLI-002201,Cali,Estándar,Mes a mes,Efectivo,26,70.37,1740.25,2,1,5.3,2023-07-13,Colombia,Sí
CLI-002088,Bucaramanga,Estándar,Mes a mes,Efectivo,48,96.22,5024.71,1,1,1.2,2019-02-26,Colombia,No
CLI-000621,Bogotá,Básico,Un año,Efectivo,31,80.18,2531.19,1,0,7.5,2021-04-01,Colombia,No
CLI-001560,Bucaramanga,Premium,Dos años,Efectivo,61,18.88,1159.89,1,1,5.1,2019-09-28,Colombia,No
CLI-000937,Bogotá,Estándar,Mes a mes,Tarjeta,12,58.95,670.36,0,1,3.3,2022-08-09,Colombia,No
CLI-001206,Medellín,Básico,Dos años,Débito automático,65,72.97,5081.81,1,0,4.2,2022-05-06,Colombia,No
CLI-001203,Bogotá,Estándar,Mes a mes,Tarjeta,70,61.32,4138.64,0,1,9.1,2023-10-26,Colombia,No
CLI-002527,Bucaramanga,Básico,Mes a mes,Débito automático,34,41.9,1382.23,0,0,3.8,2019-08-22,Colombia,No
CLI-001219,Cali,,Un año,Transferencia,58,25.66,1364.83,1,0,,2022-06-05,Colombia,No
CLI-002278,Barranquilla,Estándar,Un año,Débito automático,4,108.61,,1,0,6.7,2023-10-14,Colombia,No
CLI-000131,Barranquilla,Básico,Mes a mes,Débito automático,41,35.34,1557.73,0,1,4.7,2022-09-06,Colombia,Sí
CLI-001565,Bogotá,Básico,Un año,Débito automático,40,65.74,2504.26,2,1,6.4,2022-11-13,Colombia,No
CLI-000956,Bogotá,Premium,Mes a mes,,44,103.92,4533.07,1,0,4.6,2023-03-26,Colombia,No
CLI-000914,Bucaramanga,Básico,Un año,Efectivo,70,109.82,8095.67,2,1,5.4,2019-01-30,Colombia,No
CLI-000860,Bogotá,Estándar,Mes a mes,Débito automático,57,63.24,3920.05,3,0,,2020-12-05,Colombia,Sí
CLI-001490,Bogotá,Estándar,Dos años,Efectivo,37,99.23,3600.53,1,1,7.1,2023-07-26,Colombia,No
CLI-001337,Bogotá,Estándar,Mes a mes,Débito automático,46,84.01,3568.25,1,0,9.5,2021-05-07,Colombia,No
CLI-000128,Medellín,Estándar,Mes a mes,Transferencia,55,93.57,5443.79,2,1,,2019-11-28,Colombia,No
CLI-000285,Cali,Estándar,Un año,Efectivo,32,86.78,2696.59,1,0,6.6,2022-04-13,Colombia,Sí
CLI-002167,Medellín,Básico,Un año,Transferencia,23,71.16,1738.44,1,0,8.7,2020-12-08,Colombia,No
CLI-000979,Cali,,Mes a mes,Efectivo,25,94.89,2467.32,1,0,8.0,2020-08-30,Colombia,Sí
CLI-000624,Barranquilla,Básico,Un año,Transferencia,30,73.96,2430.14,0,0,,2022-05-13,Colombia,No
CLI-000689,Bogotá,Básico,Mes a mes,Efectivo,32,60.89,1845.49,1,0,10.0,2021-08-07,Colombia,No
CLI-002465,Barranquilla,,Mes a mes,Transferencia,33,70.31,2151.59,0,1,7.4,2021-07-10,Colombia,No
CLI-002053,Cali,Estándar,Mes a mes,Transferencia,26,54.36,1333.17,4,0,8.3,2022-02-20,Colombia,No
CLI-000996,Bogotá,Estándar,Dos años,Tarjeta,45,72.24,3340.8,1,1,6.8,2023-03-17,Colombia,No
CLI-001777,Bogotá,Premium,Mes a mes,Tarjeta,24,97.43,2436.0,0,0,5.9,2021-05-30,Colombia,No
CLI-001707,Medellín,Premium,Un año,Transferencia,70,48.1,3536.01,0,1,5.6,2020-02-23,Colombia,No
CLI-000611,Bogotá,Estándar,Mes a mes,Débito automático,60,61.45,3517.71,3,0,6.4,2023-11-16,Colombia,No
CLI-000459,Barranquilla,Estándar,Un año,Transferencia,60,62.07,3588.12,0,1,6.3,2019-12-13,Colombia,No
CLI-002878, bogotá ,,Mes a mes,Débito automático,67,58.23,4088.46,0,1,6.0,2020-12-04,Colombia,No
CLI-000463,Cali,,Un año,Efectivo,54,21.96,1128.99,1,1,5.1,2019-12-06,Colombia,No
CLI-000793,Bogotá,Estándar,Un año,Efectivo,52,86.88,4780.64,0,0,,2020-08-14,Colombia,No
CLI-000505,Bogotá,Premium,Dos años,,20,51.64,964.26,2,1,9.2,2020-12-06,Colombia,No
CLI-000309,Bogotá,Premium,Mes a mes,Transferencia,23,47.06,1039.43,0,0,8.6,2019-01-08,Colombia,No
CLI-001592,Bogotá,Básico,Un año,Efectivo,25,46.64,1244.05,0,1,9.6,2020-07-29,Colombia,No
CLI-000364,Bogotá,Básico,Dos años,Efectivo,64,86.11,5967.96,0,0,10.0,2021-08-01,Colombia,No
CLI-000580,Medellín,Básico,Dos años,Tarjeta,8,77.36,623.97,0,0,8.2,2021-11-27,Colombia,No
CLI-000106,Bogotá,Básico,Un año,Débito automático,56,54.13,2747.62,1,1,1.5,2021-09-01,Colombia,No
CLI-002612,Medellín,Estándar,Mes a mes,Transferencia,66,66.07,3965.59,1,0,10.0,2020-07-19,Colombia,No
CLI-001133,Bogotá,Premium,Un año,Efectivo,57,81.75,4521.25,0,1,,2020-07-10,Colombia,No
CLI-000508,Cali,Premium,Dos años,Débito automático,18,67.78,1117.54,1,0,6.7,2020-06-20,Colombia,No
CLI-001012,Medellín,Básico,Mes a mes,Efectivo,57,59.17,3526.2,0,1,7.2,2021-12-01,Colombia,No
CLI-001542,Bucaramanga,Básico,Un año,Débito automático,18,87.19,1435.78,1,0,6.2,2023-03-11,Colombia,No
CLI-000947,Bogotá,Premium,Mes a mes,Efectivo,70,77.27,5568.44,3,0,6.7,2023-02-13,Colombia,No
CLI-001458,Bogotá,Estándar,Dos años,Transferencia,33,115.77,3532.89,0,0,6.4,2019-03-30,Colombia,No
CLI-001298,Bogotá,Estándar,Mes a mes,Débito automático,49,78.29,3973.51,2,1,6.8,2020-02-23,Colombia,No
CLI-001417,Bogotá,Estándar,Un año,Tarjeta,46,36.95,1540.55,2,0,,2023-02-12,Colombia,No
CLI-001743,Medellín,Estándar,Mes a mes,Transferencia,33,62.34,2073.84,2,0,6.4,2022-06-15,Colombia,Sí
CLI-001307, bogotá ,Estándar,Mes a mes,Débito automático,19,24.47,487.65,1,1,6.0,2023-10-10,Colombia,No
CLI-001437,Cali,Básico,Un año,Efectivo,31,94.47,2829.38,2,0,8.7,2022-06-20,Colombia,No
CLI-002792,Bogotá,Premium,Mes a mes,Transferencia,12,59.16,703.85,3,1,6.2,2023-02-16,Colombia,No
CLI-000189,Bogotá,Básico,Dos años,Tarjeta,17,65.53,1175.67,1,1,6.5,2023-01-15,Colombia,No
CLI-001699,Barranquilla,Estándar,Dos años,Débito automático,26,33.58,886.21,1,1,,2020-02-09,Colombia,No
CLI-002174,Barranquilla,Premium,Mes a mes,Tarjeta,55,66.82,3322.99,2,1,,2020-07-26,Colombia,Sí
CLI-001853,Medellín,Básico,Dos años,Transferencia,33,65.65,,3,1,10.0,2021-02-09,Colombia,No
CLI-002947,Bucaramanga,Estándar,Mes a mes,Transferencia,42,56.67,2249.37,0,0,10.0,2023-11-19,Colombia,No
CLI-002903,Medellín,Estándar,Un año,Transferencia,62,60.76,4107.32,5,1,8.1,2023-04-16,Colombia,No
CLI-001435,Bogotá,Básico,Mes a mes,Tarjeta,23,53.44,1297.8,5,1,5.6,2020-03-23,Colombia,Sí
CLI-002726,Medellín,Estándar,Dos años,Transferencia,44,79.61,3524.41,0,1,10.0,2023-02-27,Colombia,No
CLI-002046,Bogotá,Básico,Un año,Efectivo,71,111.2,8314.16,1,1,9.1,2022-04-14,Colombia,No
CLI-001548,Barranquilla,Básico,Mes a mes,Efectivo,61,96.51,5566.19,2,0,5.0,2021-06-13,Colombia,No
CLI-002246,Bogotá,Estándar,Mes a mes,Transferencia,60,64.2,3607.89,2,0,6.7,2022-10-22,Colombia,No
CLI-001684,Bogotá,Premium,Dos años,Transferencia,57,76.38,4231.38,2,1,4.7,2022-05-12,Colombia,No
CLI-000863,Bogotá,Básico,Mes a mes,Transferencia,9,98.51,839.76,0,0,7.3,2022-05-16,Colombia,Sí
CLI-001174,Barranquilla,Estándar,Un año,Débito automático,13,70.13,957.89,1,1,6.2,2020-01-25,Colombia,No
CLI-001488,Cali,Básico,Un año,Efectivo,1,80.56,77.77,2,0,9.4,2022-08-08,Colombia,No
CLI-002215,Bogotá,Estándar,Mes a mes,Débito automático,9,35.97,344.86,3,1,9.0,2019-10-27,Colombia,Sí
CLI-001116,Bogotá,,Mes a mes,Efectivo,35,79.53,2795.93,0,1,8.1,2021-12-18,Colombia,Sí
CLI-000354,Cali,Básico,Mes a mes,Transferencia,31,69.82,2307.66,0,0,8.7,2021-05-11,Colombia,No
CLI-001035,Medellín,Estándar,Un año,Transferencia,5,97.27,508.21,1,0,6.2,2020-07-19,Colombia,Sí
CLI-002229,Barranquilla,Básico,Mes a mes,Débito automático,21,135.66,2803.6,2,1,9.0,2019-09-27,Colombia,No
CLI-000732,Barranquilla,Estándar,Un año,Tarjeta,30,46.72,,2,1,6.8,2021-05-26,Colombia,No
CLI-000703, bogotá ,Estándar,Mes a mes,Débito automático,12,102.53,1143.96,0,0,3.8,2019-07-19,Colombia,Sí
CLI-002956,Medellín,Estándar,Mes a mes,Transferencia,71,48.33,3202.0,3,1,6.2,2021-03-15,Colombia,No
CLI-002426,Bogotá,Básico,Mes a mes,Débito automático,40,71.4,2918.12,0,0,6.1,2023-09-21,Colombia,Sí
CLI-002755,Bogotá,Estándar,Mes a mes,Transferencia,71,67.0,4560.73,0,0,10.0,2023-02-28,Colombia,No
CLI-000161,Bogotá,Estándar,Mes a mes,Efectivo,71,84.44,6006.24,0,1,4.2,2022-05-26,Colombia,No
CLI-002567,Medellín,Estándar,Mes a mes,Transferencia,57,53.9,,0,0,5.8,2023-07-25,Colombia,No
CLI-001778,Cali,Básico,Dos años,Débito automático,12,88.53,1134.05,2,0,7.6,2019-01-24,Colombia,No
CLI-002421,Barranquilla,Básico,Dos años,Transferencia,19,57.78,1191.83,1,1,9.2,2019-11-22,Colombia,No
CLI-001479,Bogotá,Básico,Mes a mes,Débito automático,17,59.97,957.79,0,0,8.9,2021-12-22,Colombia,Sí
CLI-001138,Bogotá,Básico,Mes a mes,Efectivo,27,77.17,2037.6,0,1,7.6,2021-12-11,Colombia,No
CLI-001199,Bucaramanga,Básico,Dos años,Débito automático,57,65.5,4103.38,2,0,4.6,2021-08-07,Colombia,No
CLI-001584,Bogotá,Estándar,Dos años,Débito automático,30,57.69,1571.15,0,1,9.7,2023-07-05,Colombia,No
CLI-000163,Cali,Estándar,Un año,Débito automático,30,89.05,2819.09,4,1,6.5,2020-02-11,Colombia,No
CLI-001534,Cali,Básico,Mes a mes,Transferencia,14,129.76,1679.88,1,1,4.1,2022-03-19,Colombia,Sí
CLI-001524,Bogotá,,Dos años,Efectivo,11,76.48,843.28,0,1,5.7,2022-01-14,Colombia,No
CLI-001741,Bogotá,Básico,Mes a mes,Débito automático,31,55.66,1726.29,0,0,8.9,2023-05-06,Colombia,No
CLI-000186,Barranquilla,Básico,Un año,Débito automático,32,71.34,2374.76,1,0,6.9,2019-03-20,Colombia,No
CLI-000460,Barranquilla,Estándar,Un año,Tarjeta,8,33.35,258.91,0,0,7.7,2019-03-04,Colombia,No
CLI-002538,Cali,Básico,Mes a mes,Tarjeta,36,63.86,2379.59,2,0,10.0,2021-03-16,Colombia,No
CLI-002905,Bucaramanga,Básico,Mes a mes,Efectivo,47,18.0,850.65,0,1,5.0,2023-01-07,Colombia,No
CLI-001008,Bogotá,Básico,Mes a mes,Tarjeta,36,103.06,3448.85,1,1,3.5,2023-01-17,Colombia,No
CLI-001975,Bucaramanga,Básico,Mes a mes,Efectivo,40,38.02,1412.25,1,1,6.9,2022-07-01,Colombia,No
CLI-002120,Bogotá,Básico,Dos años,,50,36.56,1798.37,0,1,4.6,2022-12-23,Colombia,No
CLI-002774,Bogotá,Estándar,Un año,Transferencia,51,105.19,4835.77,2,1,10.0,2020-01-22,Colombia,No
CLI-001476,Barranquilla,,Mes a mes,Tarjeta,22,18.0,362.83,1,1,8.0,2022-01-29,Colombia,No
CLI-001889,Medellín,Estándar,Mes a mes,Débito automático,5,83.48,407.22,0,0,7.2,2022-11-26,Colombia,Sí
CLI-001288,Cali,Estándar,Mes a mes,Débito automático,17,58.25,917.77,1,1,3.9,2021-03-07,Colombia,Sí
CLI-000369,Medellín,Estándar,Mes a mes,Tarjeta,2,48.1,94.33,0,0,6.6,2023-01-07,Colombia,Sí
CLI-001169,Barranquilla,Básico,Mes a mes,Tarjeta,71,49.58,3458.47,3,1,4.7,2020-08-20,Colombia,No
CLI-001783,Cali,Básico,Un año,Tarjeta,2,76.49,,3,0,9.3,2021-06-08,Colombia,No
CLI-000494,Cali,Estándar,Mes a mes,Efectivo,43,53.65,2348.29,1,1,7.9,2021-03-13,Colombia,No
CLI-000232,Medellín,Básico,Un año,Débito automático,61,30.69,1933.53,1,0,9.1,2022-05-17,Colombia,No
CLI-002147,Medellín,Estándar,Mes a mes,Transferencia,13,28.81,384.87,1,1,9.2,2020-05-29,Colombia,No
CLI-000334,Cali,Premium,Dos años,,59,62.48,3819.95,1,1,5.5,2022-08-27,Colombia,No
CLI-002358,Bogotá,Estándar,Mes a mes,Débito automático,16,74.58,1227.42,3,0,6.4,2019-01-16,Colombia,Sí
CLI-000789,Bogotá,Estándar,Un año,Transferencia,39,68.63,2742.59,3,1,6.7,2019-05-28,Colombia,No
CLI-001612,Bogotá,Básico,Un año,Efectivo,11,75.19,874.31,0,0,9.2,2023-11-26,Colombia,No
CLI-001359,Medellín,Básico,Mes a mes,Débito automático,8,88.82,738.16,2,1,3.1,2022-09-25,Colombia,No
CLI-002346,Cali,Básico,Mes a mes,Tarjeta,19,18.0,345.36,0,0,6.3,2020-11-29,Colombia,No
CLI-000381,Bogotá,Estándar,Mes a mes,Efectivo,1,55.32,58.49,3,1,5.2,2023-01-20,Colombia,Sí
CLI-002093,Bogotá,Básico,Dos años,Débito automático,58,95.85,6111.49,0,0,3.8,2019-12-20,Colombia,No
CLI-001927,Medellín,Básico,Un año,Efectivo,26,69.41,1875.15,0,1,3.8,2022-07-25,Colombia,No
CLI-001354,Medellín,Estándar,Dos años,Transferencia,65,56.66,3582.24,1,1,,2021-02-26,Colombia,No
CLI-002451,Medellín,Premium,Mes a mes,Efectivo,60,103.81,6516.9,0,0,4.6,2020-03-07,Colombia,No
CLI-002040,Cali,Estándar,Mes a mes,Débito automático,32,84.87,2936.91,2,1,7.0,2020-08-13,Colombia,No
CLI-002234,Cali,Básico,Un año,Efectivo,10,36.94,360.12,1,1,8.2,2021-03-29,Colombia,No
CLI-001891,Cali,Básico,Mes a mes,Débito automático,14,71.62,943.99,1,0,6.6,2022-07-01,Colombia,No
CLI-001883,Bucaramanga,Básico,Mes a mes,Efectivo,13,112.19,1341.64,3,0,10.0,2022-01-04,Colombia,Sí
CLI-002512,Cali,Básico,Un año,Transferencia,61,75.49,4841.99,2,0,6.2,2021-05-15,Colombia,No
CLI-001444,Bogotá,Estándar,Mes a mes,Tarjeta,31,56.57,1659.28,1,0,8.2,2023-09-27,Colombia,No
CLI-001282,Barranquilla,Básico,Mes a mes,Tarjeta,53,86.19,4664.26,2,1,3.9,2020-03-19,Colombia,No
CLI-001797,Barranquilla,Básico,Mes a mes,Tarjeta,70,53.81,,1,0,10.0,2020-09-16,Colombia,No
CLI-000208,Cali,Básico,Un año,Efectivo,69,70.05,5205.09,1,0,6.0,2022-03-24,Colombia,No
CLI-002146,Medellín,,Un año,Tarjeta,32,90.15,2984.76,0,0,,2019-07-22,Colombia,No
CLI-002975,Bogotá,Premium,Un año,Débito automático,2,117.7,240.56,1,0,7.8,2019-11-19,Colombia,No
CLI-001366,Bogotá,Estándar,Mes a mes,Efectivo,2,67.09,134.07,2,1,3.0,2020-07-02,Colombia,Sí
CLI-000882,Bogotá,Estándar,Mes a mes,Efectivo,61,65.25,3915.35,2,1,7.2,2021-07-23,Colombia,No
CLI-000144,Cali,Básico,Un año,Efectivo,30,34.46,1034.71,2,1,7.1,2021-09-26,Colombia,No
CLI-000250,Medellín,Básico,Mes a mes,Transferencia,3,65.9,178.69,1,0,7.4,2021-01-24,Colombia,No
CLI-001847, bogotá ,Básico,Dos años,Efectivo,29,82.12,2334.25,0,1,9.2,2023-06-16,Colombia,No
CLI-001894,Bogotá,Básico,Mes a mes,Transferencia,51,49.86,2595.57,1,1,6.2,2022-09-23,Colombia,No
CLI-002835,Barranquilla,Estándar,Dos años,Tarjeta,28,71.87,1826.56,1,1,5.5,2021-09-19,Colombia,No
CLI-002012,Medellín,Estándar,Mes a mes,Efectivo,28,62.42,1897.8,1,1,8.9,2023-07-18,Colombia,No
CLI-002929,Medellín,Estándar,Dos años,Efectivo,14,29.28,379.04,1,1,4.6,2019-11-14,Colombia,No
CLI-002181,Bogotá,Básico,Mes a mes,Tarjeta,50,31.1,1666.56,2,1,,2022-05-16,Colombia,No
CLI-002782,Bogotá,Básico,Mes a mes,Efectivo,67,48.79,3458.59,1,1,8.8,2023-08-09,Colombia,No
CLI-002966,Medellín,Estándar,Mes a mes,Transferencia,43,88.19,3433.46,2,1,,2023-05-04,Colombia,No
CLI-001843,Bucaramanga,Premium,Mes a mes,Débito automático,58,93.49,5836.88,0,1,,2023-06-13,Colombia,No
CLI-002427,Cali,Básico,Un año,Tarjeta,12,45.47,547.34,3,1,7.4,2020-01-21,Colombia,No
CLI-002627,Medellín,Estándar,Mes a mes,Transferencia,70,49.54,3580.03,2,0,5.7,2020-08-21,Colombia,No
CLI-001472,Bucaramanga,Básico,Mes a mes,Efectivo,50,91.74,4285.45,0,0,6.5,2022-03-11,Colombia,No
CLI-001129,Bogotá,Básico,Mes a mes,Transferencia,40,77.74,2841.54,4,1,5.8,2019-11-01,Colombia,No
CLI-002645,Cali,Básico,Un año,Tarjeta,33,61.21,1827.05,1,1,10.0,2021-01-22,Colombia,No
CLI-002099,Medellín,Estándar,Mes a mes,Efectivo,54,84.53,4317.34,3,0,7.9,2021-05-19,Colombia,No
CLI-002550,Bogotá,Estándar,Mes a mes,Transferencia,10,99.16,942.81,1,0,7.4,2023-03-25,Colombia,No
CLI-002103,Cali,Básico,Dos años,Débito automático,13,38.6,492.55,1,1,7.3,2022-10-25,Colombia,No
CLI-000084,Bogotá,Premium,Un año,Tarjeta,60,67.38,3918.28,0,1,6.8,2023-08-06,Colombia,No
CLI-000766,Medellín,Básico,Mes a mes,Débito automático,56,75.86,4586.97,2,1,,2022-11-23,Colombia,No
CLI-000103,Medellín,Básico,Mes a mes,Tarjeta,58,49.59,3120.96,0,1,4.9,2020-08-31,Colombia,Sí
CLI-000147,Bogotá,Básico,Mes a mes,Débito automático,3,82.7,252.12,1,0,,2021-10-08,Colombia,Sí
CLI-001134,Bucaramanga,Estándar,Dos años,Tarjeta,55,87.82,5010.09,1,1,4.6,2021-12-09,Colombia,No
CLI-002075,Bogotá,Básico,Mes a mes,Débito automático,50,81.78,3981.61,1,1,8.7,2019-08-28,Colombia,No
CLI-000395,Bucaramanga,Básico,Mes a mes,Transferencia,52,81.88,4365.39,1,1,3.0,2020-10-08,Colombia,No
CLI-001633,Bogotá,Estándar,Un año,Efectivo,7,93.43,593.61,2,0,,2021-05-06,Colombia,No
CLI-002887,Cali,Básico,Dos años,Transferencia,67,47.66,3022.94,1,1,7.2,2020-04-22,Colombia,No
CLI-001222,Bogotá,Estándar,Mes a mes,Efectivo,40,64.46,2372.95,1,1,7.3,2022-10-02,Colombia,No
CLI-002933,Bogotá,Premium,Mes a mes,Débito automático,12,43.11,557.89,0,0,6.2,2020-12-18,Colombia,Sí
CLI-002781,Cali,Estándar,Un año,Tarjeta,23,70.78,1584.15,0,1,10.0,2021-12-05,Colombia,No
CLI-000322,Medellín,Básico,Dos años,Transferencia,8,72.39,540.97,0,0,5.0,2023-05-25,Colombia,No
CLI-000112,Barranquilla,Básico,Mes a mes,Transferencia,56,64.5,3657.95,0,1,7.4,2020-11-09,Colombia,No
CLI-000589,Bucaramanga,Estándar,Mes a mes,Débito automático,60,72.56,4090.76,0,1,7.8,2021-10-13,Colombia,No
CLI-002303,Bucaramanga,Básico,Un año,Débito automático,41,77.58,3495.52,4,0,9.3,2023-04-19,Colombia,No
CLI-002758,Barranquilla,Básico,Un año,Transferencia,46,81.94,3974.92,1,1,10.0,2019-05-31,Colombia,No
CLI-002142,Barranquilla,Básico,Mes a mes,Efectivo,63,130.45,8892.78,2,1,6.4,2023-01-21,Colombia,Sí
CLI-000137,Medellín,Básico,Dos años,Transferencia,43,78.02,3379.57,1,1,6.9,2020-02-11,Colombia,No
CLI-001482,Barranquilla,Básico,Un año,Transferencia,1,101.63,100.41,0,0,7.3,2020-03-31,Colombia,No
CLI-000654,Cali,Básico,Un año,Tarjeta,58,74.96,4453.52,1,0,6.3,2021-12-12,Colombia,No
CLI-001893,Medellín,Estándar,Mes a mes,Efectivo,63,90.64,5418.11,0,1,6.8,2021-03-18,Colombia,No
CLI-001959,Bogotá,Básico,Dos años,Débito automático,47,73.42,3523.56,0,0,7.9,2021-08-10,Colombia,No
CLI-001708,Bucaramanga,Premium,Un año,,65,54.51,3597.89,2,0,10.0,2023-03-30,Colombia,No
CLI-002582,Bogotá,Básico,Dos años,Efectivo,33,66.22,2294.34,3,0,6.0,2020-06-27,Colombia,No
CLI-001048,Medellín,Básico,Mes a mes,,43,78.97,3093.82,0,1,6.0,2019-02-11,Colombia,No
CLI-002714,Cali,Premium,Mes a mes,Tarjeta,37,51.35,1880.14,3,0,9.1,2022-11-11,Colombia,No
CLI-000931,Bogotá,Básico,Mes a mes,Débito automático,39,20.98,847.46,1,1,9.1,2022-05-02,Colombia,No
CLI-000221,Bucaramanga,Básico,Mes a mes,Débito automático,10,32.48,320.68,1,1,3.9,2019-02-22,Colombia,No
CLI-000928,Medellín,,Un año,Efectivo,22,86.71,1966.99,2,1,6.1,2022-12-22,Colombia,No
CLI-002001,Medellín,Básico,Mes a mes,Efectivo,63,72.55,4710.85,2,0,7.4,2022-04-08,Colombia,Sí
CLI-002886,Bogotá,Básico,Un año,Débito automático,11,78.96,819.61,0,1,4.2,2022-11-05,Colombia,No
CLI-002282,Barranquilla,Estándar,Mes a mes,Tarjeta,26,51.06,1428.55,1,0,9.2,2023-10-31,Colombia,No
CLI-002195,Medellín,Básico,Dos años,Tarjeta,47,85.58,3916.19,0,1,3.5,2023-10-20,Colombia,No
CLI-000534,Bogotá,Básico,Un año,Efectivo,21,94.13,1993.73,2,1,5.2,2023-11-02,Colombia,Sí
CLI-001433,Barranquilla,Estándar,Mes a mes,Efectivo,13,67.65,842.27,2,0,8.3,2023-05-20,Colombia,No
CLI-000607,Bogotá,Estándar,Mes a mes,Efectivo,23,94.11,1961.5,0,0,5.9,2023-06-27,Colombia,Sí
CLI-000075,Barranquilla,Básico,Un año,Tarjeta,49,120.22,5390.15,1,1,4.2,2019-09-04,Colombia,No
CLI-001551,Bogotá,Básico,Dos años,Débito automático,20,128.99,2408.84,0,1,5.7,2022-11-10,Colombia,No
CLI-002786,Bucaramanga,Estándar,Dos años,Efectivo,9,69.33,619.72,4,0,10.0,2019-09-29,Colombia,Sí
CLI-001323,Cali,Estándar,Un año,Transferencia,40,82.53,3361.34,2,1,10.0,2019-03-01,Colombia,No
CLI-001620,Bucaramanga,Básico,Un año,Tarjeta,71,96.2,7092.25,1,0,,2021-02-17,Colombia,No
CLI-000114,Bucaramanga,Básico,Mes a mes,Transferencia,33,69.68,2082.75,0,1,,2019-02-21,Colombia,No
CLI-000987,Bogotá,Básico,Mes a mes,Tarjeta,44,60.6,2763.4,0,0,4.8,2019-10-27,Colombia,No
CLI-002569,Bucaramanga,Premium,Mes a mes,Tarjeta,27,65.78,1727.53,1,1,5.8,2019-06-25,Colombia,Sí
CLI-002729,Medellín,Básico,Mes a mes,Transferencia,42,51.81,2245.13,1,0,9.5,2021-01-16,Colombia,No
CLI-000223,Cali,Estándar,Mes a mes,Débito automático,50,56.55,2559.83,0,0,3.9,2023-05-09,Colombia,Sí
CLI-000519,Bogotá,Estándar,Mes a mes,Tarjeta,34,109.38,3470.27,1,1,7.5,2020-11-12,Colombia,No
CLI-001349,Bogotá,Estándar,Mes a mes,Transferencia,53,76.96,4277.43,1,0,9.8,2021-10-18,Colombia,No
CLI-001120,Bogotá,Básico,Mes a mes,Transferencia,36,104.31,3604.63,2,1,10.0,2021-01-16,Colombia,Sí
CLI-000036,Medellín,Básico,Mes a mes,Efectivo,5,42.4,220.03,0,0,3.9,2020-12-12,Colombia,Sí
CLI-000831,Bogotá,Estándar,Mes a mes,Transferencia,18,81.17,1475.67,0,1,8.3,2023-04-18,Colombia,Sí
CLI-001904,Medellín,Básico,Un año,Transferencia,18,46.79,829.8,0,0,6.5,2021-02-01,Colombia,No
CLI-002164,Bogotá,Básico,Un año,Transferencia,65,96.3,6159.66,1,1,4.7,2022-03-19,Colombia,No
CLI-000348,Medellín,Estándar,Un año,Transferencia,67,69.99,4678.99,2,0,5.9,2021-08-06,Colombia,No
CLI-000168,Medellín,Estándar,Mes a mes,Tarjeta,12,109.76,1336.3,3,1,5.6,2020-09-08,Colombia,Sí
CLI-002919,Cali,Estándar,Mes a mes,Tarjeta,61,58.19,3876.12,3,1,8.6,2019-09-24,Colombia,No
CLI-000117,Bogotá,Estándar,Mes a mes,Transferencia,3,70.74,203.43,1,0,7.1,2021-09-16,Colombia,Sí
CLI-000531,Bogotá,Estándar,Mes a mes,Efectivo,43,79.77,3631.79,2,0,6.6,2022-08-03,Colombia,No
CLI-001601,Bogotá,Estándar,Un año,Tarjeta,22,99.46,1995.31,2,1,8.8,2019-09-04,Colombia,No
CLI-002552,Bogotá,Premium,Un año,Efectivo,23,76.41,1809.71,1,1,7.6,2020-09-23,Colombia,Sí
CLI-000321,Cali,Estándar,Mes a mes,Tarjeta,23,90.23,2113.12,1,1,7.4,2021-04-20,Colombia,Sí
CLI-001029,Cali,Básico,Un año,Débito automático,41,104.44,4298.99,3,1,4.4,2020-03-30,Colombia,No
CLI-000474,Barranquilla,Estándar,Mes a mes,Transferencia,34,102.34,3242.63,3,1,4.5,2023-02-01,Colombia,Sí
CLI-002291,Bogotá,Básico,Mes a mes,Transferencia,29,62.95,,1,1,2.6,2020-10-18,Colombia,Sí
CLI-002246,Bogotá,Estándar,Mes a mes,Transferencia,60,64.2,3607.89,2,0,6.7,2022-10-22,Colombia,No
CLI-001794,Bucaramanga,Básico,Un año,Tarjeta,20,94.15,1815.86,1,0,,2022-01-19,Colombia,Sí
CLI-001615,Bogotá,Estándar,Dos años,Transferencia,5,101.69,465.15,0,1,10.0,2020-12-31,Colombia,No
CLI-002541,Cali,Estándar,Un año,Tarjeta,21,76.33,1755.28,0,0,8.9,2019-05-05,Colombia,No
CLI-002666,Medellín,Estándar,Un año,Transferencia,39,67.79,2647.26,3,1,4.5,2022-08-19,Colombia,Sí
CLI-000228,Barranquilla,Básico,Dos años,Débito automático,42,76.2,3281.96,0,1,,2019-04-06,Colombia,No
CLI-002920,Medellín,Básico,Mes a mes,Efectivo,27,36.89,899.25,0,1,1.3,2023-03-17,Colombia,Sí
CLI-001026,Bogotá,Premium,Un año,Débito automático,4,67.14,256.95,2,1,4.6,2020-01-05,Colombia,Sí
CLI-002691,Medellín,Básico,Mes a mes,Transferencia,52,60.1,3079.84,1,1,8.6,2021-03-16,Colombia,No
CLI-001785,Cali,Estándar,Un año,Efectivo,52,82.13,3909.17,1,0,1.7,2019-03-09,Colombia,No
CLI-000082,Bogotá,Básico,Dos años,Débito automático,32,91.0,,1,1,7.7,2019-11-15,Colombia,No
CLI-001540,Cali,Estándar,Un año,Transferencia,45,61.65,2594.49,1,1,5.9,2019-06-18,Colombia,No
CLI-001768,Medellín,Estándar,Mes a mes,Débito automático,34,68.43,2328.87,2,0,,2020-04-06,Colombia,No
CLI-000669,Cali,Estándar,Mes a mes,Tarjeta,66,80.56,5496.37,2,1,10.0,2019-12-16,Colombia,No
CLI-000063,Cali,Estándar,Mes a mes,Efectivo,27,64.15,1634.02,1,0,8.1,2021-03-12,Colombia,No
CLI-000850,Cali,Estándar,Mes a mes,Débito automático,44,76.54,3360.37,0,1,,2021-12-07,Colombia,No
CLI-002659,Medellín,Premium,Mes a mes,Tarjeta,48,52.34,2680.46,1,0,5.2,2019-11-30,Colombia,No
CLI-002061,Cali,Básico,Mes a mes,Tarjeta,64,51.82,3443.95,1,0,1.0,2023-07-20,Colombia,No
CLI-002371,Bogotá,Básico,Mes a mes,Tarjeta,4,45.81,201.52,3,0,4.3,2020-12-11,Colombia,Sí
CLI-000516,Barranquilla,Básico,Mes a mes,Efectivo,8,89.25,656.85,1,0,7.2,2019-04-22,Colombia,No
CLI-001355,Cali,Básico,Mes a mes,Débito automático,16,70.18,1190.02,0,0,2.8,2021-10-08,Colombia,Sí
CLI-000110,Bogotá,Premium,Mes a mes,Efectivo,51,30.32,1435.51,0,1,6.2,2019-02-02,Colombia,No
CLI-002139,Cali,Básico,Un año,Débito automático,39,25.63,1089.0,2,1,6.2,2020-04-27,Colombia,No
CLI-000041,Bogotá,Estándar,Un año,Efectivo,12,55.84,648.05,2,1,6.4,2023-11-17,Colombia,Sí
CLI-002765,Bogotá,Estándar,Mes a mes,Transferencia,15,52.77,731.65,3,0,7.5,2019-07-22,Colombia,No
CLI-002715,Bogotá,Premium,Mes a mes,Efectivo,36,43.23,1711.2,2,0,5.1,2020-11-22,Colombia,No
CLI-002897,Cali,Estándar,Mes a mes,Tarjeta,47,91.1,4294.17,1,0,5.4,2020-10-22,Colombia,No
CLI-001126,Cali,Básico,Mes a mes,Débito automático,60,94.86,5226.93,0,1,3.2,2022-07-01,Colombia,No
CLI-001089,Bogotá,Estándar,Mes a mes,Efectivo,47,26.63,1297.91,1,1,9.9,2019-06-30,Colombia,No
CLI-000312,Bogotá,Estándar,Mes a mes,Efectivo,48,71.8,3738.9,0,0,4.4,2021-09-04,Colombia,No
CLI-001635,Medellín,Básico,Mes a mes,Débito automático,30,115.66,3667.15,1,0,8.3,2019-03-07,Colombia,No
CLI-000020,Cali,Básico,Mes a mes,Efectivo,32,112.65,,0,0,7.7,2023-06-27,Colombia,Sí
CLI-001427,Cali,Básico,Un año,Tarjeta,48,82.79,3821.83,0,0,,2021-12-10,Colombia,No
CLI-000358,Cali,Básico,Un año,Transferencia,64,93.32,5534.74,2,1,8.6,2021-03-09,Colombia,No
CLI-000361,Medellín,Estándar,Dos años,Débito automático,61,18.0,1049.26,1,1,6.4,2020-06-27,Colombia,No
CLI-002820,Bogotá,Estándar,Un año,Débito automático,51,46.04,2343.02,2,0,8.0,2022-02-27,Colombia,No
CLI-001553,Bogotá,Premium,Mes a mes,Transferencia,38,59.47,2422.34,1,0,9.6,2022-08-08,Colombia,No
CLI-000290,Medellín,Básico,Mes a mes,Efectivo,34,92.32,2891.27,1,0,9.2,2020-10-12,Colombia,No
CLI-000393,Medellín,Premium,Dos años,Efectivo,27,62.52,1820.54,2,0,6.6,2022-07-07,Colombia,No
CLI-002281,Bogotá,Estándar,Dos años,,55,30.31,1671.57,1,1,,2021-07-25,Colombia,No
CLI-002028,Barranquilla,Básico,Mes a mes,Débito automático,68,76.64,5497.41,1,1,8.6,2020-09-17,Colombia,No
CLI-001715,Bogotá,Básico,Mes a mes,,46,89.42,3822.09,1,1,8.1,2019-05-20,Colombia,No
CLI-000658,Bogotá,Premium,Mes a mes,Transferencia,45,72.69,3323.1,1,0,7.9,2022-11-11,Colombia,No
CLI-001247,Bogotá,Básico,Mes a mes,Transferencia,62,80.01,5250.69,1,1,7.1,2019-05-07,Colombia,No
CLI-002819,Medellín,Básico,Dos años,Transferencia,10,60.54,662.68,0,0,6.9,2020-09-06,Colombia,No
CLI-002708,Bogotá,Estándar,Mes a mes,Efectivo,22,44.39,972.35,3,0,7.7,2019-01-15,Colombia,No
CLI-001940,Bucaramanga,Premium,Dos años,Efectivo,15,57.64,784.27,0,1,6.1,2023-03-20,Colombia,No
CLI-001577,Bogotá,Premium,Mes a mes,Efectivo,39,73.48,2992.38,0,0,8.6,2022-11-04,Colombia,Sí
CLI-001966,Medellín,Estándar,Dos años,Efectivo,53,79.38,4551.12,0,0,6.4,2020-05-12,Colombia,No
CLI-001422,Bogotá,Básico,Un año,Efectivo,71,92.34,6587.1,2,0,8.2,2022-01-02,Colombia,No
CLI-002600,Bogotá,Premium,Mes a mes,Transferencia,28,67.54,,2,1,9.2,2019-05-10,Colombia,No
CLI-002924,Bogotá,Básico,Un año,Efectivo,39,52.7,2100.97,2,0,4.7,2021-11-25,Colombia,No
CLI-000371,Bogotá,Básico,Mes a mes,Efectivo,24,88.68,2277.59,1,1,3.5,2022-02-04,Colombia,Sí
CLI-001724,Medellín,Estándar,Mes a mes,Transferencia,52,84.12,4670.22,2,1,10.0,2022-07-15,Colombia,No
CLI-000314,Medellín,Básico,Un año,Débito automático,20,112.65,,3,0,7.2,2019-05-18,Colombia,No
CLI-002575,Barranquilla,Premium,Mes a mes,Débito automático,55,51.89,2793.41,0,1,6.5,2022-11-05,Colombia,No
CLI-001687,Bogotá,Estándar,Un año,Transferencia,31,90.89,2702.41,3,1,8.8,2019-06-06,Colombia,No
CLI-000594,Bogotá,Estándar,Un año,Tarjeta,70,141.44,9974.68,2,0,6.3,2020-03-18,Colombia,No
CLI-000971, bogotá ,Básico,Mes a mes,Transferencia,22,31.95,725.39,0,0,7.2,2021-01-28,Colombia,No
CLI-000203,Bogotá,Estándar,Un año,Transferencia,36,67.43,2529.0,0,1,5.1,2022-01-05,Colombia,No
CLI-002840,Cali,Básico,Mes a mes,Tarjeta,69,65.3,4906.2,0,1,6.3,2019-02-19,Colombia,No
CLI-002311,Medellín,Estándar,Mes a mes,Tarjeta,20,59.01,1156.28,1,1,,2020-01-27,Colombia,No
CLI-001876,Medellín,Básico,Un año,Débito automático,9,62.97,561.07,2,0,5.4,2021-10-21,Colombia,No
CLI-001681,Bogotá,Estándar,Un año,Tarjeta,67,65.27,4461.85,1,1,10.0,2020-01-29,Colombia,No
CLI-002951,Medellín,Premium,Mes a mes,Débito automático,3,105.71,286.04,1,1,,2019-02-16,Colombia,Sí
CLI-000439,Cali,Básico,Mes a mes,Tarjeta,6,58.75,,1,1,5.1,2021-01-18,Colombia,No
CLI-000327,Medellín,Premium,Un año,Tarjeta,17,97.73,1499.05,1,1,,2023-10-14,Colombia,Sí
CLI-001159,Bucaramanga,Básico,Un año,,28,50.72,1458.32,0,1,5.8,2019-11-22,Colombia,No
CLI-002556,Medellín,Estándar,Mes a mes,Efectivo,8,67.17,485.98,1,1,6.6,2019-11-09,Colombia,Sí
CLI-000388,Cali,,Mes a mes,Tarjeta,60,42.04,2737.27,1,1,4.9,2021-02-25,Colombia,No
CLI-001042,Bogotá,Estándar,Mes a mes,Transferencia,61,76.22,4302.05,1,1,10.0,2022-02-25,Colombia,No
CLI-002202,Bogotá,Premium,Mes a mes,Débito automático,1,80.06,79.91,0,1,8.0,2020-10-21,Colombia,No
CLI-001188,Medellín,Premium,Dos años,Tarjeta,43,57.16,2371.5,2,1,7.4,2021-03-26,Colombia,No
CLI-000282,Bogotá,Básico,Mes a mes,Tarjeta,35,106.93,3612.42,0,1,5.6,2021-05-25,Colombia,Sí
CLI-001645,Cali,Básico,Mes a mes,Transferencia,10,68.23,699.63,0,0,8.6,2023-11-27,Colombia,No
CLI-000352,Barranquilla,Estándar,Mes a mes,Débito automático,4,20.65,84.23,2,1,8.0,2022-06-06,Colombia,Sí
CLI-001356,Bogotá,Estándar,Dos años,Tarjeta,36,56.62,1834.97,0,0,10.0,2019-04-09,Colombia,No
CLI-000043,Bucaramanga,Básico,Mes a mes,Débito automático,50,103.13,4858.51,3,1,10.0,2020-05-17,Colombia,No
CLI-002640,Medellín,Premium,Mes a mes,Transferencia,61,64.51,3887.33,1,0,7.1,2020-04-20,Colombia,No
CLI-000102,Bogotá,Básico,Mes a mes,Efectivo,15,73.5,1158.68,1,0,8.2,2022-04-26,Colombia,Sí
CLI-002734,Cali,Básico,Mes a mes,Efectivo,16,44.92,748.04,2,0,5.4,2020-04-25,Colombia,Sí
CLI-001958,Cali,Premium,Un año,Transferencia,38,93.61,3729.9,4,1,8.9,2022-08-16,Colombia,No
CLI-000447,Bogotá,Premium,Dos años,Tarjeta,23,70.81,1554.07,1,1,,2023-01-06,Colombia,No
CLI-002374,Bogotá,Estándar,Un año,Débito automático,29,50.63,1603.96,2,1,7.8,2020-09-29,Colombia,No
CLI-001274,Medellín,Premium,Un año,Efectivo,48,58.44,2956.38,1,1,9.7,2023-07-28,Colombia,No
CLI-000135,Barranquilla,Estándar,Un año,Efectivo,57,79.45,4233.36,1,1,7.5,2022-11-12,Colombia,No
CLI-000575,Medellín,Estándar,Mes a mes,Efectivo,1,72.84,79.08,2,1,8.2,2023-01-13,Colombia,No
CLI-000877,Bogotá,Premium,Dos años,Débito automático,39,139.19,5417.89,0,0,4.1,2020-08-26,Colombia,No
CLI-002003,Medellín,Estándar,Dos años,Débito automático,29,37.12,1024.94,0,1,8.4,2021-01-09,Colombia,No
CLI-000857,Bucaramanga,Básico,Dos años,Débito automático,18,62.79,1095.48,0,1,8.1,2023-05-02,Colombia,No
CLI-000129,Barranquilla,Básico,Mes a mes,Tarjeta,41,45.38,1871.95,1,0,2.0,2023-01-16,Colombia,No
CLI-000748,Bogotá,Básico,Un año,Débito automático,23,80.94,1901.8,0,1,7.8,2019-03-23,Colombia,No
CLI-000573,Medellín,Premium,Mes a mes,Efectivo,21,86.49,1862.99,1,1,7.3,2023-02-20,Colombia,No
CLI-002544,Bogotá,Básico,Un año,,28,125.97,3773.28,0,1,5.4,2019-11-03,Colombia,No
CLI-002746,Cali,Premium,Un año,Transferencia,29,63.57,1937.55,3,1,2.5,2023-04-13,Colombia,No
CLI-000876,Bogotá,Básico,Un año,Transferencia,36,72.12,2404.26,1,1,,2023-01-10,Colombia,No
CLI-000104,Bucaramanga,Estándar,Mes a mes,Efectivo,1,41.33,42.84,1,0,9.9,2019-05-20,Colombia,No
CLI-002412,Medellín,Estándar,Mes a mes,Transferencia,4,44.34,181.13,2,0,5.6,2019-02-05,Colombia,Sí
CLI-000411,Bogotá,Básico,Un año,Tarjeta,13,91.8,1248.07,1,0,,2019-09-03,Colombia,Sí
CLI-002058,Cali,Básico,Mes a mes,Efectivo,53,68.5,,1,1,7.4,2020-11-21,Colombia,Sí
CLI-001179,Cali,Premium,Mes a mes,Transferencia,19,86.61,1545.53,0,0,,2023-01-24,Colombia,Sí
CLI-002892,Barranquilla,Estándar,Mes a mes,Transferencia,41,41.3,1749.32,1,1,,2023-12-03,Colombia,No
CLI-000605,Cali,Estándar,Un año,Transferencia,59,62.27,4014.68,3,1,6.3,2023-11-14,Colombia,No
CLI-002923,Bogotá,Básico,Mes a mes,Efectivo,9,81.87,788.07,3,0,5.3,2020-07-03,Colombia,Sí
CLI-001234,Medellín,Estándar,Un año,Transferencia,54,60.86,3028.7,0,0,7.1,2022-09-30,Colombia,No
CLI-002420,Medellín,Premium,Mes a mes,,30,77.41,2121.4,0,0,6.9,2021-02-18,Colombia,Sí
CLI-001434,Bogotá,Básico,Mes a mes,Débito automático,40,53.42,1943.0,1,0,7.3,2020-09-21,Colombia,No
CLI-000385,Medellín,Básico,Dos años,Tarjeta,3,37.24,111.29,4,0,7.8,2022-06-23,Colombia,No
CLI-002086,Barranquilla,Básico,Mes a mes,Transferencia,47,53.77,,0,0,5.2,2019-05-04,Colombia,No
CLI-000057,Bucaramanga,Estándar,Mes a mes,Tarjeta,39,52.13,2097.01,2,1,,2022-07-29,Colombia,No
CLI-000712,Bogotá,Básico,Mes a mes,Débito automático,38,43.06,1516.28,0,1,6.5,2023-12-01,Colombia,No
CLI-000325,Bucaramanga,Estándar,Mes a mes,Tarjeta,70,87.19,5773.02,0,0,7.0,2019-08-10,Colombia,No
CLI-000079,Medellín,Básico,Mes a mes,Débito automático,41,46.74,1864.59,0,1,8.4,2019-10-13,Colombia,No
CLI-000541,Bucaramanga,Estándar,Mes a mes,Tarjeta,51,58.7,3271.05,0,0,9.3,2022-11-11,Colombia,No
CLI-000356,Barranquilla,Estándar,Mes a mes,Efectivo,71,58.45,4353.03,2,0,10.0,2021-11-26,Colombia,No
CLI-002153,Bogotá,Básico,Mes a mes,Efectivo,61,55.51,3414.84,2,0,,2023-10-05,Colombia,No
CLI-000360,Bogotá,Básico,Dos años,Transferencia,54,63.48,3309.96,0,1,7.1,2021-01-19,Colombia,No
CLI-001019,Cali,Básico,Dos años,Transferencia,3,89.05,242.14,0,1,6.5,2022-08-04,Colombia,No
CLI-002672,Bogotá,Básico,Mes a mes,Débito automático,61,50.84,2853.62,1,0,4.1,2023-10-07,Colombia,Sí
CLI-002856,Bogotá,,Mes a mes,Débito automático,6,68.68,374.48,3,1,6.6,2020-11-11,Colombia,Sí
CLI-000916,Bogotá,,Un año,Transferencia,33,18.0,535.15,1,1,6.1,2020-04-14,Colombia,No
CLI-000308,Medellín,Estándar,Un año,,40,91.05,3308.23,1,0,6.8,2021-09-19,Colombia,No
CLI-001414,Cali,Premium,Mes a mes,Tarjeta,57,22.62,1163.7,1,0,9.5,2020-01-29,Colombia,No
CLI-000814,Barranquilla,Básico,Mes a mes,Débito automático,21,92.71,1805.83,2,0,,2023-09-28,Colombia,Sí
CLI-000042,Bogotá,,Mes a mes,Tarjeta,54,54.38,,0,1,5.9,2021-01-13,Colombia,No
CLI-001599,Bogotá,Básico,Mes a mes,Transferencia,61,53.2,3283.52,0,1,9.6,2019-07-23,Colombia,No
CLI-001406,Bogotá,Estándar,Mes a mes,Tarjeta,12,38.57,428.24,4,0,5.1,2022-08-21,Colombia,Sí
CLI-001616,Bogotá,Básico,Mes a mes,Tarjeta,13,48.57,659.24,2,0,9.1,2020-10-03,Colombia,No
CLI-000883,Bogotá,Básico,Mes a mes,Débito automático,32,18.63,611.73,3,1,5.7,2022-01-30,Colombia,No
CLI-000699,Bogotá,Estándar,Dos años,Efectivo,4,86.94,335.2,1,0,10.0,2022-12-13,Colombia,No
CLI-002062,Bogotá,Básico,Dos años,Débito automático,40,71.01,3066.46,1,0,8.4,2021-07-08,Colombia,No
CLI-000004,Cali,Básico,Dos años,Débito automático,32,81.49,2486.81,2,1,6.0,2023-02-01,Colombia,No
CLI-000216,Bogotá,Básico,Dos años,Débito automático,20,29.62,536.96,0,0,6.2,2023-04-08,Colombia,No
CLI-000977,Medellín,Estándar,Un año,Débito automático,7,45.42,348.5,0,1,5.6,2019-06-29,Colombia,No
CLI-000099,Bogotá,Básico,Un año,Débito automático,46,90.23,3752.48,2,0,5.8,2021-02-20,Colombia,No
CLI-001658,Cali,Básico,Un año,Efectivo,63,66.17,4067.98,2,0,4.2,2020-11-20,Colombia,No
CLI-002501,Bogotá,Estándar,Dos años,Tarjeta,50,102.74,4947.65,1,1,,2020-05-08,Colombia,No
CLI-002733,Bucaramanga,,Mes a mes,Débito automático,67,84.41,5710.79,0,1,7.1,2019-05-14,Colombia,No
CLI-001371,Bogotá,Básico,Un año,Débito automático,63,47.12,3184.03,0,1,9.9,2021-08-28,Colombia,No
CLI-002621,Cali,Básico,Mes a mes,Efectivo,61,97.69,6465.95,2,0,7.9,2022-10-27,Colombia,No
CLI-002392,Cali,Premium,Mes a mes,Tarjeta,14,51.45,663.45,0,1,2.8,2022-08-28,Colombia,Sí
CLI-002531,Cali,,Un año,Efectivo,66,77.09,5464.24,0,0,9.6,2021-06-26,Colombia,No
CLI-001192, bogotá ,Básico,Mes a mes,Débito automático,20,22.55,491.4,0,1,,2023-05-28,Colombia,No
CLI-001988,Barranquilla,Estándar,Mes a mes,Efectivo,16,94.46,1515.03,1,1,8.5,2022-03-03,Colombia,No
CLI-001845,Medellín,Estándar,Dos años,Débito automático,53,147.21,8099.85,0,0,7.1,2020-03-26,Colombia,No
CLI-001517,Medellín,Estándar,Dos años,Tarjeta,35,50.39,1678.39,1,0,6.1,2019-08-29,Colombia,No
CLI-000701,Cali,Básico,Mes a mes,Tarjeta,37,56.96,2076.95,0,0,2.5,2022-10-31,Colombia,No
CLI-000456,Medellín,Básico,Un año,Transferencia,40,18.0,692.22,1,0,5.6,2020-02-01,Colombia,No
CLI-002422,Cali,Estándar,Un año,Efectivo,54,105.17,5358.13,1,1,6.2,2023-11-18,Colombia,No
CLI-002271,Bogotá,Premium,Mes a mes,Débito automático,23,51.61,1300.63,1,0,7.2,2022-08-09,Colombia,No
CLI-000522,Bogotá,Premium,Mes a mes,Débito automático,11,55.99,622.99,2,1,7.2,2020-03-26,Colombia,No
CLI-001261,Bogotá,Estándar,Dos años,Débito automático,19,74.39,1293.47,3,1,8.4,2022-03-30,Colombia,No
CLI-002683,Bogotá,Estándar,Un año,Transferencia,28,77.13,2345.16,2,1,,2020-01-06,Colombia,No
CLI-001038,Bogotá,Básico,Mes a mes,Tarjeta,2,18.0,33.06,2,1,9.2,2021-09-25,Colombia,No
CLI-000390,Cali,Estándar,Mes a mes,Transferencia,11,86.53,955.01,0,1,6.4,2022-11-12,Colombia,No
CLI-000952,Cali,Premium,Mes a mes,Efectivo,22,109.39,2440.82,1,0,10.0,2019-07-30,Colombia,Sí
CLI-001823,Bucaramanga,Básico,Un año,Efectivo,22,56.07,1304.51,0,0,7.8,2023-06-13,Colombia,No
CLI-000412,Medellín,Básico,Mes a mes,Efectivo,17,55.95,914.65,1,1,6.2,2023-08-26,Colombia,No
CLI-002594,Bucaramanga,Básico,Dos años,Transferencia,7,56.46,421.57,0,0,8.0,2020-09-19,Colombia,No
CLI-001674,Medellín,Premium,Mes a mes,Débito automático,54,54.41,2785.06,1,0,6.8,2023-11-19,Colombia,No
CLI-001302,Bogotá,Estándar,Mes a mes,,29,29.58,835.07,3,0,6.5,2021-08-01,Colombia,No
CLI-002607,Cali,Premium,Mes a mes,Tarjeta,38,49.4,1710.52,3,0,10.0,2021-08-08,Colombia,No
CLI-001297,Bogotá,Estándar,Mes a mes,Débito automático,19,85.97,1739.75,2,1,7.5,2020-07-21,Colombia,Sí
CLI-001590,Cali,Básico,Dos años,Tarjeta,3,105.59,311.21,2,1,6.3,2022-11-30,Colombia,No
CLI-001269,Cali,Estándar,Mes a mes,Transferencia,68,116.03,7302.02,0,0,,2022-07-14,Colombia,No
CLI-002467,Barranquilla,Básico,Un año,Tarjeta,22,89.75,2166.94,0,0,7.5,2023-01-24,Colombia,Sí
CLI-002587,Medellín,Estándar,Dos años,Tarjeta,27,65.87,1935.53,1,1,5.0,2022-02-21,Colombia,No
CLI-002846,Bucaramanga,Básico,Un año,Efectivo,33,70.01,2437.0,2,1,7.2,2021-12-03,Colombia,Sí
CLI-001022,Cali,Estándar,Un año,Efectivo,6,47.97,274.89,2,1,8.3,2021-10-15,Colombia,No
CLI-000502,Bogotá,Básico,Un año,Transferencia,47,53.99,2601.65,1,1,5.1,2020-04-18,Colombia,No
CLI-002894,Medellín,Estándar,Mes a mes,Tarjeta,65,33.39,2345.14,3,0,5.2,2019-07-08,Colombia,Sí
CLI-000759,Cali,Premium,Mes a mes,Tarjeta,10,53.77,547.8,2,0,1.2,2019-04-20,Colombia,Sí
CLI-002636,Bogotá,Estándar,Un año,Transferencia,2,25.88,50.95,3,1,6.2,2022-03-21,Colombia,Sí
CLI-000429,Cali,Estándar,Mes a mes,Transferencia,2,30.97,58.44,1,1,,2023-08-25,Colombia,No
CLI-001623,Bucaramanga,Premium,Un año,Transferencia,66,75.74,,1,0,9.7,2021-07-17,Colombia,No
CLI-001318,Barranquilla,Premium,Un año,Débito automático,42,58.4,2596.73,1,0,8.0,2022-10-13,Colombia,No
CLI-001137,Cali,Estándar,Mes a mes,Transferencia,52,100.95,5538.56,2,1,4.2,2021-11-12,Colombia,No
CLI-000074,Barranquilla,Estándar,Mes a mes,Débito automático,10,40.88,417.37,1,1,4.9,2019-09-19,Colombia,Sí
CLI-000026,Bogotá,Básico,Un año,Transferencia,46,49.76,2472.53,0,1,9.0,2021-06-24,Colombia,No
CLI-001345,Bogotá,Premium,Mes a mes,Efectivo,14,48.61,656.91,0,1,8.8,2023-07-20,Colombia,No
CLI-001618,Bogotá,Estándar,Un año,Débito automático,37,26.87,1004.76,1,1,6.8,2020-03-27,Colombia,No
CLI-001127,Bogotá,Estándar,Mes a mes,Débito automático,61,72.07,4300.83,0,0,5.6,2023-10-29,Colombia,No
CLI-001626,Bucaramanga,,Dos años,Débito automático,71,88.48,5702.62,1,0,5.6,2019-04-23,Colombia,No
CLI-001140,Bogotá,Estándar,Mes a mes,Transferencia,39,95.96,3665.88,1,1,5.8,2019-07-04,Colombia,Sí
CLI-000506,Medellín,Premium,Un año,Débito automático,33,82.13,2642.13,2,0,7.6,2020-10-11,Colombia,Sí
CLI-001780,Cali,Básico,Un año,Transferencia,49,41.21,2170.76,1,1,7.5,2019-12-04,Colombia,No
CLI-001395,Bogotá,Estándar,Mes a mes,Transferencia,16,49.45,836.04,1,0,4.8,2022-03-11,Colombia,No
CLI-002386,Medellín,Básico,Mes a mes,Transferencia,63,18.0,1032.44,3,0,3.9,2019-12-12,Colombia,No
CLI-002287,Cali,Estándar,Mes a mes,Transferencia,65,28.33,,2,1,10.0,2020-02-04,Colombia,No
CLI-002796,Bogotá,Básico,Mes a mes,Transferencia,66,94.53,5690.12,2,1,7.8,2019-01-29,Colombia,No
CLI-001802,Cali,Premium,Dos años,Débito automático,34,42.7,,1,1,8.5,2022-05-08,Colombia,No
CLI-002461,Bogotá,Premium,Mes a mes,Efectivo,25,78.08,1910.24,1,0,10.0,2019-07-24,Colombia,No
CLI-001121,Medellín,Básico,Mes a mes,Efectivo,1,45.22,42.81,1,0,7.7,2019-06-26,Colombia,No
CLI-002504,Bogotá,Básico,Un año,Transferencia,8,58.62,442.93,1,1,6.7,2019-07-21,Colombia,No
CLI-000587,Bogotá,Premium,Mes a mes,Tarjeta,49,86.51,3900.41,2,1,7.3,2020-10-11,Colombia,No
CLI-001804,Bogotá,Básico,Mes a mes,Efectivo,19,110.3,,1,1,7.4,2020-06-26,Colombia,No
CLI-000612,Bogotá,Básico,Un año,Transferencia,33,34.83,1073.26,2,1,8.4,2020-01-21,Colombia,No
CLI-001139,Bogotá,,Un año,Transferencia,53,22.16,,3,0,9.7,2023-01-10,Colombia,No
CLI-000426,Cali,Premium,Dos años,Transferencia,15,76.67,1240.07,2,1,7.6,2019-07-24,Colombia,No
CLI-000649,Barranquilla,Estándar,Dos años,Débito automático,69,50.05,3289.37,1,1,9.2,2019-12-15,Colombia,No
CLI-001090,Bogotá,Básico,Mes a mes,Transferencia,11,82.49,950.71,2,1,8.3,2019-07-30,Colombia,No
CLI-002825,Cali,Estándar,Mes a mes,Tarjeta,44,59.74,2781.43,2,1,10.0,2022-12-12,Colombia,No
CLI-002038,Bogotá,Básico,Un año,Débito automático,3,96.98,285.04,2,0,4.9,2019-06-06,Colombia,Sí
CLI-001409,Bucaramanga,Básico,Mes a mes,Efectivo,1,71.61,75.19,3,1,10.0,2019-08-30,Colombia,Sí
CLI-000566,Cali,,Mes a mes,,17,33.2,524.9,1,0,4.5,2020-03-23,Colombia,No
CLI-002270,Cali,Básico,Mes a mes,Transferencia,70,76.18,5251.09,0,1,9.3,2020-05-30,Colombia,No
CLI-000886,Medellín,Estándar,Mes a mes,Débito automático,53,45.75,2646.58,1,0,6.2,2022-07-31,Colombia,Sí
CLI-002964,Bogotá,Básico,Mes a mes,Transferencia,5,52.61,264.05,2,1,7.7,2021-07-18,Colombia,No
CLI-002513,Barranquilla,,Mes a mes,Efectivo,69,75.86,5393.88,0,1,9.4,2021-02-02,Colombia,No
CLI-000783,Bogotá,Estándar,Mes a mes,Efectivo,9,35.16,309.53,1,1,8.6,2019-12-01,Colombia,No
CLI-002642,Bucaramanga,Premium,Un año,Efectivo,36,74.27,2746.12,2,0,6.5,2021-12-11,Colombia,No
CLI-002580,Bucaramanga,Básico,Mes a mes,Débito automático,41,65.66,2654.25,1,1,5.4,2021-06-09,Colombia,No
CLI-000630,Bogotá,Estándar,Mes a mes,Efectivo,27,81.7,,1,1,7.2,2020-02-12,Colombia,Sí
CLI-002911,Barranquilla,Estándar,Mes a mes,Débito automático,8,31.13,240.55,1,0,10.0,2020-04-28,Colombia,No
CLI-002732,Medellín,Básico,Un año,Transferencia,38,90.55,3649.22,2,1,8.5,2022-03-30,Colombia,No
CLI-000501,Cali,Estándar,Mes a mes,Tarjeta,9,74.11,602.14,0,0,4.3,2022-11-11,Colombia,No
CLI-002219,Medellín,Básico,Mes a mes,Tarjeta,21,52.83,1161.23,2,1,8.7,2023-10-04,Colombia,No
CLI-001921,Cali,Estándar,Mes a mes,Transferencia,28,75.65,1922.03,0,1,7.2,2022-03-26,Colombia,No
CLI-000409,Medellín,Estándar,Un año,Efectivo,67,60.73,3737.77,0,0,6.9,2021-04-17,Colombia,No
CLI-001344,Barranquilla,Estándar,Un año,Transferencia,41,45.45,1865.35,2,1,8.7,2021-02-04,Colombia,No
CLI-000165,Medellín,Básico,Mes a mes,Transferencia,30,74.81,2352.24,0,1,9.7,2023-07-02,Colombia,No
CLI-002520,Barranquilla,Básico,Mes a mes,Efectivo,71,89.38,6541.52,1,1,8.9,2021-11-06,Colombia,No
CLI-000244,Bogotá,Básico,Un año,Débito automático,47,18.0,823.19,1,0,9.2,2021-07-24,Colombia,No
CLI-002891,Cali,Estándar,Mes a mes,Transferencia,11,65.01,738.67,2,0,9.2,2022-04-28,Colombia,Sí
CLI-002860,Bogotá,Básico,Mes a mes,Transferencia,32,145.59,4570.45,1,1,9.7,2023-08-13,Colombia,No
CLI-001523,Bogotá,Estándar,Dos años,Transferencia,14,65.11,881.3,0,1,8.2,2019-05-27,Colombia,No
CLI-000379,Medellín,,Mes a mes,Débito automático,27,106.96,2941.88,3,1,6.5,2023-10-02,Colombia,Sí
CLI-001088,Barranquilla,Básico,Mes a mes,Débito automático,71,120.52,8405.22,0,1,7.3,2019-12-28,Colombia,No
CLI-001850,Bogotá,Estándar,Dos años,Débito automático,12,58.9,766.18,0,0,8.7,2019-07-22,Colombia,Sí
CLI-002615,Bogotá,Básico,Mes a mes,Débito automático,8,39.61,285.3,1,0,5.6,2019-07-19,Colombia,No
CLI-000295,Bogotá,Básico,Mes a mes,Efectivo,39,97.48,3711.5,0,0,,2022-07-09,Colombia,No
CLI-000099,Bogotá,Básico,Un año,Débito automático,46,90.23,3752.48,2,0,5.8,2021-02-20,Colombia,No
CLI-001960,Bogotá,Básico,Mes a mes,Transferencia,14,100.71,1434.34,0,1,6.6,2023-09-27,Colombia,No
CLI-002210,Bogotá,Premium,Mes a mes,Efectivo,10,73.42,778.59,2,0,6.1,2019-04-12,Colombia,Sí
CLI-001990,Bucaramanga,Básico,Un año,Efectivo,66,69.06,4856.84,1,1,7.1,2022-01-03,Colombia,No
CLI-002613,Barranquilla,Básico,Un año,Efectivo,13,65.99,857.85,0,1,6.3,2021-02-03,Colombia,No
CLI-000316,Barranquilla,Básico,Dos años,Efectivo,47,77.42,3277.68,0,0,5.4,2019-01-18,Colombia,No
CLI-000529,Bogotá,Estándar,Mes a mes,Transferencia,65,49.84,3186.18,1,0,5.8,2021-08-02,Colombia,No
CLI-002994,Medellín,Básico,Un año,Efectivo,61,80.15,5222.39,0,1,5.7,2021-07-03,Colombia,No
CLI-001178,Bogotá,Básico,Mes a mes,Tarjeta,14,64.65,851.52,1,0,4.5,2019-10-22,Colombia,No
CLI-000190,Cali,Premium,Dos años,Tarjeta,22,52.65,,0,1,9.4,2023-10-23,Colombia,No
CLI-000028,Medellín,Básico,Mes a mes,Transferencia,59,35.67,2088.93,0,0,7.5,2023-01-08,Colombia,No
CLI-002924,Bogotá,Básico,Un año,Efectivo,39,52.7,2100.97,2,0,4.7,2021-11-25,Colombia,No
CLI-000275,Bucaramanga,Básico,Mes a mes,Tarjeta,30,57.09,1561.15,0,1,7.2,2021-07-23,Colombia,No
CLI-002007,Bogotá,Estándar,Mes a mes,Efectivo,31,104.06,3488.32,1,1,8.7,2020-05-17,Colombia,No
CLI-001075,Bogotá,Estándar,Dos años,Tarjeta,34,65.63,2017.41,2,0,8.7,2022-01-16,Colombia,No
CLI-001958,Cali,Premium,Un año,Transferencia,38,93.61,3729.9,4,1,8.9,2022-08-16,Colombia,No
CLI-002048,Cali,Básico,Mes a mes,Tarjeta,38,81.19,3359.2,0,0,5.5,2023-11-26,Colombia,No
CLI-001922,Medellín,Básico,Dos años,Tarjeta,39,78.12,2902.07,1,0,8.2,2022-05-07,Colombia,No
CLI-002238,Bogotá,Básico,Un año,Tarjeta,20,65.86,1288.49,3,1,6.9,2019-03-23,Colombia,No
CLI-002702,Barranquilla,,Un año,Transferencia,57,36.8,2038.99,2,0,6.4,2021-07-02,Colombia,No
CLI-001335,Bogotá,Básico,Dos años,Transferencia,38,97.51,3773.76,0,1,1.7,2022-07-24,Colombia,No
CLI-002218,Medellín,Premium,Mes a mes,Tarjeta,71,85.27,5795.54,0,1,8.6,2019-08-22,Colombia,No
CLI-002268,Medellín,Básico,Un año,Tarjeta,52,85.81,4580.4,1,0,2.1,2019-09-04,Colombia,Sí
CLI-002087,Bogotá,Básico,Dos años,Efectivo,53,110.14,5777.4,2,0,5.5,2019-10-25,Colombia,No
CLI-000586,Bogotá,Básico,Mes a mes,Efectivo,66,45.14,3037.73,2,1,10.0,2021-12-21,Colombia,No
CLI-000838,Bogotá,Básico,Dos años,Débito automático,15,51.25,734.96,3,0,6.2,2020-04-15,Colombia,Sí
CLI-000711,Bogotá,Estándar,Dos años,Transferencia,49,48.73,2598.3,0,0,8.2,2021-12-22,Colombia,No
CLI-002431,Medellín,Básico,Mes a mes,Tarjeta,10,39.61,380.16,3,1,8.6,2021-02-25,Colombia,No
CLI-002515,Bogotá,Básico,Un año,Efectivo,8,53.29,390.49,4,0,6.2,2020-01-20,Colombia,No
CLI-001251,Cali,Premium,Mes a mes,Transferencia,18,68.73,1260.72,1,0,7.9,2022-01-25,Colombia,No
CLI-001560,Bucaramanga,Premium,Dos años,Efectivo,61,18.88,1159.89,1,1,5.1,2019-09-28,Colombia,No
CLI-002608,Bogotá,Estándar,Un año,Tarjeta,19,68.13,1254.28,0,0,,2023-11-26,Colombia,No
CLI-001438,Bogotá,Estándar,Un año,Efectivo,47,71.97,3658.43,1,1,8.1,2021-04-15,Colombia,No
CLI-002847,Cali,Estándar,Mes a mes,Tarjeta,62,76.49,5137.51,0,1,6.7,2021-05-16,Colombia,No
CLI-001554,Barranquilla,Básico,Mes a mes,Efectivo,44,72.97,3153.99,1,1,,2023-04-24,Colombia,Sí
CLI-000817,Bucaramanga,Básico,Un año,Efectivo,4,38.05,142.98,3,1,8.7,2023-02-26,Colombia,No
CLI-000029,Medellín,Estándar,Un año,Efectivo,39,78.21,3224.15,1,1,7.6,2021-01-10,Colombia,No
CLI-002348,Medellín,Básico,Mes a mes,Efectivo,54,73.98,4271.51,3,0,5.9,2021-07-01,Colombia,No
CLI-000958, bogotá ,Estándar,Un año,Transferencia,46,54.2,2632.79,0,0,7.6,2020-05-07,Colombia,No
CLI-000303,Medellín,Estándar,Un año,Tarjeta,1,54.25,53.64,3,1,6.7,2019-07-26,Colombia,No
CLI-000572,Bogotá,Estándar,Dos años,Débito automático,30,57.66,1843.08,3,1,7.4,2023-07-08,Colombia,No
CLI-002674,Medellín,Estándar,Mes a mes,Tarjeta,14,68.22,871.83,1,0,6.4,2021-05-26,Colombia,Sí
CLI-002807,Medellín,Premium,Un año,Tarjeta,21,50.02,1146.8,1,0,10.0,2022-01-09,Colombia,No
CLI-000631,Cali,Básico,Un año,Débito automático,53,74.88,3625.33,0,1,8.3,2023-05-17,Colombia,No
CLI-001512,Medellín,Estándar,Dos años,Efectivo,17,68.67,1100.72,1,1,6.1,2023-04-03,Colombia,No
CLI-002484,Bogotá,Estándar,Dos años,Débito automático,23,87.58,2043.94,0,0,5.6,2022-02-01,Colombia,No
CLI-002957,Bogotá,Estándar,Mes a mes,Transferencia,8,100.9,739.97,1,0,8.4,2019-03-16,Colombia,Sí
CLI-001730,Cali,Estándar,Mes a mes,Transferencia,8,35.95,272.51,1,0,7.2,2020-09-18,Colombia,No
CLI-001064,Barranquilla,Básico,Un año,Transferencia,51,24.99,1367.55,1,1,5.6,2021-07-07,Colombia,Sí
CLI-002332,Cali,Premium,Mes a mes,Transferencia,62,108.72,7238.05,1,1,,2023-03-08,Colombia,No
CLI-002495,Bogotá,Básico,Mes a mes,Débito automático,30,70.65,2076.22,1,1,5.3,2019-12-03,Colombia,No
CLI-002223,Medellín,Básico,Dos años,Efectivo,2,73.42,146.64,0,0,1.7,2020-06-16,Colombia,No
CLI-002024,Bucaramanga,Básico,Un año,Efectivo,43,102.75,4579.05,2,0,7.6,2022-01-15,Colombia,No
CLI-002662,Bogotá,Estándar,Dos años,Tarjeta,56,88.32,4806.03,1,1,6.9,2020-04-03,Colombia,No
CLI-002260,Bucaramanga,,Dos años,Tarjeta,71,77.02,5311.18,2,0,,2020-06-19,Colombia,No
CLI-001870,Medellín,Estándar,Mes a mes,Transferencia,55,63.47,3518.23,0,1,9.3,2022-12-10,Colombia,No
CLI-000924,Bucaramanga,Básico,Mes a mes,Efectivo,11,57.07,577.64,1,1,2.6,2019-10-30,Colombia,Sí
CLI-000723,Cali,Básico,Dos años,Débito automático,60,23.44,1532.13,3,0,5.8,2022-06-13,Colombia,No
CLI-000060,Cali,Estándar,Un año,Débito automático,49,21.64,1165.28,2,0,6.9,2021-04-22,Colombia,No
CLI-002256, bogotá ,Estándar,Dos años,Transferencia,49,48.48,2371.6,1,1,10.0,2023-10-02,Colombia,No
CLI-002458,Medellín,Básico,Mes a mes,Tarjeta,67,53.72,3876.01,0,0,,2022-04-08,Colombia,No
CLI-001878,Cali,Básico,Dos años,Tarjeta,64,82.2,5340.42,3,1,4.3,2022-01-21,Colombia,No
CLI-000024,Cali,Básico,Dos años,Débito automático,66,78.25,5652.38,3,1,9.7,2021-11-28,Colombia,No
CLI-000578,Bogotá,Estándar,Un año,Débito automático,38,94.91,3754.86,4,1,8.3,2019-02-07,Colombia,No
CLI-000684,Bucaramanga,Premium,Un año,Efectivo,69,79.86,5159.65,0,1,6.9,2020-02-28,Colombia,No
CLI-001871,Cali,Premium,Dos años,Efectivo,4,70.47,303.87,1,1,4.0,2019-11-08,Colombia,Sí
CLI-001016,Medellín,Básico,Mes a mes,Tarjeta,60,70.91,4495.16,2,0,7.1,2023-05-04,Colombia,No
CLI-000347,Barranquilla,Premium,Dos años,Transferencia,71,81.93,5364.05,2,1,8.1,2023-01-08,Colombia,No
CLI-002294,Medellín,Estándar,Un año,Tarjeta,54,88.94,4932.79,1,0,7.6,2019-06-17,Colombia,No
CLI-001668,Barranquilla,Estándar,Mes a mes,Efectivo,49,80.32,3812.45,0,1,8.6,2019-04-19,Colombia,No
CLI-001556,Medellín,Premium,Un año,Débito automático,12,55.83,722.91,1,0,6.9,2019-10-20,Colombia,No
CLI-000298,Bogotá,Básico,Un año,Efectivo,32,126.69,4000.79,0,1,10.0,2021-04-19,Colombia,No
CLI-000009,Bogotá,Premium,Mes a mes,Débito automático,15,34.32,553.72,1,1,7.4,2023-10-03,Colombia,No
CLI-002978,Bogotá,Estándar,Mes a mes,Tarjeta,64,90.45,5641.35,0,1,9.4,2020-03-29,Colombia,No
CLI-000229,Bogotá,Estándar,Mes a mes,Transferencia,39,66.47,2541.44,1,0,7.2,2020-12-22,Colombia,No
CLI-000490,Medellín,Premium,Un año,Tarjeta,44,120.02,5713.41,4,1,4.9,2019-01-16,Colombia,No
CLI-002602,Barranquilla,Estándar,Mes a mes,Transferencia,16,96.59,1607.69,0,0,7.3,2021-04-03,Colombia,No
CLI-001666,Bogotá,Básico,Mes a mes,Efectivo,29,83.92,2397.04,3,1,5.3,2021-02-25,Colombia,Sí
CLI-000830,Medellín,Premium,Dos años,Débito automático,3,30.49,92.43,2,1,10.0,2019-09-09,Colombia,No
CLI-000386,Bucaramanga,Básico,Un año,Tarjeta,9,19.06,,1,0,8.2,2019-02-24,Colombia,No
CLI-001748,Cali,Básico,Dos años,Tarjeta,27,78.01,2148.41,1,0,6.3,2019-11-20,Colombia,No
CLI-000450,Bogotá,Premium,Un año,Tarjeta,21,80.89,1844.88,0,0,5.6,2023-09-01,Colombia,No
CLI-002521,Medellín,Básico,Un año,Débito automático,32,78.19,2669.96,0,0,10.0,2021-04-28,Colombia,No
CLI-000016,Medellín,Estándar,Dos años,Transferencia,56,65.93,3535.64,0,1,7.4,2020-05-04,Colombia,No
CLI-001115,Bucaramanga,Básico,Un año,Tarjeta,14,68.17,1007.05,1,0,7.1,2020-03-29,Colombia,No
CLI-002874,Cali,Premium,Mes a mes,Transferencia,16,95.54,1564.67,4,0,5.4,2021-06-04,Colombia,Sí
CLI-001389,Medellín,Básico,Un año,Transferencia,64,89.65,5268.78,1,1,,2021-01-02,Colombia,No
CLI-002696,Bogotá,Premium,Dos años,Tarjeta,27,56.01,1432.17,0,0,8.8,2020-12-30,Colombia,No
CLI-001589,Bogotá,Básico,Mes a mes,Efectivo,62,92.22,5170.19,0,1,5.9,2020-06-20,Colombia,Sí
CLI-000824,Bogotá,Básico,Mes a mes,Débito automático,47,76.92,3474.37,2,0,6.3,2021-03-03,Colombia,No
CLI-002176,Cali,Estándar,Dos años,Transferencia,55,37.73,2136.93,0,0,4.6,2022-08-23,Colombia,No
CLI-002798,Bogotá,Premium,Mes a mes,Transferencia,41,97.94,4063.84,1,1,7.4,2023-04-06,Colombia,No
CLI-001227,Medellín,Premium,Un año,Tarjeta,8,26.09,220.46,3,0,9.8,2022-11-03,Colombia,No
CLI-001967,Cali,Básico,Un año,Débito automático,27,79.52,2019.1,1,1,9.7,2023-07-07,Colombia,No
CLI-002690,Bogotá,Premium,Un año,Efectivo,70,26.67,1989.97,1,1,1.5,2020-05-09,Colombia,No
CLI-002009,Bucaramanga,Básico,Un año,Efectivo,56,105.53,6288.22,2,1,3.6,2021-03-25,Colombia,No
CLI-001232,Bogotá,Estándar,Mes a mes,Débito automático,53,44.2,2354.16,1,0,8.1,2019-08-07,Colombia,No
CLI-002104,Medellín,Básico,Un año,Transferencia,10,65.75,704.65,1,0,8.3,2022-09-09,Colombia,No
CLI-001010,Medellín,Básico,Un año,Tarjeta,37,70.4,2792.42,1,1,3.4,2022-09-10,Colombia,No
CLI-002706,Bogotá,Básico,Mes a mes,Efectivo,21,77.6,1729.78,2,1,,2022-01-05,Colombia,Sí
CLI-001998,Cali,Básico,Un año,Débito automático,71,46.42,3265.17,0,1,9.5,2019-03-10,Colombia,No
CLI-002771,Cali,Premium,Mes a mes,Débito automático,47,99.06,4510.41,2,1,6.6,2020-08-23,Colombia,Sí
CLI-002816,Barranquilla,Básico,Un año,Tarjeta,7,60.33,393.94,4,0,6.5,2022-10-16,Colombia,No
CLI-002453,Barranquilla,Básico,Mes a mes,Efectivo,7,58.11,436.63,2,1,9.2,2021-11-20,Colombia,No
CLI-001107,Bogotá,Estándar,Mes a mes,Tarjeta,18,75.03,1337.25,2,0,10.0,2019-05-01,Colombia,No
CLI-000498,Bogotá,Básico,Mes a mes,Tarjeta,27,39.93,1106.86,1,0,3.5,2023-04-16,Colombia,No
CLI-000353,Cali,Estándar,Mes a mes,Efectivo,22,76.85,1726.58,3,1,8.9,2020-10-21,Colombia,Sí
CLI-001943,Bogotá,Básico,Mes a mes,Tarjeta,63,52.17,3021.05,2,0,3.2,2022-03-21,Colombia,Sí
CLI-000443,Bogotá,Estándar,Un año,Tarjeta,10,85.07,850.74,2,1,8.3,2020-05-17,Colombia,No
CLI-000002,Cali,Estándar,Mes a mes,Efectivo,55,51.88,3125.71,2,1,5.0,2022-03-21,Colombia,No
CLI-000286,Bogotá,Básico,Mes a mes,Débito automático,67,50.63,3294.76,2,0,8.8,2023-03-18,Colombia,No
CLI-001561,Barranquilla,Básico,Mes a mes,Transferencia,21,39.37,787.79,1,1,5.4,2019-03-12,Colombia,No
CLI-001647,Barranquilla,Estándar,Mes a mes,Tarjeta,25,88.96,2032.07,1,0,5.5,2021-05-14,Colombia,No
CLI-000784,Barranquilla,Básico,Mes a mes,Transferencia,9,93.56,851.09,0,1,8.7,2020-08-03,Colombia,Sí
CLI-000861, bogotá ,Estándar,Mes a mes,Débito automático,69,80.49,5353.71,2,1,6.0,2023-06-28,Colombia,No
CLI-002851,Cali,Estándar,Un año,Efectivo,14,78.16,1151.81,1,0,7.4,2021-03-18,Colombia,No
CLI-002700,Bogotá,Básico,Mes a mes,Tarjeta,9,81.4,730.22,0,1,4.8,2020-09-25,Colombia,Sí
CLI-000349,Bogotá,Básico,Dos años,Tarjeta,13,70.99,845.93,0,0,7.4,2020-05-30,Colombia,No
CLI-000069,Medellín,Básico,Un año,Transferencia,6,18.0,107.5,1,1,6.2,2022-05-13,Colombia,No
CLI-000404,Bogotá,Estándar,Mes a mes,Tarjeta,69,95.6,6223.07,2,0,7.8,2020-12-01,Colombia,No
CLI-002384,Medellín,Básico,Mes a mes,Tarjeta,28,116.26,3480.14,0,1,7.4,2022-08-04,Colombia,No
CLI-000755,Medellín,Básico,Dos años,Transferencia,40,48.34,2048.07,0,1,3.5,2022-09-05,Colombia,No
CLI-000798,Barranquilla,Básico,Un año,Efectivo,33,76.17,2453.27,1,1,7.3,2022-07-09,Colombia,No
CLI-001051,Bogotá,Premium,Mes a mes,Transferencia,37,54.96,2164.73,1,0,8.9,2022-07-26,Colombia,No
CLI-002613,Barranquilla,Básico,Un año,Efectivo,13,65.99,857.85,0,1,6.3,2021-02-03,Colombia,No
CLI-002462,Bucaramanga,Básico,Mes a mes,Débito automático,16,62.1,919.45,0,1,8.5,2020-05-05,Colombia,Sí
CLI-000178,Medellín,Básico,Un año,Débito automático,12,94.35,1154.3,1,1,10.0,2019-05-06,Colombia,No
CLI-000954,Bucaramanga,Básico,Mes a mes,Débito automático,31,33.97,1122.08,0,1,6.3,2020-05-26,Colombia,No
CLI-001381,Cali,Estándar,Mes a mes,Débito automático,70,65.8,4589.28,2,0,5.8,2022-05-20,Colombia,No
CLI-002687,Cali,,Dos años,Transferencia,18,72.36,1191.38,0,1,9.9,2020-07-03,Colombia,No
CLI-001828,Cali,Estándar,Dos años,Transferencia,70,96.83,,1,1,7.8,2023-10-08,Colombia,No
CLI-002529,Bogotá,Básico,Mes a mes,Efectivo,7,99.92,652.77,1,1,,2021-02-06,Colombia,Sí
CLI-001907,Cali,Estándar,Un año,Débito automático,22,70.75,1543.65,4,0,7.0,2019-08-12,Colombia,No
CLI-000253,Barranquilla,Básico,Mes a mes,Débito automático,14,86.02,1202.42,1,0,6.1,2022-10-06,Colombia,No
CLI-001757,Bogotá,Premium,Mes a mes,Tarjeta,25,37.08,984.57,1,1,9.3,2022-12-17,Colombia,No
CLI-001439,Bogotá,Estándar,Dos años,Débito automático,23,48.43,1130.68,0,1,5.3,2023-01-30,Colombia,No
CLI-000559,Cali,Premium,Un año,Transferencia,57,84.55,4658.0,4,1,7.9,2019-06-27,Colombia,No
CLI-001578,Bogotá,Estándar,Mes a mes,Efectivo,57,67.6,3762.02,4,1,,2019-03-13,Colombia,No
CLI-002960,Cali,Premium,Mes a mes,Débito automático,34,103.95,3547.03,1,0,,2022-03-11,Colombia,No
CLI-000194,Bogotá,Básico,Mes a mes,Débito automático,26,60.36,1635.26,2,1,,2019-09-09,Colombia,No
CLI-002941,Cali,Estándar,Dos años,Tarjeta,51,68.79,3733.99,2,0,5.5,2022-10-14,Colombia,No
CLI-001508,Barranquilla,Estándar,Mes a mes,Tarjeta,35,52.96,2015.64,0,0,9.8,2021-05-15,Colombia,No
CLI-001946,Cali,Premium,Mes a mes,Transferencia,9,38.81,319.32,4,1,,2023-07-24,Colombia,No
CLI-002021,Bucaramanga,Básico,Mes a mes,Débito automático,22,57.53,1348.79,2,1,7.7,2022-06-10,Colombia,No
CLI-000245,Barranquilla,Estándar,Mes a mes,Débito automático,45,75.92,,1,1,5.4,2019-06-27,Colombia,Sí
CLI-000446,Bogotá,Estándar,Un año,Efectivo,48,40.98,2057.83,0,0,4.3,2022-06-27,Colombia,No
CLI-000477,Bucaramanga,Básico,Mes a mes,Débito automático,61,69.17,4368.22,1,0,8.1,2019-07-26,Colombia,No
CLI-000539,Barranquilla,Básico,Mes a mes,Tarjeta,39,56.73,2341.93,3,1,10.0,2021-03-13,Colombia,No
CLI-001331,Cali,Premium,Mes a mes,,32,106.99,3716.4,0,1,5.8,2019-05-20,Colombia,Sí
CLI-000256,Cali,Premium,Dos años,Efectivo,11,73.16,727.77,4,0,8.5,2022-06-20,Colombia,Sí
CLI-000452,Cali,Estándar,Mes a mes,Débito automático,66,82.75,5426.84,2,1,,2019-09-19,Colombia,No
CLI-002809,Cali,Básico,Mes a mes,Débito automático,57,98.95,6152.94,2,1,9.9,2019-12-23,Colombia,No
CLI-001489,Bogotá,Básico,Un año,Efectivo,8,88.15,715.76,1,0,7.3,2019-08-25,Colombia,No
CLI-001745,Cali,Básico,Mes a mes,Transferencia,15,80.72,1112.63,0,1,4.4,2019-05-20,Colombia,No
CLI-002389,Bogotá,Básico,Mes a mes,Tarjeta,68,91.66,,1,1,5.8,2020-09-24,Colombia,No
CLI-002969,Barranquilla,,Dos años,Tarjeta,52,65.28,3333.54,1,0,7.2,2022-07-11,Colombia,No
CLI-002457,Cali,Estándar,Un año,Efectivo,60,62.09,3478.02,1,1,4.4,2021-07-08,Colombia,No
CLI-000352,Barranquilla,Estándar,Mes a mes,Débito automático,4,20.65,84.23,2,1,8.0,2022-06-06,Colombia,Sí
CLI-002768,Barranquilla,Estándar,Dos años,Transferencia,71,118.75,7837.31,1,1,7.5,2022-04-22,Colombia,No
CLI-002922,Barranquilla,Estándar,Dos años,Transferencia,55,77.81,4089.41,4,0,,2020-11-05,Colombia,No
CLI-000949,Cali,Básico,Dos años,Transferencia,68,18.0,1176.21,2,0,8.4,2021-03-13,Colombia,No
CLI-000511,Cali,Estándar,Un año,Transferencia,71,64.1,4993.5,1,0,8.1,2021-05-01,Colombia,No
CLI-001394,Bucaramanga,Premium,Dos años,Débito automático,53,76.08,4370.07,5,1,,2023-05-31,Colombia,No
CLI-001509,Bogotá,Estándar,Dos años,Débito automático,62,120.79,8041.96,2,0,8.1,2021-09-29,Colombia,No
CLI-002116,Cali,Básico,Un año,Transferencia,15,22.55,333.31,1,0,5.2,2023-02-26,Colombia,No
CLI-002320,Cali,,Un año,Transferencia,55,22.86,,1,1,10.0,2022-12-22,Colombia,No
CLI-001332,Bogotá,Estándar,Mes a mes,,51,67.29,3629.38,1,1,8.6,2023-05-05,Colombia,No
CLI-001310,Cali,Básico,Un año,Transferencia,61,89.25,5815.47,0,0,6.9,2022-10-23,Colombia,No
CLI-001964,Bucaramanga,Básico,Mes a mes,Tarjeta,59,45.54,2872.96,0,1,5.8,2022-07-02,Colombia,No
CLI-001924,Bucaramanga,Básico,Mes a mes,Tarjeta,31,53.28,1517.83,0,1,3.4,2020-04-06,Colombia,No
CLI-002675,Medellín,Básico,Mes a mes,Efectivo,67,43.68,2768.36,1,1,7.7,2022-10-12,Colombia,No
CLI-002475,Barranquilla,Básico,Un año,Débito automático,8,79.91,589.24,1,1,5.5,2022-04-09,Colombia,No
CLI-001903, bogotá ,Básico,Mes a mes,Débito automático,52,75.39,3929.4,0,0,8.1,2020-08-24,Colombia,No
CLI-002747,Bogotá,Estándar,Un año,Débito automático,16,70.22,1073.02,1,0,9.0,2021-08-27,Colombia,No
CLI-002472,Bogotá,,Dos años,Débito automático,8,88.88,715.45,1,1,9.3,2023-08-04,Colombia,No
CLI-002559,Bogotá,Estándar,Un año,Tarjeta,3,61.98,196.27,1,1,3.7,2023-01-05,Colombia,Sí
CLI-000622,Barranquilla,Básico,Un año,Transferencia,34,79.68,2877.16,3,0,,2022-09-17,Colombia,No
CLI-001511,Cali,Básico,Mes a mes,Débito automático,24,95.7,2344.46,0,1,8.3,2019-06-08,Colombia,Sí
CLI-002015,Bogotá,Básico,Dos años,Tarjeta,46,37.27,1871.71,3,1,8.3,2021-01-03,Colombia,No
CLI-001672,Bogotá,Estándar,Dos años,Débito automático,41,53.26,2019.43,1,0,3.2,2021-09-08,Colombia,No
CLI-001701,Medellín,Estándar,Un año,Transferencia,19,68.71,1218.68,2,0,,2023-06-15,Colombia,Sí
CLI-001899,Bogotá,Estándar,Mes a mes,Débito automático,54,44.51,2600.44,1,1,7.7,2019-01-26,Colombia,No
CLI-001201,Bogotá,Estándar,Mes a mes,Débito automático,63,44.79,2873.51,4,1,8.7,2021-05-28,Colombia,No
CLI-002730,Bucaramanga,Básico,Dos años,Transferencia,33,123.04,4441.73,1,0,8.3,2020-02-20,Colombia,No
CLI-000664,Medellín,,Mes a mes,Débito automático,15,71.69,,2,1,4.7,2020-05-20,Colombia,No
CLI-000775,Cali,Básico,Mes a mes,Tarjeta,61,46.91,3032.32,1,0,3.3,2023-10-17,Colombia,No
CLI-000574,Bogotá,Básico,Mes a mes,Transferencia,4,60.08,239.48,0,1,5.7,2020-01-13,Colombia,No
CLI-001963,Barranquilla,Estándar,Un año,Tarjeta,11,96.61,1151.21,0,0,4.7,2022-01-24,Colombia,Sí
CLI-002368,Cali,Premium,Mes a mes,Transferencia,13,75.78,993.93,0,0,8.7,2020-10-28,Colombia,Sí
CLI-002228,Bogotá,Estándar,Mes a mes,Tarjeta,67,80.69,5402.13,0,0,8.9,2020-02-13,Colombia,No
CLI-002657,Barranquilla,Estándar,Dos años,Efectivo,5,98.17,515.65,0,1,6.2,2023-03-08,Colombia,No
CLI-002362,Medellín,Premium,Mes a mes,Débito automático,54,100.8,5502.03,1,0,7.6,2021-01-09,Colombia,No
CLI-001122,Bogotá,Básico,Dos años,Tarjeta,6,94.2,,4,0,,2023-04-04,Colombia,No
CLI-000551,Cali,Estándar,Dos años,Transferencia,58,38.39,,0,0,6.7,2021-10-28,Colombia,No
CLI-002564,Medellín,Estándar,Un año,Transferencia,30,31.44,853.83,0,0,6.0,2020-12-15,Colombia,No
CLI-002830,Cali,,Mes a mes,Tarjeta,10,80.35,881.91,0,0,5.2,2019-12-29,Colombia,Sí
CLI-000140,Bogotá,,Un año,Débito automático,32,43.31,1458.61,2,1,5.6,2019-07-22,Colombia,No
CLI-002064,Bucaramanga,Básico,Dos años,Débito automático,52,30.36,1563.51,0,1,8.4,2021-03-24,Colombia,No
CLI-000283,Bogotá,Estándar,Un año,Efectivo,48,82.66,4087.59,0,0,7.2,2021-02-14,Colombia,No
CLI-000259,Bogotá,Básico,Mes a mes,Tarjeta,13,85.16,999.08,2,0,8.0,2022-01-11,Colombia,No
CLI-000617,Bogotá,Estándar,Mes a mes,Tarjeta,18,69.14,1269.72,0,0,5.1,2020-06-09,Colombia,Sí
CLI-001812,Medellín,Básico,Mes a mes,Transferencia,47,61.84,3034.84,0,0,2.5,2021-04-11,Colombia,No
CLI-001798,Cali,Básico,Un año,Tarjeta,14,111.11,1695.66,2,0,5.5,2023-07-16,Colombia,Sí
CLI-002131,Bogotá,Básico,Dos años,Efectivo,51,68.76,,1,0,7.8,2021-03-02,Colombia,No
CLI-002828,Bogotá,Premium,Mes a mes,Tarjeta,67,53.0,3737.82,0,1,4.8,2021-12-23,Colombia,No
CLI-000726,Medellín,Básico,Mes a mes,Efectivo,9,70.43,692.86,1,1,9.1,2020-08-23,Colombia,No
CLI-001637,Bucaramanga,Básico,Mes a mes,Débito automático,12,103.21,1232.74,2,1,6.4,2019-10-25,Colombia,Sí
CLI-002302,Cali,Premium,Mes a mes,Tarjeta,11,88.98,,2,1,8.7,2021-06-26,Colombia,No
CLI-000678,Bogotá,Básico,Un año,Transferencia,6,91.16,597.24,1,0,8.6,2020-06-19,Colombia,No
CLI-002041,Bucaramanga,Estándar,Un año,Efectivo,21,63.91,1304.62,2,0,8.1,2022-06-09,Colombia,No
CLI-001153,Cali,Básico,Dos años,Tarjeta,31,54.93,,1,1,8.7,2019-02-28,Colombia,No
CLI-001930,Bogotá,Básico,Un año,Efectivo,68,57.23,3535.85,3,0,4.4,2022-07-28,Colombia,No
CLI-000056,Bucaramanga,Premium,Mes a mes,Efectivo,4,75.26,291.17,0,0,5.3,2021-12-28,Colombia,Sí
CLI-002042,Bogotá,Estándar,Un año,Efectivo,64,103.05,6933.36,2,1,7.6,2021-12-06,Colombia,No
CLI-002355,Bogotá,Básico,Un año,Tarjeta,22,98.72,,0,1,9.2,2022-02-08,Colombia,No
CLI-001412,Bogotá,Estándar,Un año,Débito automático,40,53.06,2275.5,1,0,7.3,2020-05-25,Colombia,No
CLI-002253,Cali,Premium,Un año,Tarjeta,18,66.32,1114.81,1,1,8.4,2020-06-19,Colombia,No
CLI-001289,Cali,Básico,Dos años,Transferencia,8,65.83,516.35,0,1,7.2,2023-12-04,Colombia,No
CLI-000167,Bogotá,Estándar,Mes a mes,Transferencia,23,18.0,447.23,2,1,10.0,2022-10-04,Colombia,No
CLI-002910,Bogotá,Básico,Mes a mes,Transferencia,25,88.4,2407.01,0,0,4.6,2019-07-07,Colombia,No
CLI-000873,Cali,Estándar,Dos años,Tarjeta,9,76.52,740.57,0,1,,2022-01-27,Colombia,No
CLI-001362,Bogotá,Estándar,Dos años,Débito automático,5,77.47,416.34,1,0,6.3,2020-04-14,Colombia,No
CLI-000888,Medellín,Básico,Un año,Débito automático,14,52.71,665.6,1,0,5.9,2023-09-15,Colombia,No
CLI-000889,Bucaramanga,Básico,Un año,Tarjeta,2,107.55,219.56,2,0,9.0,2023-08-30,Colombia,No
CLI-002519,Bogotá,Básico,Mes a mes,Efectivo,11,88.61,950.43,3,1,3.4,2022-05-25,Colombia,No
CLI-002448,Barranquilla,Estándar,Un año,Tarjeta,46,43.8,1904.61,0,0,7.8,2022-12-24,Colombia,No
CLI-001820,Cali,Básico,Mes a mes,Efectivo,21,60.01,1188.43,2,0,5.4,2022-10-31,Colombia,No
CLI-002480,Bucaramanga,Estándar,Mes a mes,Transferencia,10,107.01,,1,0,,2023-11-13,Colombia,No
CLI-000499,Cali,Básico,Un año,Débito automático,66,62.84,4448.02,1,1,8.2,2022-06-02,Colombia,No
CLI-000715,Medellín,Estándar,Mes a mes,Débito automático,66,78.38,5178.95,1,1,7.7,2020-06-30,Colombia,No
CLI-002763,Bogotá,Estándar,Dos años,Tarjeta,26,151.78,4095.83,2,0,5.6,2021-08-08,Colombia,Sí
CLI-001057, bogotá ,Premium,Mes a mes,Transferencia,32,70.27,2268.84,1,1,4.0,2023-09-06,Colombia,No
CLI-002889,Medellín,Premium,Mes a mes,Débito automático,11,80.18,855.59,3,1,7.5,2020-03-28,Colombia,No
CLI-000365,Cali,Básico,Un año,Transferencia,9,48.01,460.06,2,0,9.4,2020-06-14,Colombia,No
CLI-002039,Medellín,Premium,Un año,Tarjeta,71,64.21,4431.16,0,0,5.6,2021-09-21,Colombia,No
CLI-002439,Medellín,Básico,Un año,Efectivo,60,54.09,3044.81,0,0,5.6,2023-11-26,Colombia,No
CLI-001728,Barranquilla,Premium,Mes a mes,Efectivo,41,51.92,2331.1,1,0,10.0,2019-02-23,Colombia,No
CLI-001173,Cali,Premium,Mes a mes,Transferencia,28,68.61,1799.47,0,0,,2021-01-01,Colombia,No
CLI-000535,Bucaramanga,Básico,Dos años,Transferencia,41,72.2,3175.72,1,0,8.1,2022-08-14,Colombia,No
CLI-000801,Bogotá,Básico,Dos años,Tarjeta,1,18.0,19.47,1,0,4.7,2022-01-07,Colombia,No
CLI-000618,Bogotá,Estándar,Un año,Transferencia,19,71.34,1451.77,1,1,5.3,2021-02-18,Colombia,No
CLI-002861,Bogotá,Premium,Mes a mes,Débito automático,14,52.1,794.67,2,0,,2021-04-08,Colombia,No
CLI-000601,Medellín,Básico,Dos años,Efectivo,44,33.82,1344.32,0,0,9.8,2020-08-17,Colombia,No
CLI-000124,Bogotá,Premium,Un año,Débito automático,34,52.42,1753.36,2,1,9.5,2022-10-22,Colombia,No
CLI-001598,Bogotá,Básico,Dos años,Transferencia,52,58.14,2798.98,2,0,7.1,2019-04-13,Colombia,No
CLI-000335,Medellín,Estándar,Un año,Efectivo,33,23.7,765.35,1,1,7.0,2019-11-18,Colombia,No
CLI-001858,Medellín,Estándar,Dos años,Débito automático,42,53.25,2433.84,1,1,8.5,2022-11-14,Colombia,No
CLI-002606,Bogotá,Básico,Mes a mes,Transferencia,54,80.38,4031.79,1,0,3.3,2020-02-20,Colombia,No
CLI-000305,Bogotá,Básico,Dos años,Tarjeta,39,43.7,1554.99,1,1,6.8,2020-06-23,Colombia,No
CLI-002438,Bogotá,Básico,Un año,Tarjeta,49,114.77,5654.94,1,1,,2021-01-08,Colombia,No
CLI-000981,Bogotá,Básico,Un año,Tarjeta,42,71.75,3068.41,1,1,4.7,2022-11-28,Colombia,Sí
CLI-001689,Bogotá,Básico,Mes a mes,Tarjeta,67,114.42,7092.58,4,1,8.6,2019-08-01,Colombia,No
CLI-002705,Bogotá,Estándar,Un año,Débito automático,5,64.36,294.73,2,1,4.4,2019-09-09,Colombia,Sí
CLI-002135,Bogotá,Básico,Dos años,Efectivo,32,60.59,1880.61,1,0,10.0,2021-11-17,Colombia,No
CLI-000919,Medellín,Básico,Un año,Tarjeta,19,71.07,1452.84,2,0,3.6,2020-09-22,Colombia,Sí
CLI-001080,Bogotá,Básico,Mes a mes,Transferencia,60,85.78,5550.68,0,1,6.4,2023-08-25,Colombia,No
CLI-002329,Bogotá,Básico,Mes a mes,Efectivo,2,114.53,249.14,0,0,,2020-09-28,Colombia,Sí
CLI-000582,Bogotá,Estándar,Mes a mes,Efectivo,60,86.5,4914.38,2,0,3.1,2023-08-02,Colombia,No
CLI-001941,Barranquilla,Estándar,Dos años,Débito automático,12,79.97,1027.93,0,1,5.5,2022-02-12,Colombia,No
CLI-001617,Bogotá,Básico,Mes a mes,Tarjeta,57,69.78,4318.71,1,0,4.9,2020-12-12,Colombia,No
CLI-001275,Medellín,Estándar,Dos años,Efectivo,55,69.36,3931.02,3,1,7.2,2019-09-08,Colombia,Sí
CLI-001285,Bucaramanga,,Un año,Transferencia,28,95.49,2779.1,2,0,5.5,2019-10-13,Colombia,Sí
CLI-001195,Cali,Básico,Dos años,Débito automático,38,69.48,2754.14,0,1,7.5,2022-02-27,Colombia,No
CLI-000829,Cali,Básico,Mes a mes,Débito automático,62,94.28,5269.4,1,1,8.1,2020-07-25,Colombia,No
CLI-000992,Bogotá,Estándar,Un año,Tarjeta,39,59.92,2504.96,2,1,6.1,2019-12-13,Colombia,No
CLI-001198,Cali,Básico,Mes a mes,Transferencia,70,46.24,3179.15,1,1,6.1,2022-02-16,Colombia,No
CLI-001196,Bogotá,Básico,Mes a mes,Tarjeta,45,55.35,2534.07,1,1,4.7,2019-04-10,Colombia,Sí
CLI-001825,Bogotá,Estándar,Mes a mes,Efectivo,55,51.49,2682.25,1,0,5.9,2022-10-14,Colombia,No
CLI-001880,Cali,Estándar,Un año,Débito automático,8,29.3,227.08,0,0,5.8,2023-05-02,Colombia,No
CLI-001862,Bogotá,Premium,Mes a mes,Transferencia,22,62.17,1343.65,0,1,6.5,2022-10-11,Colombia,No
CLI-001351,Cali,Estándar,Mes a mes,Transferencia,5,54.14,275.04,0,1,4.0,2022-03-10,Colombia,No
CLI-001528,Cali,Premium,Mes a mes,Débito automático,10,109.65,1202.56,0,1,5.3,2021-12-26,Colombia,No
CLI-001559,Medellín,Básico,Mes a mes,Efectivo,71,79.47,5408.23,0,1,7.2,2022-02-07,Colombia,No
CLI-002428,Bogotá,Estándar,Mes a mes,Débito automático,28,59.66,,2,1,6.2,2021-11-27,Colombia,No
CLI-002262,Bogotá,Básico,Mes a mes,Tarjeta,71,87.41,6144.5,1,0,7.0,2022-02-02,Colombia,No
CLI-000410, bogotá ,Básico,Mes a mes,Efectivo,1,75.89,,2,0,7.4,2020-01-04,Colombia,No
CLI-000676,Bogotá,Premium,Mes a mes,Tarjeta,52,61.21,,4,1,8.6,2023-05-16,Colombia,No
CLI-000298,Bogotá,Básico,Un año,Efectivo,32,126.69,4000.79,0,1,10.0,2021-04-19,Colombia,No
CLI-000926,Medellín,Estándar,Mes a mes,Transferencia,68,54.65,4025.82,1,1,7.6,2022-07-28,Colombia,No
CLI-000023,Medellín,Estándar,Mes a mes,Tarjeta,13,72.86,854.74,1,0,,2022-12-24,Colombia,Sí
CLI-002496,Barranquilla,Básico,Mes a mes,Débito automático,15,19.93,297.14,2,0,7.5,2020-02-17,Colombia,No
CLI-002025,Medellín,Estándar,Mes a mes,Efectivo,6,91.86,531.84,0,1,8.7,2020-06-11,Colombia,No
CLI-000729,Barranquilla,Estándar,Un año,Efectivo,35,120.27,3807.46,1,1,7.3,2019-12-21,Colombia,No
CLI-001622,Bogotá,Estándar,Dos años,Transferencia,1,42.28,43.73,0,1,3.3,2019-11-20,Colombia,No
CLI-001347,Barranquilla,Estándar,Un año,Débito automático,61,113.15,6383.85,2,1,6.2,2021-05-13,Colombia,No
CLI-001308,Medellín,Estándar,Un año,Débito automático,17,113.82,1843.14,0,1,3.2,2022-03-06,Colombia,Sí
CLI-000894,Cali,Básico,Dos años,Efectivo,70,74.94,5638.7,3,0,9.8,2019-02-10,Colombia,No
CLI-000672,Barranquilla,Básico,Mes a mes,Tarjeta,44,128.45,6126.86,0,1,5.1,2019-07-31,Colombia,No
CLI-001673,Barranquilla,Estándar,Mes a mes,Efectivo,20,71.3,1479.39,1,1,7.8,2022-12-25,Colombia,No
CLI-001200, bogotá ,Premium,Mes a mes,Tarjeta,45,81.25,3764.73,3,0,5.1,2022-03-30,Colombia,No
CLI-000182,Barranquilla,Básico,Mes a mes,Efectivo,11,82.58,830.54,1,1,,2023-10-22,Colombia,No
CLI-001750,Barranquilla,Básico,Un año,Efectivo,52,56.29,3087.96,1,0,4.5,2019-01-03,Colombia,No
CLI-002968,Medellín,Premium,Dos años,Débito automático,17,35.24,589.88,1,1,,2023-09-16,Colombia,No
CLI-000294,Bogotá,Básico,Mes a mes,,24,55.86,1224.96,0,0,6.6,2023-08-27,Colombia,No
CLI-000202,Medellín,Básico,Mes a mes,Tarjeta,65,42.5,2819.84,1,1,6.9,2019-07-23,Colombia,No
CLI-002216,Barranquilla,Básico,Dos años,Tarjeta,28,119.34,3603.99,1,0,5.5,2020-02-27,Colombia,No
CLI-000127,Medellín,Estándar,Dos años,Débito automático,6,18.0,,1,0,8.0,2022-10-30,Colombia,No
CLI-000532,Bucaramanga,Estándar,Un año,Transferencia,12,83.63,970.98,2,1,5.9,2019-01-03,Colombia,No
CLI-001432,Bogotá,Premium,Un año,Débito automático,14,80.54,1239.17,3,0,7.9,2020-07-13,Colombia,No
CLI-000200,Bogotá,Básico,Un año,Tarjeta,69,73.22,5124.27,1,0,7.8,2022-10-20,Colombia,No
CLI-001498,Barranquilla,Básico,Mes a mes,Tarjeta,56,72.84,3825.62,2,1,8.2,2020-08-08,Colombia,No
CLI-002113,Cali,Estándar,Mes a mes,Tarjeta,65,79.08,5265.57,1,1,7.8,2019-06-04,Colombia,No
CLI-002005,Medellín,Básico,Mes a mes,Débito automático,57,82.29,4391.07,2,1,7.7,2021-04-05,Colombia,Sí
CLI-000693,Medellín,Básico,Un año,Transferencia,67,48.83,3598.16,0,0,8.0,2022-08-24,Colombia,No
CLI-000935,Medellín,Estándar,Dos años,Transferencia,32,47.81,1383.19,1,0,6.9,2023-01-14,Colombia,No
CLI-000687,Bogotá,Básico,Mes a mes,Tarjeta,29,46.43,,0,1,5.9,2020-03-27,Colombia,No
CLI-000818,Medellín,Premium,Dos años,Efectivo,8,117.15,859.94,1,1,6.2,2023-06-07,Colombia,No
CLI-000217,Barranquilla,Premium,Un año,Efectivo,6,94.71,547.0,1,1,4.0,2021-10-23,Colombia,No
CLI-002855,Cali,Básico,Un año,Transferencia,52,69.28,3556.16,0,1,5.6,2023-08-26,Colombia,No
CLI-001278,Bucaramanga,Premium,Dos años,Transferencia,55,64.12,3384.36,2,1,7.1,2021-03-01,Colombia,No
CLI-000153,Barranquilla,Estándar,Mes a mes,Débito automático,66,68.94,4572.84,2,0,6.7,2020-07-21,Colombia,No
CLI-002883,Bogotá,Básico,Dos años,Tarjeta,40,67.97,2926.51,0,1,,2021-04-04,Colombia,No
CLI-001842,Cali,Básico,Dos años,Efectivo,7,121.54,,0,1,10.0,2019-03-18,Colombia,No
CLI-002132,Bogotá,Básico,Dos años,Tarjeta,70,103.68,7368.04,3,1,5.4,2023-06-23,Colombia,No
CLI-000966,Bogotá,Básico,Mes a mes,Tarjeta,42,98.34,3979.66,0,1,8.1,2022-12-18,Colombia,No
CLI-000479,Cali,,Dos años,Débito automático,48,53.07,2769.4,1,0,5.2,2022-09-29,Colombia,No
CLI-001283,Cali,Premium,Un año,Efectivo,28,49.21,1343.81,2,1,4.7,2019-01-14,Colombia,Sí
CLI-001605,Cali,Estándar,Mes a mes,Transferencia,9,62.75,545.26,4,1,3.8,2023-08-22,Colombia,Sí
CLI-002067,Bogotá,Básico,Mes a mes,Transferencia,52,79.62,4265.04,2,1,7.9,2019-04-08,Colombia,No
CLI-001667,Barranquilla,Básico,Dos años,Débito automático,54,68.93,3524.37,3,0,5.3,2022-09-11,Colombia,No
CLI-002876,Bogotá,Premium,Mes a mes,Tarjeta,37,48.63,1750.07,0,0,8.1,2022-11-20,Colombia,No
CLI-001151,Bogotá,Básico,Un año,Débito automático,27,28.3,711.62,3,1,10.0,2020-07-05,Colombia,No
CLI-000813,Medellín,Premium,Dos años,Tarjeta,49,85.78,3871.3,1,1,6.2,2021-01-07,Colombia,No
CLI-002751,Bucaramanga,Estándar,Mes a mes,Efectivo,18,70.85,1331.65,5,1,1.9,2020-10-09,Colombia,Sí
CLI-001555,Cali,Básico,Mes a mes,Débito automático,33,94.68,3225.07,0,1,10.0,2021-07-07,Colombia,No
CLI-000251,Cali,Básico,Mes a mes,Transferencia,13,55.48,778.88,0,1,9.4,2023-06-10,Colombia,No
CLI-000844,Bucaramanga,Básico,Dos años,Tarjeta,3,59.13,168.61,1,1,8.0,2022-04-23,Colombia,No
CLI-002806,Bogotá,Estándar,Mes a mes,Débito automático,69,58.06,3711.28,2,0,2.9,2023-06-08,Colombia,No
CLI-001265,Bogotá,Básico,Un año,Transferencia,17,55.37,923.41,3,0,5.7,2020-05-13,Colombia,Sí
CLI-001009,Medellín,Básico,Mes a mes,Efectivo,53,86.55,,1,1,8.7,2022-07-11,Colombia,No
CLI-000328,Cali,Básico,Un año,Tarjeta,3,30.2,81.81,1,1,5.0,2021-09-06,Colombia,No
CLI-000968,Cali,Básico,Mes a mes,Débito automático,23,55.58,1164.41,3,1,6.9,2020-02-05,Colombia,No
CLI-000950,Bucaramanga,Estándar,Mes a mes,Débito automático,20,56.61,1223.49,0,1,,2022-04-04,Colombia,No
CLI-002361,Bogotá,Básico,Mes a mes,Efectivo,47,93.97,4718.28,0,1,9.9,2019-08-10,Colombia,No
CLI-000973,Medellín,Básico,Mes a mes,Tarjeta,34,44.54,1521.44,0,1,6.7,2021-12-04,Colombia,No
CLI-001897,Bogotá,,Un año,Transferencia,41,54.46,2313.92,0,0,8.0,2020-04-26,Colombia,No
CLI-000188,Bogotá,Premium,Un año,Tarjeta,28,99.24,2929.9,0,0,10.0,2023-05-21,Colombia,No
CLI-000247,Bogotá,Básico,Mes a mes,Efectivo,54,58.66,2983.2,1,1,6.6,2023-11-03,Colombia,No
CLI-002148,Bogotá,Estándar,Mes a mes,Débito automático,67,106.7,6611.84,1,1,5.6,2022-09-23,Colombia,No
CLI-002545,Bogotá,Estándar,Mes a mes,Débito automático,58,105.74,5856.42,2,1,7.1,2019-10-10,Colombia,No
CLI-002961, bogotá ,Básico,Un año,Débito automático,66,98.91,,0,1,4.9,2019-04-20,Colombia,No
CLI-002150,Barranquilla,Básico,Un año,Transferencia,61,69.03,4324.65,1,0,9.7,2021-03-07,Colombia,No
CLI-002359,Medellín,Estándar,Mes a mes,Efectivo,45,109.01,4653.08,2,0,7.9,2022-09-23,Colombia,Sí
CLI-001327,Medellín,Estándar,Mes a mes,Débito automático,49,70.27,3151.05,2,0,,2022-12-26,Colombia,No
CLI-002083,Bogotá,Básico,Mes a mes,Transferencia,24,66.15,1484.66,1,1,7.8,2021-12-13,Colombia,Sí
CLI-000284,Bogotá,Básico,Un año,Efectivo,35,37.2,1408.38,1,1,8.4,2023-04-11,Colombia,No
CLI-002349,Cali,Estándar,Mes a mes,Débito automático,15,67.53,932.38,2,0,5.8,2021-11-11,Colombia,Sí
CLI-000158,Cali,Básico,Mes a mes,Tarjeta,40,25.58,963.72,1,1,7.3,2023-02-23,Colombia,No
CLI-002336,Bogotá,Estándar,Un año,Tarjeta,39,65.72,2319.77,0,0,6.9,2021-04-13,Colombia,No
CLI-001506,Barranquilla,Básico,Un año,Tarjeta,18,30.0,575.27,2,1,5.2,2022-11-07,Colombia,No
CLI-000904,Medellín,Premium,Mes a mes,Efectivo,63,82.01,5106.99,1,1,,2022-04-07,Colombia,No
CLI-001346,Bogotá,Básico,Mes a mes,Tarjeta,71,72.72,5275.24,0,1,8.3,2023-05-15,Colombia,No
CLI-001270,Bogotá,Estándar,Mes a mes,Tarjeta,4,38.39,159.65,1,1,6.7,2019-03-09,Colombia,No
CLI-002435,Bogotá,Estándar,Mes a mes,Efectivo,32,85.69,2622.65,1,1,9.3,2021-07-12,Colombia,No
CLI-000976,Barranquilla,Estándar,Mes a mes,Débito automático,17,46.05,768.0,0,1,7.6,2022-08-15,Colombia,No
CLI-002197,Medellín,Premium,Un año,Débito automático,21,64.18,1233.03,0,0,8.0,2023-04-04,Colombia,No
CLI-001646, bogotá ,Estándar,Un año,Débito automático,21,71.12,1522.96,1,1,,2019-08-16,Colombia,Sí
CLI-001680,Bucaramanga,Básico,Mes a mes,Tarjeta,37,119.3,4475.17,1,1,8.9,2023-10-29,Colombia,No
CLI-002671,Medellín,Premium,Mes a mes,Transferencia,57,95.43,5161.09,0,0,3.8,2023-04-11,Colombia,Sí
CLI-000123,Bogotá,Estándar,Dos años,Débito automático,47,83.76,,2,1,9.2,2021-06-07,Colombia,No
CLI-002988,Bogotá,Básico,Un año,Transferencia,56,70.48,4105.19,1,0,8.6,2023-05-02,Colombia,No
CLI-001073,Bogotá,Básico,Un año,Tarjeta,54,76.12,3902.89,1,1,6.5,2021-04-04,Colombia,No
CLI-001535,Bogotá,Estándar,Mes a mes,Tarjeta,58,57.87,,0,1,,2020-07-02,Colombia,No
CLI-001305,Cali,Básico,Un año,Transferencia,44,56.45,2262.33,2,1,3.1,2020-10-27,Colombia,No
CLI-002481,Bucaramanga,Estándar,Un año,Tarjeta,47,72.88,3462.3,2,1,5.9,2019-08-19,Colombia,No
CLI-002577,Medellín,,Un año,Efectivo,20,124.97,2582.89,1,1,7.0,2020-01-11,Colombia,No
CLI-000418,Medellín,Básico,Un año,Transferencia,9,115.22,1018.4,1,1,6.4,2019-12-22,Colombia,Sí
CLI-002832,Barranquilla,Estándar,Mes a mes,Débito automático,57,30.65,1628.51,4,1,7.0,2019-10-16,Colombia,No
CLI-000870,Medellín,Básico,Mes a mes,Tarjeta,3,94.99,279.49,1,0,7.1,2020-02-05,Colombia,Sí
CLI-002490,Barranquilla,Premium,Un año,Transferencia,26,69.0,1669.14,0,1,7.7,2022-06-21,Colombia,No
CLI-001031,Bogotá,Básico,Mes a mes,Efectivo,35,90.38,3328.84,2,0,6.7,2019-07-22,Colombia,Sí
CLI-000127,Medellín,Estándar,Dos años,Débito automático,6,18.0,,1,0,8.0,2022-10-30,Colombia,No
CLI-002222,Bogotá,Básico,Un año,Débito automático,11,84.04,919.89,0,0,,2023-03-10,Colombia,No
CLI-000757,Barranquilla,Premium,Dos años,Transferencia,53,70.28,4055.34,3,0,8.6,2022-03-08,Colombia,No
CLI-001999,Barranquilla,Estándar,Un año,Efectivo,20,64.31,1207.6,3,1,4.3,2019-01-28,Colombia,No
CLI-001702,Medellín,Básico,Un año,Transferencia,13,83.67,1095.38,1,1,,2020-01-30,Colombia,No
CLI-001543,Bogotá,Básico,Dos años,Transferencia,7,119.15,,3,0,5.8,2023-02-24,Colombia,No
CLI-001157,Barranquilla,Básico,Mes a mes,Tarjeta,9,69.81,594.77,1,1,8.0,2022-05-27,Colombia,No
CLI-001109,Bogotá,Estándar,Dos años,Débito automático,67,24.76,1629.67,3,0,7.6,2023-06-06,Colombia,No
CLI-000068,Barranquilla,Estándar,Un año,Efectivo,27,65.74,1678.41,0,1,5.9,2019-08-23,Colombia,No
CLI-002305,Barranquilla,Básico,Un año,Débito automático,66,68.37,4308.73,2,1,10.0,2020-09-26,Colombia,No
CLI-000333,Bogotá,,Dos años,Débito automático,23,76.85,1640.4,1,0,8.4,2021-10-14,Colombia,No
CLI-001593,Cali,Estándar,Dos años,Efectivo,28,47.41,1447.55,2,0,9.9,2020-12-14,Colombia,No
CLI-000337,Bogotá,Básico,Un año,Débito automático,69,61.82,4308.5,2,0,10.0,2021-12-12,Colombia,No
CLI-000913,Bogotá,Estándar,Mes a mes,Débito automático,27,67.13,1744.83,1,0,8.8,2019-09-21,Colombia,Sí
CLI-001576,Bogotá,Básico,Mes a mes,Efectivo,23,82.17,1857.75,4,1,3.5,2022-05-24,Colombia,Sí
CLI-001537,Cali,Básico,Un año,Débito automático,11,39.75,,1,0,6.3,2023-06-18,Colombia,Sí
CLI-002194,Bogotá,Estándar,Un año,Débito automático,16,87.98,1526.0,3,1,,2019-05-23,Colombia,Sí
CLI-000473,Bogotá,Básico,Un año,Transferencia,31,48.42,,1,1,3.3,2021-01-18,Colombia,No
CLI-000902,Bogotá,Básico,Mes a mes,Efectivo,4,45.05,172.21,1,1,6.9,2019-12-26,Colombia,No
CLI-001407,Bucaramanga,Estándar,Un año,Transferencia,25,82.75,2162.15,3,0,6.7,2021-04-21,Colombia,No
CLI-000866,Medellín,Básico,Mes a mes,Débito automático,50,82.92,4046.46,1,0,6.8,2021-09-11,Colombia,Sí
CLI-001536,Barranquilla,Estándar,Un año,Efectivo,3,50.84,155.18,2,0,7.2,2020-01-15,Colombia,Sí
CLI-000885,Bogotá,Estándar,Mes a mes,Débito automático,58,90.29,5456.79,2,0,9.4,2022-03-25,Colombia,No
CLI-000478,Barranquilla,Estándar,Mes a mes,Débito automático,2,40.95,75.43,2,0,7.3,2023-10-24,Colombia,Sí
CLI-001330,Medellín,Estándar,Un año,Efectivo,25,58.76,1441.11,1,0,8.2,2021-02-12,Colombia,No
CLI-001567,Cali,Premium,Mes a mes,Tarjeta,69,88.39,,0,0,4.4,2022-12-11,Colombia,No
CLI-001343,Barranquilla,Básico,Mes a mes,Efectivo,9,91.86,843.18,0,1,5.7,2020-12-21,Colombia,Sí
CLI-000742,Barranquilla,Básico,Mes a mes,Transferencia,55,65.58,3339.96,2,0,7.3,2019-09-30,Colombia,No
CLI-002824,Medellín,Estándar,Mes a mes,Débito automático,70,58.41,4484.83,1,1,8.0,2019-01-18,Colombia,No
CLI-001341,Cali,Básico,Mes a mes,Tarjeta,38,63.51,2557.71,1,1,10.0,2021-10-16,Colombia,No
CLI-002676,Cali,Básico,Un año,Efectivo,43,54.77,2358.67,0,1,,2019-05-17,Colombia,No
CLI-000133,Cali,Básico,Mes a mes,Efectivo,7,65.65,468.8,2,1,3.2,2019-06-22,Colombia,Sí
CLI-002829,Bogotá,Premium,Un año,Efectivo,45,66.74,3283.54,3,1,5.0,2020-11-27,Colombia,No
CLI-002834, bogotá ,,Mes a mes,Débito automático,39,102.03,4012.1,1,1,7.5,2019-09-03,Colombia,Sí
CLI-001629,Bogotá,Premium,Un año,Transferencia,28,73.85,2249.88,0,1,,2022-02-21,Colombia,No
CLI-002297,Bucaramanga,Básico,Mes a mes,Efectivo,12,65.03,788.5,3,1,,2022-01-07,Colombia,No
CLI-001150,Bogotá,Básico,Mes a mes,Efectivo,61,36.73,2263.41,0,0,8.4,2022-07-30,Colombia,No
CLI-002791,Barranquilla,,Mes a mes,Efectivo,67,63.31,4144.29,1,1,6.6,2023-07-24,Colombia,No
CLI-002574,Medellín,Estándar,Mes a mes,Efectivo,28,84.87,2544.13,2,1,8.4,2020-05-04,Colombia,Sí
CLI-000257,Cali,Estándar,Mes a mes,Efectivo,49,55.41,2777.66,0,0,8.4,2023-05-28,Colombia,No
CLI-000634,Barranquilla,Estándar,Mes a mes,Transferencia,27,90.47,2315.82,0,1,7.5,2020-06-20,Colombia,No
CLI-002454,Medellín,Premium,Mes a mes,Débito automático,34,36.99,1246.61,3,0,6.9,2022-06-01,Colombia,No
CLI-000778,Barranquilla,Estándar,Mes a mes,Débito automático,9,67.75,580.41,1,1,7.9,2020-04-24,Colombia,Sí
CLI-002414,Bucaramanga,Estándar,Un año,Transferencia,43,39.7,1809.53,1,1,4.9,2021-10-05,Colombia,No
CLI-000558,Bogotá,Premium,Mes a mes,Transferencia,63,53.49,3098.04,4,0,8.2,2022-01-09,Colombia,No
CLI-002826,Cali,Básico,Dos años,Tarjeta,60,112.31,7004.64,1,1,6.2,2021-05-14,Colombia,No
CLI-001986,Bogotá,Básico,Mes a mes,Transferencia,57,61.78,3795.18,2,0,4.7,2019-04-23,Colombia,No
CLI-000262, bogotá ,Premium,Un año,Efectivo,13,35.06,420.61,2,1,5.3,2023-03-13,Colombia,No
CLI-002456,Medellín,Básico,Mes a mes,Transferencia,34,63.9,2363.93,1,0,9.5,2021-09-12,Colombia,No
CLI-002856,Bogotá,,Mes a mes,Débito automático,6,68.68,374.48,3,1,6.6,2020-11-11,Colombia,Sí
CLI-001890,Medellín,Premium,Un año,Transferencia,32,47.07,1394.51,2,1,6.8,2023-02-14,Colombia,No
CLI-002078,Bogotá,Básico,Mes a mes,Transferencia,32,61.63,1948.4,1,1,5.2,2019-07-28,Colombia,No
CLI-002473,Medellín,Estándar,Mes a mes,Transferencia,30,78.78,2201.43,1,0,,2020-02-29,Colombia,Sí
CLI-000209,Medellín,Básico,Mes a mes,Débito automático,19,77.05,1355.51,2,1,7.9,2019-04-15,Colombia,No
CLI-002719,Bogotá,Básico,Un año,Efectivo,42,18.0,808.5,2,0,9.0,2021-10-23,Colombia,No
CLI-001914,Bogotá,Estándar,Dos años,Efectivo,56,55.4,3366.52,1,1,5.5,2023-03-20,Colombia,No
CLI-001607,Cali,Estándar,Mes a mes,Tarjeta,11,76.41,823.44,2,0,7.1,2023-08-01,Colombia,Sí
CLI-001021,Bogotá,Estándar,Mes a mes,Tarjeta,4,115.41,474.52,0,0,5.3,2021-10-04,Colombia,Sí
CLI-002718,Bogotá,Estándar,Un año,,49,78.42,3839.5,0,1,5.4,2022-02-12,Colombia,No
CLI-001404,Cali,Básico,Mes a mes,Tarjeta,23,146.49,3381.7,3,0,8.0,2020-10-30,Colombia,No
CLI-002882,Medellín,Básico,Mes a mes,Transferencia,17,98.04,1591.3,0,0,10.0,2022-03-03,Colombia,Sí
CLI-000210,Bogotá,Estándar,Mes a mes,Efectivo,56,52.53,2982.7,0,1,10.0,2020-09-10,Colombia,No
CLI-000154,Cali,Premium,Un año,Transferencia,21,71.96,1559.07,2,1,8.8,2019-04-02,Colombia,No
CLI-002357,Cali,Estándar,Mes a mes,Tarjeta,30,68.43,2212.34,1,1,4.6,2021-08-22,Colombia,Sí
CLI-001591,Bogotá,Estándar,Mes a mes,Tarjeta,53,94.9,4713.13,1,0,9.1,2021-05-17,Colombia,No
CLI-001148, bogotá ,Básico,Mes a mes,Tarjeta,55,65.09,3541.18,4,1,7.1,2022-11-13,Colombia,No
CLI-001968,Bogotá,Básico,Mes a mes,Transferencia,34,83.13,2834.26,1,0,8.2,2023-12-01,Colombia,No
CLI-001634,Bogotá,Estándar,Un año,Débito automático,63,50.4,3072.5,1,1,,2022-05-02,Colombia,Sí
CLI-000598,Bogotá,Básico,Mes a mes,Transferencia,56,24.74,1445.67,2,1,9.1,2023-02-12,Colombia,No
CLI-001932, bogotá ,Básico,Dos años,Débito automático,35,26.83,901.7,1,1,4.6,2019-07-19,Colombia,No
CLI-001657,Bogotá,Básico,Mes a mes,Transferencia,61,53.33,3473.52,1,0,9.1,2023-06-29,Colombia,No
CLI-000681,Cali,Estándar,Mes a mes,Tarjeta,52,67.63,3168.86,4,1,7.2,2019-07-05,Colombia,No
CLI-001566, bogotá ,Estándar,Un año,Transferencia,33,70.33,2156.84,0,1,7.5,2022-03-17,Colombia,No
CLI-001329,Cali,Estándar,Dos años,Transferencia,48,55.58,2455.03,3,1,7.2,2022-12-10,Colombia,No
CLI-002088,Bucaramanga,Estándar,Mes a mes,Efectivo,48,96.22,5024.71,1,1,1.2,2019-02-26,Colombia,No
CLI-001519,Medellín,Estándar,Dos años,Tarjeta,36,54.75,2084.51,0,0,5.2,2022-08-24,Colombia,No
CLI-002169,Cali,Premium,Mes a mes,Transferencia,67,100.67,6997.01,2,0,7.6,2021-04-20,Colombia,No
CLI-000222,Medellín,Premium,Un año,Tarjeta,33,44.36,1476.03,0,1,7.3,2019-10-09,Colombia,No
CLI-000226,Barranquilla,Básico,Un año,Transferencia,22,86.01,2070.91,1,1,6.0,2020-01-04,Colombia,No
CLI-002904,Barranquilla,Básico,Mes a mes,Efectivo,44,55.09,2365.87,1,0,5.3,2022-08-13,Colombia,Sí
CLI-002680,Cali,Básico,Un año,Efectivo,27,77.63,1962.42,1,1,5.6,2021-07-30,Colombia,No
CLI-001761,Bogotá,Estándar,Un año,Transferencia,28,105.67,3159.92,3,1,6.5,2023-01-18,Colombia,Sí
CLI-001361,Bogotá,Premium,Un año,Tarjeta,6,31.48,170.76,2,0,6.8,2020-09-17,Colombia,No
CLI-002853,Bucaramanga,Básico,Un año,Tarjeta,9,71.09,673.92,1,1,8.6,2021-09-11,Colombia,Sí
CLI-002295,Medellín,Básico,Mes a mes,Transferencia,51,64.31,3021.76,0,1,9.0,2022-08-13,Colombia,No
CLI-001493,Cali,Básico,Un año,Débito automático,3,62.64,196.52,1,0,6.3,2023-07-20,Colombia,No
CLI-002720,Bogotá,Básico,Dos años,Efectivo,12,50.36,599.63,2,0,7.8,2020-10-19,Colombia,No
CLI-002870,Medellín,Premium,Dos años,Tarjeta,15,25.72,348.41,1,0,10.0,2021-10-10,Colombia,No
CLI-002010,Bogotá,Básico,Un año,Transferencia,45,93.41,3949.96,1,0,9.0,2023-07-23,Colombia,No
CLI-000206,Medellín,Estándar,Mes a mes,Débito automático,19,52.59,1039.15,0,1,7.1,2020-05-11,Colombia,No
CLI-001028,Medellín,Estándar,Un año,Débito automático,20,91.2,1652.75,0,1,4.5,2021-08-03,Colombia,No
CLI-002770,Medellín,Básico,Mes a mes,Tarjeta,69,92.62,6149.12,0,1,10.0,2019-11-01,Colombia,No
CLI-002811,Bogotá,Premium,Un año,Efectivo,37,38.22,1405.36,3,1,10.0,2020-08-06,Colombia,No
CLI-001047,Bogotá,Básico,Mes a mes,Efectivo,17,108.04,1758.74,1,1,9.4,2020-09-14,Colombia,No
CLI-000694,Bucaramanga,Estándar,Dos años,Efectivo,68,43.11,2800.31,1,0,7.5,2023-09-10,Colombia,No
CLI-002417,Medellín,Estándar,Mes a mes,Transferencia,44,41.92,1734.04,1,0,10.0,2020-08-03,Colombia,No
CLI-002381,Cali,Premium,Mes a mes,Tarjeta,13,35.43,486.34,0,1,5.5,2021-07-22,Colombia,Sí
CLI-001187,Barranquilla,Premium,Un año,Transferencia,11,111.01,1128.95,0,0,6.5,2022-05-10,Colombia,No
CLI-001370,Bogotá,Básico,Mes a mes,Débito automático,46,132.35,5749.58,0,0,8.9,2020-04-22,Colombia,No
CLI-001908,Bogotá,Estándar,Mes a mes,Débito automático,12,62.92,799.06,0,1,8.5,2021-09-16,Colombia,No
CLI-000017,Medellín,Estándar,Dos años,Efectivo,37,122.4,,0,1,,2019-10-15,Colombia,No
CLI-000111,Bucaramanga,Básico,Mes a mes,Transferencia,20,70.63,1280.77,2,1,6.9,2022-11-17,Colombia,No
CLI-001677,Bogotá,Premium,Dos años,Tarjeta,11,101.64,1078.38,0,1,5.3,2020-01-02,Colombia,No
CLI-001185,Barranquilla,Básico,Un año,Efectivo,30,106.18,3353.26,1,1,10.0,2019-05-23,Colombia,No
CLI-000657,Cali,Básico,Dos años,Tarjeta,55,71.57,3838.3,1,1,,2020-12-21,Colombia,No
CLI-001572,Medellín,Básico,Mes a mes,Efectivo,26,84.3,2141.68,0,1,7.1,2023-01-09,Colombia,No
CLI-001738,Cali,Premium,Mes a mes,Débito automático,8,64.84,556.57,2,0,7.8,2021-07-30,Colombia,Sí
CLI-001420,Bogotá,Básico,Mes a mes,Transferencia,34,79.91,2837.55,1,0,3.6,2020-04-29,Colombia,No
CLI-000400,Cali,Básico,Mes a mes,Efectivo,23,35.08,814.48,1,1,8.9,2022-04-17,Colombia,No
CLI-000619,Bogotá,Estándar,Mes a mes,Tarjeta,5,18.0,85.11,0,1,7.6,2020-08-22,Colombia,No
CLI-000509,Bucaramanga,Básico,Mes a mes,Efectivo,20,59.24,1067.35,2,0,7.6,2023-11-10,Colombia,Sí
CLI-000868,Barranquilla,Estándar,Dos años,Transferencia,60,106.75,5884.77,3,1,10.0,2023-05-24,Colombia,No
CLI-000887,Bogotá,Básico,Mes a mes,Transferencia,4,65.59,259.62,0,1,,2019-09-08,Colombia,No
CLI-002111,Bucaramanga,Estándar,Mes a mes,Transferencia,20,88.14,1840.82,1,0,6.4,2019-12-19,Colombia,No
CLI-000600,Medellín,,Mes a mes,Transferencia,46,42.68,2000.39,1,1,,2019-04-19,Colombia,No
CLI-002735,Cali,Premium,Mes a mes,Débito automático,32,101.94,3138.06,2,1,7.9,2021-03-23,Colombia,Sí
CLI-000458,Cali,Estándar,Un año,Débito automático,46,95.63,4258.69,1,0,7.3,2020-09-10,Colombia,No
CLI-002143,Medellín,Básico,Un año,Débito automático,69,35.26,2252.74,2,1,7.7,2021-07-25,Colombia,No
CLI-001118,Bogotá,Estándar,Mes a mes,Débito automático,42,45.91,1900.96,2,0,7.4,2019-12-26,Colombia,No
CLI-000871,Medellín,Estándar,Un año,Tarjeta,33,47.45,1612.03,2,1,8.6,2020-01-30,Colombia,No
CLI-000791,Cali,Estándar,Un año,Transferencia,7,44.09,334.36,1,0,6.6,2020-07-31,Colombia,No
CLI-000955,Medellín,Básico,Un año,Tarjeta,56,97.75,5511.9,0,0,,2022-09-06,Colombia,No
CLI-000651,Bogotá,Básico,Mes a mes,Efectivo,35,79.76,3027.06,0,1,6.6,2019-03-22,Colombia,No
CLI-000734,Bogotá,Premium,Mes a mes,Transferencia,55,70.92,4111.6,1,1,8.1,2021-06-21,Colombia,No
CLI-002867,Bogotá,Premium,Un año,Tarjeta,23,96.13,,0,1,8.7,2022-08-25,Colombia,No
CLI-000380,Bogotá,Premium,Dos años,Débito automático,19,47.48,898.39,3,1,,2019-08-01,Colombia,No
CLI-002630,Bogotá,,Mes a mes,Débito automático,3,88.87,250.46,0,1,10.0,2023-04-17,Colombia,No
CLI-000957,Cali,Premium,Un año,Efectivo,29,51.38,1478.12,1,1,6.9,2023-10-17,Colombia,No
CLI-000172,Bogotá,Premium,Dos años,Transferencia,7,49.23,338.6,0,0,9.3,2021-06-28,Colombia,No
CLI-001945,Medellín,Básico,Mes a mes,Efectivo,27,32.11,909.82,1,0,6.2,2022-11-18,Colombia,No
CLI-000660,Bucaramanga,Premium,Mes a mes,Débito automático,21,89.31,1794.57,0,0,5.3,2023-01-19,Colombia,Sí
CLI-002121,Medellín,Estándar,Mes a mes,Efectivo,55,86.13,5206.79,2,0,7.6,2022-04-17,Colombia,No
CLI-001095,Medellín,Básico,Mes a mes,Transferencia,24,79.73,2035.71,3,0,7.0,2020-01-30,Colombia,Sí
CLI-002500,Barranquilla,Básico,Mes a mes,Efectivo,67,49.28,3004.53,0,1,3.7,2023-04-30,Colombia,No
CLI-000643,Bogotá,Estándar,Mes a mes,Débito automático,61,52.15,3432.44,1,1,6.9,2019-05-05,Colombia,No
CLI-000169,Barranquilla,Estándar,Mes a mes,Tarjeta,24,79.38,1923.7,1,0,5.9,2023-02-19,Colombia,No
CLI-001518,Cali,Premium,Un año,Débito automático,4,66.87,253.84,1,0,7.6,2020-09-15,Colombia,No
CLI-001801,Medellín,Básico,Mes a mes,Efectivo,5,72.69,348.85,2,0,8.1,2023-01-19,Colombia,Sí
CLI-002841,Bogotá,Básico,Un año,Transferencia,32,58.92,1915.08,2,1,9.6,2020-10-08,Colombia,No
CLI-001918,Medellín,Estándar,Mes a mes,Tarjeta,35,63.02,1994.25,2,0,4.8,2023-02-03,Colombia,No
CLI-000273,Barranquilla,,Un año,Débito automático,11,64.64,652.95,0,0,4.9,2020-11-02,Colombia,Sí
CLI-001216,Medellín,Básico,Un año,Débito automático,9,79.14,776.24,1,1,6.2,2022-12-29,Colombia,No
CLI-001119,Cali,Premium,Mes a mes,Transferencia,52,101.66,4919.55,1,1,5.8,2022-03-26,Colombia,No
CLI-002522,Cali,Básico,Dos años,Débito automático,4,63.61,275.25,5,0,6.5,2020-11-10,Colombia,No
CLI-001067,Bogotá,Premium,Dos años,Efectivo,66,68.25,4239.54,1,1,4.8,2021-04-20,Colombia,No
CLI-002105,Bucaramanga,Premium,Mes a mes,Efectivo,62,104.53,6086.09,0,0,5.3,2020-01-20,Colombia,Sí
CLI-002285,Medellín,Estándar,Mes a mes,Débito automático,49,139.99,7156.45,0,1,5.0,2021-01-08,Colombia,No
CLI-002354,Barranquilla,Básico,Mes a mes,Tarjeta,33,63.86,1997.62,1,0,6.9,2019-01-05,Colombia,No
CLI-001913,Medellín,Básico,Mes a mes,Transferencia,1,33.07,29.78,2,1,5.8,2019-01-27,Colombia,No
CLI-000039,Medellín,Premium,Dos años,Transferencia,20,87.8,1602.3,2,0,7.9,2023-02-03,Colombia,No
CLI-000307,Barranquilla,Básico,Mes a mes,Tarjeta,22,39.58,945.11,0,0,6.7,2022-04-15,Colombia,No
CLI-000007,Barranquilla,Básico,Dos años,Tarjeta,7,37.84,290.2,4,0,,2019-05-18,Colombia,No
CLI-000782,Bogotá,Básico,Mes a mes,Débito automático,46,49.85,2073.58,2,1,5.0,2021-04-12,Colombia,No
CLI-001191,Bucaramanga,Estándar,Mes a mes,Efectivo,30,43.57,1389.07,1,1,,2020-05-06,Colombia,No
CLI-000535,Bucaramanga,Básico,Dos años,Transferencia,41,72.2,3175.72,1,0,8.1,2022-08-14,Colombia,No
CLI-000584, bogotá ,Estándar,Mes a mes,Débito automático,4,50.91,201.07,2,1,3.1,2023-09-23,Colombia,Sí
CLI-002433,Bogotá,Premium,Mes a mes,Efectivo,12,18.0,234.97,2,0,7.2,2019-07-02,Colombia,No
CLI-002987,Bogotá,Básico,Un año,Débito automático,54,80.61,4724.81,0,1,10.0,2022-02-03,Colombia,No
CLI-002576,Medellín,Básico,Un año,Tarjeta,24,74.04,1859.26,0,0,8.1,2023-02-09,Colombia,No
CLI-002793, bogotá ,Premium,Un año,Débito automático,52,82.06,4029.16,0,0,7.5,2023-11-24,Colombia,No
CLI-002354,Barranquilla,Básico,Mes a mes,Tarjeta,33,63.86,1997.62,1,0,6.9,2019-01-05,Colombia,No
CLI-000317,Medellín,Estándar,Mes a mes,Débito automático,52,36.33,1741.25,0,1,7.2,2023-10-17,Colombia,No
CLI-001795,Bogotá,Premium,Un año,Débito automático,34,60.74,2251.3,2,1,,2022-01-11,Colombia,No
CLI-000272,Cali,Estándar,Un año,Efectivo,2,69.23,,2,1,7.8,2019-12-18,Colombia,No
CLI-000549,Bogotá,Estándar,Mes a mes,Efectivo,37,99.72,3416.01,0,0,4.9,2022-04-02,Colombia,No
CLI-001693,Cali,Premium,Mes a mes,Tarjeta,47,80.46,3918.48,1,0,4.8,2022-06-20,Colombia,Sí
CLI-001720,Bucaramanga,Estándar,Mes a mes,Transferencia,37,79.5,3008.74,1,1,7.5,2021-04-16,Colombia,No
CLI-002803,Cali,Estándar,Un año,Tarjeta,71,58.33,4121.64,0,1,,2020-08-28,Colombia,No
CLI-002813,Bogotá,Estándar,Mes a mes,Débito automático,15,79.86,1093.35,1,1,7.4,2019-08-23,Colombia,No
CLI-000599,Bogotá,Básico,Un año,Débito automático,45,54.93,2481.33,0,0,,2022-08-09,Colombia,No
CLI-001690,Bogotá,Estándar,Mes a mes,Débito automático,7,75.98,580.71,0,1,9.6,2020-12-19,Colombia,Sí
CLI-000895,Barranquilla,Básico,Mes a mes,Débito automático,54,40.37,2021.01,3,0,6.9,2020-07-16,Colombia,No
CLI-002654,Bogotá,Básico,Un año,Transferencia,27,83.68,2215.04,2,1,7.6,2023-06-02,Colombia,No
CLI-001776,Bogotá,Estándar,Mes a mes,Transferencia,10,83.64,856.82,1,1,7.1,2020-12-30,Colombia,No
CLI-000571,Cali,Básico,Dos años,Tarjeta,68,102.71,6638.28,1,1,7.4,2019-04-14,Colombia,No
CLI-002000,Cali,Básico,Un año,Tarjeta,20,89.31,1841.9,0,0,5.9,2021-02-13,Colombia,Sí
CLI-002123,Bogotá,Estándar,Mes a mes,Efectivo,42,71.96,2790.37,0,1,7.1,2020-12-14,Colombia,No
CLI-000062,Bogotá,Básico,Mes a mes,Efectivo,53,18.0,886.8,2,1,7.4,2021-10-25,Colombia,No
CLI-001248,Cali,Básico,Mes a mes,Efectivo,34,18.0,582.55,2,0,10.0,2023-11-03,Colombia,No
CLI-001923,Cali,Básico,Un año,Tarjeta,59,116.96,6595.7,1,1,10.0,2021-10-25,Colombia,No
CLI-001260,Bogotá,Básico,Mes a mes,Efectivo,57,42.85,,0,0,8.5,2021-04-23,Colombia,No
CLI-000810,Cali,Básico,Mes a mes,Tarjeta,71,58.61,3942.26,1,1,7.0,2022-11-08,Colombia,No
CLI-001050,Bogotá,Estándar,Un año,Débito automático,9,62.32,510.85,1,1,3.3,2021-07-04,Colombia,No
CLI-002486,Bogotá,Básico,Mes a mes,Efectivo,26,68.74,1812.16,2,0,7.1,2021-03-19,Colombia,Sí
CLI-000108,Bogotá,Básico,Mes a mes,Efectivo,48,74.05,,1,1,9.1,2021-10-30,Colombia,No
CLI-002154,Bogotá,Estándar,Un año,Efectivo,39,58.41,2486.15,0,0,8.7,2022-10-03,Colombia,No
CLI-000674,Bogotá,Básico,Un año,Transferencia,7,78.1,,0,1,7.1,2023-06-26,Colombia,No
CLI-000666,Barranquilla,Estándar,Un año,Efectivo,50,74.83,3655.17,3,1,3.6,2022-07-27,Colombia,No
CLI-000510,Cali,Básico,Un año,Débito automático,17,89.91,,3,1,8.6,2020-11-20,Colombia,Sí
CLI-002180,Bogotá,Básico,Mes a mes,Tarjeta,33,36.35,1295.85,2,1,7.0,2020-07-16,Colombia,No
CLI-001641,Medellín,Básico,Mes a mes,Tarjeta,52,44.6,2264.89,0,0,7.6,2021-07-11,Colombia,No
CLI-002686,Cali,Básico,Mes a mes,,35,23.97,876.97,0,0,9.1,2022-05-21,Colombia,No
CLI-001533,Barranquilla,Estándar,Dos años,Débito automático,67,68.52,4576.31,0,0,8.1,2020-11-13,Colombia,No
CLI-000867,Bogotá,Básico,Un año,Débito automático,59,18.0,1148.2,0,0,9.7,2019-05-10,Colombia,No
CLI-001856,Bogotá,Básico,Mes a mes,Transferencia,61,91.58,5581.96,1,1,5.9,2022-04-23,Colombia,No
CLI-001737,Bogotá,Básico,Dos años,Tarjeta,36,37.46,1239.77,3,1,8.9,2023-09-24,Colombia,No
CLI-001229,Medellín,Estándar,Mes a mes,Transferencia,11,102.17,1207.09,0,1,10.0,2019-08-23,Colombia,No
CLI-001061,Bogotá,Premium,Un año,Tarjeta,55,64.62,,1,0,6.2,2019-09-17,Colombia,No
CLI-002106,Medellín,Básico,Mes a mes,Débito automático,20,111.91,2047.85,3,1,4.6,2019-04-26,Colombia,Sí
CLI-002775,Medellín,Premium,Dos años,Efectivo,39,100.73,3885.91,1,0,7.3,2020-07-29,Colombia,No
CLI-001974,Bogotá,Estándar,Mes a mes,Tarjeta,25,72.68,1734.98,0,1,4.5,2019-10-30,Colombia,No
CLI-000590,Medellín,Estándar,Mes a mes,Transferencia,60,41.93,2297.09,1,0,7.4,2020-12-02,Colombia,No
CLI-002444,Bogotá,Estándar,Mes a mes,Tarjeta,16,64.22,1001.48,2,0,3.3,2021-10-22,Colombia,Sí
CLI-002655,Bucaramanga,Básico,Mes a mes,Débito automático,61,49.78,3058.64,2,1,9.4,2020-06-24,Colombia,No
CLI-000087,Medellín,Básico,Un año,Tarjeta,7,25.48,,1,1,7.8,2019-09-09,Colombia,No
CLI-002939,Bogotá,Premium,Mes a mes,Efectivo,65,44.65,2990.18,1,1,,2022-02-07,Colombia,No
CLI-000772,Bucaramanga,Básico,Mes a mes,Transferencia,71,43.06,3187.43,1,1,8.7,2019-10-26,Colombia,No
CLI-002415,Medellín,Estándar,Mes a mes,Transferencia,27,38.03,944.95,1,1,10.0,2022-08-10,Colombia,No
CLI-001250,Medellín,Premium,Un año,Tarjeta,70,67.17,4648.72,3,1,10.0,2022-07-05,Colombia,No
CLI-000709,Cali,Premium,Un año,Débito automático,34,51.54,1608.8,0,1,10.0,2023-08-11,Colombia,No
CLI-002437,Medellín,Premium,Mes a mes,Tarjeta,46,35.8,1729.54,1,0,6.9,2020-08-31,Colombia,No
CLI-001861,Medellín,Básico,Mes a mes,Transferencia,53,29.84,1434.32,1,1,,2023-09-01,Colombia,No
CLI-002129,Cali,Premium,Mes a mes,Débito automático,5,50.01,,0,1,6.0,2021-04-19,Colombia,No
CLI-002844,Bucaramanga,Básico,Mes a mes,Tarjeta,35,55.13,1773.13,0,0,8.4,2019-05-03,Colombia,No
CLI-000419,Medellín,Básico,Mes a mes,Tarjeta,22,105.63,2271.24,1,0,,2021-08-26,Colombia,Sí
CLI-001462,Medellín,Estándar,Mes a mes,Efectivo,23,75.61,1799.83,1,0,8.2,2022-10-19,Colombia,Sí
CLI-001485,Medellín,Estándar,Dos años,Débito automático,30,66.7,1951.74,1,0,,2020-11-07,Colombia,No
CLI-002814,Medellín,Básico,Mes a mes,Tarjeta,69,116.1,8356.44,1,0,4.8,2021-07-28,Colombia,No
CLI-002926,Bogotá,Premium,Dos años,Débito automático,13,60.49,801.83,0,1,1.7,2019-05-31,Colombia,No
CLI-000852,Cali,Estándar,Un año,Débito automático,57,76.98,4015.61,2,0,7.7,2023-02-08,Colombia,No
CLI-001005,Medellín,Premium,Un año,Débito automático,10,52.43,520.66,1,1,4.7,2022-03-28,Colombia,No
CLI-001997,Medellín,Básico,Dos años,Débito automático,40,75.91,,0,1,5.9,2021-09-25,Colombia,No
CLI-001835,Cali,Premium,Un año,Transferencia,30,55.43,1734.06,1,1,4.1,2022-02-21,Colombia,No
CLI-002409,Medellín,Estándar,Un año,Débito automático,33,77.88,2706.49,0,0,4.9,2019-02-14,Colombia,No
CLI-000437,Bogotá,Premium,Un año,Transferencia,41,31.22,1157.26,0,1,3.1,2021-02-07,Colombia,Sí
CLI-001317, bogotá ,Estándar,Mes a mes,Transferencia,51,83.9,4351.8,1,1,7.4,2022-09-11,Colombia,No
CLI-001624,Cali,Estándar,Un año,Efectivo,2,56.94,102.49,1,1,5.7,2019-02-06,Colombia,No
CLI-001481,Bogotá,Premium,Un año,Débito automático,11,111.07,1305.92,2,0,4.3,2020-09-26,Colombia,Sí
CLI-001649,Bogotá,Premium,Mes a mes,Transferencia,70,37.66,2749.02,1,1,6.9,2022-08-22,Colombia,No
CLI-001004,Barranquilla,Premium,Un año,Transferencia,63,40.28,2415.59,0,0,,2021-11-04,Colombia,No
CLI-001279,Bogotá,Básico,Un año,Tarjeta,1,131.46,131.46,2,1,5.0,2021-04-10,Colombia,No
CLI-001824,Bogotá,Estándar,Mes a mes,Tarjeta,63,102.61,6968.52,2,1,6.1,2020-05-11,Colombia,No
CLI-002469,Bogotá,Estándar,Un año,Transferencia,2,34.14,64.61,0,0,7.4,2021-04-19,Colombia,No
CLI-002928,Barranquilla,Básico,Mes a mes,Débito automático,23,85.28,1873.49,1,0,7.4,2023-06-22,Colombia,No
CLI-001837,Barranquilla,Básico,Mes a mes,Transferencia,67,81.06,4995.71,1,0,,2019-01-12,Colombia,No
CLI-002884,Barranquilla,Básico,Mes a mes,Efectivo,4,57.88,229.36,1,0,9.2,2022-12-03,Colombia,Sí
CLI-001547,Barranquilla,Básico,Dos años,Efectivo,49,20.66,942.06,0,0,8.2,2023-05-19,Colombia,No
CLI-000336,Cali,Básico,Un año,Tarjeta,58,61.86,3756.03,0,0,5.8,2019-09-05,Colombia,No
CLI-000089,Bogotá,Estándar,Dos años,Tarjeta,55,83.78,4696.69,0,0,3.0,2022-02-15,Colombia,No
CLI-000875,Medellín,Básico,Mes a mes,Tarjeta,50,57.71,2890.36,0,1,3.8,2023-02-12,Colombia,No
CLI-002670,Bucaramanga,Básico,Mes a mes,Efectivo,69,45.57,3412.25,2,1,8.6,2023-08-30,Colombia,No
CLI-000544,Bogotá,Estándar,Mes a mes,Tarjeta,13,76.3,950.83,0,1,10.0,2023-03-28,Colombia,No
CLI-001242,Bucaramanga,Básico,Mes a mes,Débito automático,56,42.2,2425.47,1,0,8.0,2019-10-29,Colombia,No
CLI-001881,Cali,Básico,Un año,,28,61.3,1701.91,3,0,7.8,2023-10-23,Colombia,No
CLI-002936,Bogotá,Básico,Un año,Tarjeta,17,76.26,1344.54,2,0,6.2,2020-10-20,Colombia,No
CLI-002532,Bogotá,Básico,Mes a mes,Transferencia,58,44.15,2350.13,0,0,7.9,2021-05-17,Colombia,No
CLI-000320,Medellín,Premium,Mes a mes,Transferencia,55,106.56,5488.83,0,1,6.0,2019-12-15,Colombia,No
CLI-000520,Medellín,Estándar,Dos años,Tarjeta,43,82.22,3550.21,1,0,10.0,2021-08-06,Colombia,No
CLI-002373,Medellín,Básico,Mes a mes,Transferencia,5,65.55,343.98,3,0,5.0,2019-07-05,Colombia,Sí
CLI-000879,Bogotá,Básico,Un año,Transferencia,39,96.24,3815.76,0,1,4.8,2022-05-12,Colombia,No
CLI-000826,Bucaramanga,Premium,Un año,Transferencia,7,79.08,507.69,2,1,10.0,2020-10-10,Colombia,Sí
CLI-001291,Cali,Básico,Mes a mes,,17,79.79,1305.94,0,0,8.9,2020-01-30,Colombia,No
CLI-002609,Cali,Estándar,Mes a mes,Transferencia,38,67.65,2383.37,0,0,10.0,2021-03-22,Colombia,Sí
CLI-002859,Bogotá,Premium,Dos años,Transferencia,52,46.31,2450.15,2,1,3.9,2020-01-01,Colombia,No
CLI-000139,Cali,Básico,Un año,Débito automático,25,109.44,2543.99,0,0,10.0,2020-10-11,Colombia,No
CLI-000164,Medellín,Básico,Mes a mes,Transferencia,29,99.39,2660.76,1,1,7.7,2022-03-02,Colombia,Sí
CLI-001619,Bogotá,Premium,Mes a mes,Efectivo,9,38.53,373.03,2,0,10.0,2021-11-07,Colombia,No
CLI-002873,Bogotá,Básico,Mes a mes,Débito automático,59,108.21,6833.0,1,0,3.0,2021-11-28,Colombia,Sí
CLI-001792,Bogotá,Básico,Un año,Tarjeta,63,68.88,4319.16,0,1,3.5,2020-09-17,Colombia,No
CLI-001046,Bogotá,Estándar,Mes a mes,,11,92.99,1047.88,4,1,9.7,2022-07-22,Colombia,Sí
CLI-000961,Bogotá,Premium,Un año,Débito automático,11,23.47,276.07,1,0,6.0,2019-12-07,Colombia,No
CLI-001751,Medellín,Básico,Mes a mes,Transferencia,67,71.03,4830.72,1,0,,2022-03-21,Colombia,Sí
CLI-002611,Bogotá,Básico,Un año,Tarjeta,69,64.51,4684.16,3,1,8.4,2023-01-20,Colombia,No
CLI-002741,Medellín,Básico,Mes a mes,Transferencia,14,49.77,713.35,3,1,7.5,2020-11-11,Colombia,No
CLI-001505,Barranquilla,Básico,Mes a mes,Débito automático,43,70.71,2799.65,1,0,5.6,2021-06-22,Colombia,Sí
CLI-002360,Cali,Premium,Dos años,Débito automático,15,62.49,871.04,2,1,8.7,2023-11-11,Colombia,No
CLI-001099,Bogotá,Premium,Mes a mes,Débito automático,3,105.88,,0,1,5.8,2021-02-11,Colombia,No
CLI-001060,Bucaramanga,Básico,Un año,Débito automático,23,27.21,575.68,5,0,,2023-04-23,Colombia,No
CLI-002767,Cali,Básico,Dos años,Transferencia,27,79.93,2222.56,4,1,6.1,2021-04-09,Colombia,No
CLI-000656,Medellín,Básico,Mes a mes,Transferencia,38,63.52,2580.4,1,1,6.1,2019-05-23,Colombia,No
CLI-002065,Bogotá,Premium,Dos años,Débito automático,42,46.99,1839.29,0,1,10.0,2023-06-03,Colombia,No
CLI-002367,Cali,Básico,Dos años,Tarjeta,24,91.36,2376.81,1,1,10.0,2019-08-12,Colombia,No
CLI-000138,Barranquilla,Básico,Mes a mes,Débito automático,3,75.97,222.61,2,1,,2022-09-16,Colombia,No
CLI-002408,Bogotá,Premium,Mes a mes,Débito automático,51,111.61,5637.18,1,1,10.0,2022-01-29,Colombia,No
CLI-001977,Medellín,Premium,Mes a mes,Transferencia,67,53.72,3323.4,2,1,7.5,2019-06-22,Colombia,No
CLI-001582,Bucaramanga,Básico,Mes a mes,Tarjeta,16,67.02,1109.62,1,0,7.0,2021-02-16,Colombia,No
CLI-000698,Medellín,Básico,Un año,Efectivo,42,49.76,2042.79,0,1,5.9,2019-02-11,Colombia,No
CLI-001098,Bogotá,Básico,Dos años,Débito automático,54,90.99,5347.12,1,0,6.8,2021-01-05,Colombia,No
CLI-002322,Bogotá,Estándar,Mes a mes,Efectivo,3,23.69,71.57,3,0,6.2,2021-09-11,Colombia,Sí
CLI-002660,Medellín,Básico,Mes a mes,Tarjeta,12,51.66,623.17,0,1,,2023-03-03,Colombia,No
CLI-001393,Bogotá,Estándar,Mes a mes,Débito automático,70,104.21,6677.06,1,1,7.2,2020-02-26,Colombia,No
CLI-002971,Medellín,Estándar,Mes a mes,Débito automático,44,68.67,2787.94,1,1,7.3,2020-02-10,Colombia,No
CLI-001267,Bogotá,Estándar,Dos años,Transferencia,4,47.38,181.87,2,1,8.7,2022-12-26,Colombia,No
CLI-000136,Bogotá,Básico,Mes a mes,Tarjeta,22,81.31,1783.87,1,1,7.7,2019-03-30,Colombia,No
CLI-001170,Cali,Básico,Mes a mes,Efectivo,66,68.94,4402.18,0,1,3.2,2020-08-11,Colombia,No
CLI-002136,Bogotá,Estándar,Dos años,Efectivo,49,132.32,5884.15,1,0,9.8,2023-07-09,Colombia,No
CLI-001504,Cali,Básico,Mes a mes,Efectivo,23,51.59,1303.4,1,0,,2020-01-25,Colombia,Sí
CLI-001363,Barranquilla,Básico,Mes a mes,Efectivo,25,86.9,2192.72,4,0,6.4,2023-06-06,Colombia,Sí
CLI-002446,Medellín,Premium,Un año,Transferencia,64,131.16,8188.15,1,1,10.0,2021-07-31,Colombia,No
CLI-000149,Medellín,Estándar,Mes a mes,Débito automático,59,64.56,4169.26,2,0,7.9,2023-09-10,Colombia,No
CLI-000304,Medellín,Estándar,Un año,Débito automático,64,43.57,2824.9,1,0,7.1,2020-01-03,Colombia,No
CLI-001018,Bogotá,Básico,Un año,Tarjeta,36,75.29,2697.94,0,1,9.8,2019-01-18,Colombia,No
CLI-001925,Bogotá,Básico,Mes a mes,Tarjeta,26,68.16,1627.75,1,1,4.8,2023-03-09,Colombia,No
CLI-001053,Medellín,Estándar,Un año,Débito automático,36,75.41,2664.55,3,0,3.4,2022-05-23,Colombia,No
CLI-002778,Barranquilla,Estándar,Mes a mes,Transferencia,65,75.65,4875.94,0,1,10.0,2019-05-20,Colombia,No
CLI-002402,Medellín,Básico,Mes a mes,Efectivo,41,87.85,3467.73,0,1,8.2,2020-11-11,Colombia,No
CLI-001905,Bogotá,Básico,Un año,Tarjeta,24,82.14,2149.08,1,0,4.1,2019-08-19,Colombia,No
CLI-002649,Medellín,Básico,Un año,Transferencia,67,106.72,6744.11,0,0,5.4,2020-09-12,Colombia,No
CLI-000199,Bogotá,Premium,Mes a mes,Tarjeta,25,88.79,2235.61,1,1,3.4,2021-09-08,Colombia,Sí
CLI-001769,Bogotá,Básico,Mes a mes,Efectivo,5,85.39,465.42,2,0,7.1,2020-04-02,Colombia,Sí
CLI-002241,Bogotá,Básico,Mes a mes,Débito automático,16,68.74,1073.83,0,0,8.6,2021-05-22,Colombia,No
CLI-000405,Cali,Básico,Mes a mes,Efectivo,36,77.25,3037.86,0,1,7.5,2022-09-04,Colombia,No
CLI-002704,Medellín,Básico,Mes a mes,Débito automático,60,36.36,2169.6,0,0,3.5,2020-06-24,Colombia,No
CLI-001820,Cali,Básico,Mes a mes,Efectivo,21,60.01,1188.43,2,0,5.4,2022-10-31,Colombia,No
CLI-000484,Cali,Básico,Mes a mes,Transferencia,57,18.0,987.36,1,1,10.0,2021-01-07,Colombia,No
CLI-001183,Bogotá,Básico,Dos años,Transferencia,50,45.77,2317.77,3,1,6.1,2022-07-29,Colombia,No
CLI-001340,Bogotá,Básico,Un año,Débito automático,29,53.91,1514.86,3,1,7.1,2022-06-23,Colombia,No
CLI-001281,Bogotá,Estándar,Mes a mes,Efectivo,53,48.68,2819.36,1,0,4.6,2021-06-19,Colombia,No
CLI-001032,Barranquilla,Básico,Un año,Transferencia,13,52.46,700.34,1,0,6.9,2022-04-01,Colombia,No
CLI-000792,Bogotá,Básico,Dos años,,33,67.89,,3,1,8.7,2020-07-04,Colombia,No
CLI-000800,Medellín,,Un año,Débito automático,32,83.77,,1,1,6.4,2023-07-04,Colombia,No
CLI-001202,Cali,Básico,Dos años,Débito automático,34,52.5,1619.22,2,0,3.0,2022-02-16,Colombia,No
CLI-000423,Bogotá,Premium,Un año,Transferencia,55,58.58,3204.82,1,1,3.4,2021-12-17,Colombia,No
CLI-001608,Bogotá,Básico,Mes a mes,Transferencia,43,80.88,3180.68,3,0,9.6,2019-05-13,Colombia,No
CLI-001884,Barranquilla,Premium,Mes a mes,Transferencia,61,89.55,5897.96,0,1,6.3,2021-11-16,Colombia,No
CLI-002999,Barranquilla,Estándar,Un año,Efectivo,31,55.61,1784.0,4,0,6.3,2021-01-27,Colombia,No
CLI-001480,Cali,Estándar,Un año,Tarjeta,30,51.23,1392.69,0,1,10.0,2019-06-18,Colombia,No
CLI-001929,Medellín,Premium,Mes a mes,Débito automático,13,31.27,385.23,4,0,8.2,2021-01-03,Colombia,No
CLI-002562,Bucaramanga,Estándar,Un año,Efectivo,26,79.05,2089.79,0,0,8.3,2022-10-15,Colombia,Sí
CLI-001530,Medellín,Básico,Dos años,Débito automático,66,104.59,6759.44,4,1,8.3,2021-01-12,Colombia,No
CLI-000903,Bogotá,Premium,Mes a mes,Débito automático,16,61.19,894.99,2,0,7.0,2020-10-22,Colombia,Sí
CLI-000686,Bogotá,Premium,Mes a mes,Tarjeta,57,52.64,3177.46,3,1,6.0,2022-02-28,Colombia,No
CLI-001552,Medellín,Estándar,Dos años,Tarjeta,61,61.17,3891.51,1,0,7.0,2023-01-28,Colombia,No
CLI-000160,Medellín,Estándar,Un año,Tarjeta,56,51.0,2597.8,3,1,8.7,2019-06-13,Colombia,No
CLI-001000,Medellín,Premium,Mes a mes,Transferencia,37,22.09,784.41,2,0,6.7,2023-08-22,Colombia,No
CLI-002491,Cali,Estándar,Mes a mes,Tarjeta,25,51.83,1355.65,1,0,5.7,2021-03-03,Colombia,No
CLI-002869, bogotá ,Premium,Mes a mes,Transferencia,62,84.21,5035.45,3,0,,2023-01-02,Colombia,No
CLI-002251,Medellín,Básico,Mes a mes,Transferencia,36,81.76,2828.19,1,1,10.0,2019-09-11,Colombia,No
CLI-000113,Medellín,Premium,Dos años,Efectivo,40,78.54,2898.85,3,1,8.5,2022-06-27,Colombia,No
CLI-002895,Cali,Estándar,Mes a mes,Débito automático,19,44.32,916.96,0,1,8.9,2023-09-21,Colombia,No
CLI-001447,Cali,Premium,Mes a mes,Efectivo,67,98.56,7040.76,1,1,7.0,2020-12-15,Colombia,No
CLI-001953,Bogotá,Estándar,Mes a mes,Efectivo,6,73.24,452.89,2,0,8.3,2019-07-03,Colombia,No
CLI-000923,Medellín,Básico,Un año,Débito automático,32,31.68,1074.24,2,1,9.3,2023-07-02,Colombia,No
CLI-001625,Medellín,Básico,Mes a mes,Efectivo,40,58.23,2286.88,1,0,9.6,2020-11-03,Colombia,No
CLI-002864,Bogotá,Premium,Un año,Efectivo,44,72.91,3381.59,1,1,4.2,2021-07-01,Colombia,No
CLI-001320,Barranquilla,Básico,Mes a mes,Tarjeta,29,44.73,1316.85,3,1,5.0,2020-08-23,Colombia,Sí
CLI-001664,Cali,Básico,Un año,Débito automático,40,83.65,3206.94,2,0,9.4,2021-12-28,Colombia,No
CLI-000816,Bogotá,Básico,Mes a mes,Efectivo,60,18.0,1051.64,4,1,3.2,2023-03-22,Colombia,Sí
CLI-002267,Barranquilla,Básico,Mes a mes,Débito automático,49,75.71,3523.95,1,1,,2023-09-09,Colombia,No
CLI-001474,Bogotá,Estándar,Un año,Tarjeta,15,96.41,1497.29,2,1,10.0,2019-05-21,Colombia,No
CLI-001774,Medellín,Básico,Mes a mes,Transferencia,28,91.74,2423.15,1,0,9.0,2022-01-26,Colombia,No
CLI-000680,Bogotá,Estándar,Mes a mes,Débito automático,67,101.48,6864.99,2,0,8.5,2022-07-13,Colombia,No
CLI-002610,Medellín,Básico,Mes a mes,Tarjeta,59,18.0,1049.04,2,1,6.9,2019-09-02,Colombia,No
CLI-001094,Bogotá,Básico,Un año,Tarjeta,28,18.0,524.22,2,0,8.3,2019-05-25,Colombia,No
CLI-000081,Bogotá,Estándar,Mes a mes,Efectivo,67,63.48,4283.72,1,1,6.1,2019-03-03,Colombia,No
CLI-001951, bogotá ,Estándar,Mes a mes,Transferencia,65,18.0,1170.96,1,0,9.2,2022-09-29,Colombia,No
CLI-002503,Medellín,Básico,Mes a mes,Tarjeta,54,82.92,4412.99,0,1,5.5,2020-07-08,Colombia,No
CLI-001240,Bucaramanga,Básico,Un año,Tarjeta,3,48.45,134.04,1,0,5.9,2022-10-07,Colombia,Sí
CLI-000330,Medellín,Básico,Mes a mes,Débito automático,40,95.39,3807.24,1,1,10.0,2022-02-05,Colombia,Sí
CLI-000243,Bucaramanga,Estándar,Dos años,Efectivo,7,73.54,468.69,1,0,6.1,2020-05-30,Colombia,No
CLI-000642,Bogotá,Estándar,Mes a mes,Débito automático,66,27.14,1724.16,3,1,6.2,2019-03-14,Colombia,No
CLI-000697,Medellín,Estándar,Mes a mes,Efectivo,52,78.31,4086.79,1,0,7.2,2021-05-25,Colombia,No
CLI-002258,Cali,Estándar,Un año,Transferencia,47,81.12,3485.94,1,1,7.8,2019-10-26,Colombia,No
CLI-000754,Barranquilla,Estándar,Mes a mes,Débito automático,67,114.46,7439.26,1,1,8.8,2023-01-18,Colombia,Sí
CLI-000436,Medellín,Estándar,Mes a mes,Efectivo,9,55.46,522.12,1,0,,2022-08-21,Colombia,Sí
CLI-001564,Bogotá,Básico,Mes a mes,Transferencia,66,50.95,3331.2,4,0,7.3,2019-10-07,Colombia,No
CLI-001935,Bogotá,Básico,Un año,Tarjeta,11,84.59,912.84,3,1,5.7,2023-05-28,Colombia,Sí
CLI-002808,Cali,Básico,Mes a mes,Efectivo,23,78.57,1754.78,1,0,6.5,2021-07-30,Colombia,Sí
CLI-001713,Medellín,,Mes a mes,Tarjeta,63,94.42,6319.7,0,0,,2021-05-01,Colombia,No
CLI-000552,Bogotá,Básico,Mes a mes,Débito automático,28,114.43,3083.03,1,1,3.0,2022-02-14,Colombia,Sí
CLI-002650,Cali,Estándar,Mes a mes,Transferencia,24,70.75,1741.09,0,1,3.2,2019-03-15,Colombia,No
CLI-000602,Medellín,Premium,Mes a mes,Transferencia,56,113.06,6795.84,1,1,7.6,2022-04-11,Colombia,No
CLI-001965,Cali,Básico,Mes a mes,Transferencia,59,140.36,8897.23,2,1,4.9,2022-11-07,Colombia,No
CLI-001014,Bucaramanga,Básico,Mes a mes,Transferencia,23,84.6,2060.9,2,1,8.6,2021-12-12,Colombia,No
CLI-002506,Bogotá,Estándar,Un año,Transferencia,9,49.9,441.13,2,1,6.7,2023-11-20,Colombia,Sí
CLI-001428,Medellín,Estándar,Mes a mes,Tarjeta,65,73.54,4392.86,3,1,4.4,2021-11-30,Colombia,No
CLI-002013,Bucaramanga,Básico,Mes a mes,Débito automático,11,97.39,981.88,0,0,5.3,2023-09-28,Colombia,No
CLI-001387,Medellín,Básico,Un año,Transferencia,40,55.81,2342.15,0,0,4.0,2023-04-19,Colombia,Sí
CLI-001296,Cali,Básico,Dos años,Efectivo,37,40.06,1508.7,0,0,10.0,2020-12-03,Colombia,No
CLI-000467,Cali,Estándar,Mes a mes,Débito automático,12,55.42,607.52,2,1,6.4,2023-01-18,Colombia,No
CLI-001500,Barranquilla,Estándar,Mes a mes,Efectivo,60,118.77,7393.45,3,0,7.6,2021-07-11,Colombia,Sí
CLI-002616,Bogotá,Estándar,Un año,Tarjeta,48,49.38,2483.18,1,0,5.0,2019-08-27,Colombia,No
CLI-002986,Medellín,Estándar,Mes a mes,Efectivo,47,43.06,2224.3,0,0,6.8,2019-05-07,Colombia,No
CLI-000278,Cali,Básico,Mes a mes,Transferencia,56,65.26,3745.98,1,1,,2023-05-30,Colombia,No
CLI-001070,Bogotá,Estándar,Mes a mes,Efectivo,1,56.45,51.85,0,1,8.0,2020-04-22,Colombia,Sí
CLI-001549,Cali,Premium,Mes a mes,Efectivo,36,63.24,2097.67,2,0,3.3,2019-02-21,Colombia,Sí
CLI-001025,Cali,Estándar,Un año,Débito automático,59,67.49,3672.33,3,0,6.2,2023-03-05,Colombia,No
CLI-001466,Barranquilla,Básico,Mes a mes,Efectivo,8,92.46,754.9,3,1,4.2,2022-11-09,Colombia,Sí
CLI-000941,Bogotá,Básico,Mes a mes,Débito automático,50,58.85,2945.13,2,0,7.5,2023-02-02,Colombia,No
CLI-001467,Bogotá,Básico,Dos años,Débito automático,46,90.02,3985.21,2,1,8.0,2021-05-10,Colombia,No
CLI-001324,Bucaramanga,Básico,Dos años,Transferencia,63,96.65,5670.79,0,0,4.4,2021-09-14,Colombia,No
CLI-001400,Cali,Premium,Mes a mes,Efectivo,22,47.76,1080.15,2,1,8.3,2022-02-07,Colombia,No
CLI-002523,Bogotá,Premium,Mes a mes,Transferencia,15,61.06,952.29,2,1,5.2,2023-11-06,Colombia,Sí
CLI-001450,Medellín,Básico,Un año,Efectivo,8,83.6,,1,0,6.0,2022-05-29,Colombia,Sí
CLI-000907,Bogotá,Premium,Mes a mes,Efectivo,30,97.98,3089.94,1,0,8.9,2023-08-09,Colombia,No
CLI-002721,Barranquilla,Básico,Dos años,Transferencia,45,100.11,4316.65,2,1,6.5,2022-01-09,Colombia,No
CLI-001896,Cali,Básico,Mes a mes,Transferencia,61,18.0,1025.23,1,1,8.7,2022-11-23,Colombia,No
CLI-000389,Medellín,Estándar,Un año,Efectivo,64,60.39,4185.3,2,1,5.3,2022-07-31,Colombia,No
CLI-002071,Cali,Premium,Mes a mes,Transferencia,14,109.03,1504.68,1,0,6.0,2020-09-01,Colombia,Sí
CLI-002407,Cali,Estándar,Dos años,Débito automático,27,80.43,2349.12,0,0,5.0,2023-07-21,Colombia,No
CLI-002173,Bogotá,Estándar,Mes a mes,Tarjeta,71,53.68,3967.72,1,0,9.1,2020-03-12,Colombia,No
CLI-000881,Barranquilla,Básico,Dos años,Efectivo,7,106.99,791.38,1,0,7.6,2019-01-01,Colombia,No
CLI-002780,Bucaramanga,Básico,Mes a mes,Tarjeta,4,86.02,367.87,0,1,4.8,2019-09-13,Colombia,No
CLI-000051,Medellín,Estándar,Un año,Transferencia,54,71.7,3903.9,1,1,5.4,2022-04-08,Colombia,No
CLI-001888,Bogotá,,Dos años,Tarjeta,30,74.44,2331.05,0,0,6.7,2021-07-07,Colombia,No
CLI-001703,Medellín,Básico,Mes a mes,Débito automático,49,83.87,4452.75,2,1,7.5,2022-04-03,Colombia,No
CLI-000134,Cali,Estándar,Mes a mes,Efectivo,40,51.76,2074.32,1,0,5.5,2022-09-21,Colombia,No
CLI-001106,Bogotá,Básico,Un año,Tarjeta,13,46.46,612.03,0,0,9.4,2021-01-20,Colombia,No
CLI-000704,Barranquilla,Premium,Un año,Tarjeta,13,85.84,1197.5,3,0,8.2,2023-07-29,Colombia,No
CLI-000483,Medellín,Estándar,Un año,Transferencia,18,39.3,760.22,1,0,7.4,2023-02-14,Colombia,No
CLI-001146,Barranquilla,Básico,Mes a mes,Tarjeta,35,47.56,1825.7,0,1,5.4,2019-11-23,Colombia,No
CLI-002039,Medellín,Premium,Un año,Tarjeta,71,64.21,4431.16,0,0,5.6,2021-09-21,Colombia,No
CLI-000302,Cali,Premium,Mes a mes,Débito automático,59,50.56,3091.41,2,0,5.0,2019-06-02,Colombia,No
CLI-000067,Medellín,Premium,Mes a mes,Transferencia,65,99.96,6274.4,0,1,8.9,2022-12-12,Colombia,No
CLI-002314,Barranquilla,Estándar,Mes a mes,Tarjeta,4,83.65,318.1,1,1,7.9,2020-06-11,Colombia,Sí
CLI-002682,Bogotá,Premium,Un año,Transferencia,8,156.35,1166.33,3,0,9.3,2019-09-07,Colombia,No
CLI-000908, bogotá ,Estándar,Un año,Efectivo,13,60.31,841.05,3,1,4.8,2020-02-24,Colombia,Sí
CLI-000032,Cali,Básico,Mes a mes,Tarjeta,17,69.43,1273.1,1,1,5.4,2021-08-07,Colombia,No
CLI-002881,Cali,Básico,Mes a mes,Efectivo,3,19.03,59.98,1,1,5.0,2019-04-23,Colombia,No
CLI-000011,Medellín,Básico,Un año,Efectivo,38,72.74,2613.14,0,1,7.2,2023-02-28,Colombia,No
CLI-000065,Medellín,Estándar,Un año,Tarjeta,30,59.39,1644.95,3,0,5.5,2019-11-06,Colombia,No
CLI-000777,Medellín,Premium,Un año,Efectivo,31,69.02,2075.46,0,0,8.9,2022-09-24,Colombia,No
CLI-000078,Cali,Básico,Dos años,Tarjeta,17,27.82,494.85,1,1,,2021-01-10,Colombia,No
CLI-000492,Medellín,Estándar,Mes a mes,Débito automático,62,76.13,4369.21,3,0,9.9,2019-11-24,Colombia,No
CLI-002663,Barranquilla,Básico,Mes a mes,Transferencia,11,45.0,482.31,1,1,5.8,2021-08-17,Colombia,Sí
CLI-002114,Medellín,Estándar,Mes a mes,Transferencia,65,68.19,4610.74,1,0,7.9,2021-08-20,Colombia,Sí
CLI-002805,Bogotá,Premium,Mes a mes,Débito automático,13,53.22,723.68,0,0,5.6,2021-07-19,Colombia,No
CLI-002345,Bogotá,Estándar,Un año,Débito automático,42,94.57,3867.34,1,1,4.1,2020-11-23,Colombia,No
CLI-000592,Bogotá,Básico,Mes a mes,Transferencia,65,39.38,2379.51,1,0,5.3,2022-07-26,Colombia,No
CLI-001286,Bucaramanga,Básico,Mes a mes,Transferencia,4,99.0,376.0,1,0,6.0,2019-08-21,Colombia,Sí
CLI-002560,Medellín,Básico,Dos años,Tarjeta,42,70.13,3067.95,1,1,9.4,2021-11-01,Colombia,No
CLI-000725,Cali,Estándar,Mes a mes,Efectivo,56,26.49,1376.89,2,1,4.6,2020-05-07,Colombia,No
CLI-002558,Medellín,Premium,Dos años,Transferencia,62,94.19,6294.47,0,0,7.9,2023-06-17,Colombia,No
CLI-001213,Medellín,Básico,Mes a mes,Transferencia,33,58.39,2029.6,0,1,7.6,2021-02-04,Colombia,No
CLI-002300,Medellín,Estándar,Mes a mes,Transferencia,64,25.33,1593.59,1,0,6.6,2020-10-24,Colombia,No
CLI-002620,Bogotá,Básico,Mes a mes,Débito automático,68,57.25,3727.79,2,1,6.6,2022-02-15,Colombia,No
CLI-001638,Medellín,Básico,Un año,Transferencia,45,53.59,2214.33,2,1,4.9,2020-08-21,Colombia,No
CLI-002901,Cali,Básico,Un año,Tarjeta,37,78.81,3180.99,0,0,5.4,2019-11-11,Colombia,No
CLI-002981,Cali,Estándar,Dos años,Tarjeta,51,78.33,3969.52,0,0,4.0,2021-05-14,Colombia,No
CLI-000983,Medellín,Básico,Mes a mes,Tarjeta,39,45.71,1887.75,1,1,4.1,2023-11-05,Colombia,No
CLI-000707,Bogotá,,Un año,Débito automático,1,140.32,126.95,2,1,5.4,2021-07-25,Colombia,Sí
CLI-001688,Barranquilla,Premium,Mes a mes,Efectivo,29,67.15,,0,1,7.1,2020-08-08,Colombia,Sí
CLI-002857,Medellín,Estándar,Mes a mes,Efectivo,41,85.33,3334.98,1,1,5.0,2022-07-06,Colombia,No
CLI-000274,Bogotá,Premium,Dos años,Transferencia,69,33.95,2188.88,0,0,5.9,2021-04-25,Colombia,No
CLI-001710,Bogotá,Básico,Mes a mes,Débito automático,16,40.29,682.3,3,0,2.5,2021-05-17,Colombia,No
CLI-002783,Bogotá,Premium,Dos años,Transferencia,55,43.79,2197.8,3,1,7.9,2019-07-01,Colombia,No
CLI-000964,Medellín,Estándar,Dos años,Débito automático,16,59.11,1022.48,0,0,7.4,2019-03-01,Colombia,No
CLI-002553,Bogotá,Estándar,Mes a mes,Efectivo,16,87.17,1397.28,1,0,7.9,2020-11-19,Colombia,No
CLI-002900,Cali,Básico,Un año,Débito automático,15,118.87,1710.86,5,0,7.2,2022-11-25,Colombia,Sí
CLI-001597,Cali,Estándar,Mes a mes,Tarjeta,47,58.96,2668.63,1,1,6.9,2021-11-26,Colombia,No
CLI-002703,Cali,Estándar,Mes a mes,Tarjeta,16,83.33,1370.51,1,1,5.4,2019-05-01,Colombia,No
CLI-002596,Bogotá,Estándar,Mes a mes,Débito automático,12,79.39,941.67,1,0,6.6,2023-08-27,Colombia,Sí
CLI-001453,Bogotá,Básico,Un año,Transferencia,4,69.97,260.52,0,1,,2021-03-18,Colombia,Sí
CLI-000150,Medellín,Básico,Mes a mes,Efectivo,5,60.4,291.49,1,0,5.9,2022-02-22,Colombia,No
CLI-001758,Medellín,Básico,Mes a mes,Débito automático,44,100.21,4424.33,3,0,8.7,2021-12-23,Colombia,No
CLI-000219,Cali,Premium,Un año,Transferencia,32,51.85,1632.21,4,0,4.9,2020-02-01,Colombia,No
CLI-000240,Cali,Estándar,Un año,Tarjeta,45,75.09,3262.82,0,1,4.7,2022-01-17,Colombia,No
CLI-001132,Medellín,Básico,Mes a mes,Efectivo,48,123.97,5840.47,3,1,9.8,2020-06-15,Colombia,No
CLI-002748,Medellín,Estándar,Dos años,Tarjeta,58,92.19,5263.66,2,1,6.9,2022-08-25,Colombia,No
CLI-002240,Bogotá,Básico,Un año,Tarjeta,63,39.33,2369.34,0,0,7.4,2023-11-28,Colombia,No
CLI-002382,Bogotá,Estándar,Mes a mes,Débito automático,32,67.8,2341.72,1,1,4.4,2021-02-02,Colombia,Sí
CLI-001254,Medellín,Premium,Un año,Débito automático,57,41.49,2357.67,1,1,6.1,2022-01-21,Colombia,No
CLI-001054,Bogotá,Premium,Dos años,Efectivo,69,90.12,6524.96,0,1,9.4,2021-06-26,Colombia,No
CLI-001669,Medellín,Básico,Mes a mes,Débito automático,38,51.85,2088.35,1,0,9.8,2021-01-01,Colombia,No
CLI-002585,Bogotá,Básico,Mes a mes,Transferencia,25,45.93,,0,1,4.3,2021-06-02,Colombia,No
CLI-001437,Cali,Básico,Un año,Efectivo,31,94.47,2829.38,2,0,8.7,2022-06-20,Colombia,No
CLI-001358,Medellín,Premium,Mes a mes,Transferencia,10,89.5,844.13,3,0,5.4,2020-06-17,Colombia,Sí
CLI-000776,Bogotá,Premium,Mes a mes,Tarjeta,68,43.9,3221.36,0,1,6.6,2019-12-08,Colombia,No
CLI-002664,Bogotá,Estándar,Mes a mes,Efectivo,36,78.92,2805.04,0,0,10.0,2022-03-23,Colombia,Sí
CLI-000840,Bogotá,Premium,Dos años,Efectivo,65,62.35,4235.3,0,1,7.9,2023-08-11,Colombia,No
CLI-000628,Bogotá,Estándar,Un año,Transferencia,27,58.3,1556.97,1,0,9.5,2022-06-06,Colombia,No
CLI-000324,Bucaramanga,Estándar,Dos años,Débito automático,66,45.41,3246.13,0,0,8.1,2021-02-14,Colombia,No
CLI-002760,Bogotá,Básico,Un año,Débito automático,31,60.34,1837.59,2,0,7.9,2022-07-06,Colombia,No
CLI-002990,Cali,Estándar,Mes a mes,Tarjeta,31,70.17,1994.75,0,1,8.8,2022-03-18,Colombia,No
CLI-001868,Medellín,Estándar,Un año,Efectivo,54,71.6,4170.45,1,1,10.0,2022-01-03,Colombia,No
CLI-001161,Medellín,Estándar,Dos años,Efectivo,42,52.89,2372.15,0,0,5.2,2019-06-12,Colombia,No
CLI-001077,Medellín,Básico,Mes a mes,Efectivo,51,48.37,2629.69,1,0,5.1,2019-07-01,Colombia,No
CLI-000438,Bogotá,Básico,Mes a mes,Débito automático,66,81.33,5430.82,1,0,7.7,2021-12-04,Colombia,No
CLI-000120,Bogotá,Premium,Mes a mes,Transferencia,9,78.64,659.75,2,1,6.0,2022-05-26,Colombia,Sí
CLI-002689,Bogotá,Estándar,Mes a mes,Débito automático,46,67.1,2824.87,1,0,8.2,2021-12-09,Colombia,No
CLI-002514,Cali,Estándar,Un año,Efectivo,54,112.52,5578.31,0,0,5.1,2021-07-27,Colombia,No
CLI-002694,Medellín,Básico,Un año,Transferencia,31,49.03,1641.8,2,0,8.5,2023-10-12,Colombia,No
CLI-001815,Bogotá,Básico,Mes a mes,Efectivo,63,22.08,1502.51,1,0,6.7,2019-02-15,Colombia,No
CLI-001840,Bucaramanga,Básico,Un año,Transferencia,40,73.79,3196.05,3,0,9.4,2023-06-11,Colombia,No
CLI-001027,Bogotá,Estándar,Mes a mes,Tarjeta,6,72.68,452.22,0,1,7.3,2019-01-29,Colombia,Sí
CLI-000077,Bogotá,Estándar,Dos años,Transferencia,24,88.73,2230.22,1,1,3.2,2021-02-07,Colombia,No
CLI-000901,Bogotá,Básico,Un año,Débito automático,1,109.25,117.41,1,0,6.5,2023-11-26,Colombia,No
CLI-000372,Medellín,Estándar,Mes a mes,Débito automático,47,71.44,3282.3,1,1,7.0,2020-01-21,Colombia,No
CLI-001205, bogotá ,Estándar,Dos años,Transferencia,47,59.44,2872.83,3,0,6.3,2020-10-04,Colombia,No
CLI-002591,Bucaramanga,Básico,Mes a mes,Tarjeta,6,92.24,504.45,1,0,7.6,2020-07-13,Colombia,No
CLI-000942,Cali,,Mes a mes,Tarjeta,29,94.5,2704.98,1,1,5.4,2021-03-01,Colombia,Sí
CLI-000553,Cali,Premium,Un año,Transferencia,59,86.47,5322.12,0,1,4.1,2023-04-07,Colombia,No
CLI-000407,Barranquilla,Premium,Un año,Débito automático,31,64.77,1871.38,1,0,10.0,2021-11-30,Colombia,No
CLI-002118,Bogotá,Básico,Mes a mes,Transferencia,39,74.65,3161.72,0,1,4.5,2021-11-14,Colombia,No
CLI-001614,Cali,Básico,Dos años,Transferencia,50,89.27,4839.38,0,1,6.4,2022-04-21,Colombia,No
CLI-000969,Barranquilla,Básico,Dos años,Transferencia,66,69.58,4572.49,2,1,5.0,2019-05-18,Colombia,No
CLI-002350,Medellín,Básico,Mes a mes,Transferencia,36,80.08,2875.12,0,1,6.0,2019-06-06,Colombia,No
CLI-001747,Barranquilla,Premium,Un año,Efectivo,71,81.99,5719.07,0,1,10.0,2022-08-12,Colombia,No
CLI-000690,Barranquilla,Estándar,Mes a mes,Transferencia,56,73.18,4042.26,0,0,5.7,2019-06-23,Colombia,No
CLI-001739,Barranquilla,Estándar,Un año,Efectivo,1,95.62,99.58,0,0,8.1,2021-12-26,Colombia,Sí
CLI-000237,Cali,Premium,Mes a mes,Débito automático,48,58.36,2764.52,2,0,5.5,2022-04-21,Colombia,No
CLI-002918,Bogotá,Básico,Un año,Efectivo,68,66.69,4924.52,1,1,6.8,2019-03-02,Colombia,No
CLI-001987,Bucaramanga,Básico,Mes a mes,Tarjeta,59,59.47,3778.74,0,0,9.2,2023-04-27,Colombia,No
CLI-001984,Bogotá,Básico,Mes a mes,Efectivo,54,60.66,3027.84,2,1,8.1,2023-04-24,Colombia,No
CLI-000500,Bogotá,Premium,Un año,Débito automático,31,55.35,1663.51,3,0,8.0,2019-09-23,Colombia,No
CLI-000823,Barranquilla,Estándar,Mes a mes,Débito automático,10,97.62,,1,1,6.4,2020-07-30,Colombia,Sí
CLI-000795,Medellín,Premium,Mes a mes,Débito automático,31,95.84,3051.1,0,0,,2023-04-23,Colombia,Sí
CLI-000991,Cali,Básico,Mes a mes,Efectivo,25,56.62,1538.38,2,0,6.3,2023-04-12,Colombia,No
CLI-000568,Bogotá,Premium,Un año,Tarjeta,18,18.0,344.06,0,0,7.2,2022-02-14,Colombia,No
CLI-002436,Cali,Estándar,Un año,Efectivo,41,30.04,1121.42,2,0,10.0,2019-03-21,Colombia,No
CLI-000391,Barranquilla,Básico,Mes a mes,Efectivo,54,53.96,2749.4,1,0,,2021-05-25,Colombia,No
CLI-000744,Barranquilla,Estándar,Un año,Débito automático,20,85.12,1866.22,1,0,,2022-06-21,Colombia,Sí
CLI-002401,Cali,Premium,Mes a mes,Efectivo,1,39.63,40.26,3,1,5.5,2023-04-25,Colombia,Sí
CLI-001218,Barranquilla,Básico,Dos años,,53,82.72,4569.02,2,0,7.7,2019-06-25,Colombia,No
CLI-000236,Cali,Estándar,Un año,Efectivo,52,80.26,3986.96,1,1,5.2,2020-06-22,Colombia,No
CLI-002815,Bucaramanga,Estándar,Un año,Tarjeta,15,79.84,1102.92,1,1,10.0,2021-06-14,Colombia,No
CLI-000481,Bogotá,Básico,Mes a mes,Tarjeta,21,38.13,844.9,2,0,7.6,2019-12-09,Colombia,No
CLI-002043,Bogotá,Estándar,Mes a mes,Efectivo,53,85.9,4858.12,0,1,5.1,2022-12-10,Colombia,No
CLI-001678,Bogotá,Estándar,Dos años,Efectivo,30,96.64,2648.89,2,0,7.9,2019-07-21,Colombia,No
CLI-002795,Barranquilla,Básico,Dos años,Transferencia,5,50.24,244.96,3,1,7.9,2023-09-03,Colombia,No
CLI-002948,Medellín,Premium,Dos años,Efectivo,36,76.12,2951.79,0,0,10.0,2022-09-19,Colombia,No
CLI-002916,Medellín,Estándar,Mes a mes,Efectivo,32,18.0,547.05,1,1,8.7,2019-09-28,Colombia,No
CLI-002698,Cali,Básico,Mes a mes,Débito automático,30,103.45,3214.48,0,0,,2019-08-31,Colombia,Sí
CLI-000121, bogotá ,Estándar,Mes a mes,Transferencia,32,99.74,3153.42,0,0,4.6,2022-11-29,Colombia,No
CLI-001273,Barranquilla,Básico,Mes a mes,Transferencia,67,113.19,8273.35,1,1,7.2,2020-07-14,Colombia,No
CLI-000927,Bogotá,Estándar,Mes a mes,Tarjeta,39,29.78,1240.13,2,0,5.4,2023-01-22,Colombia,No
CLI-001595,Bogotá,Estándar,Un año,Transferencia,50,58.72,2862.32,3,1,8.0,2020-06-28,Colombia,No
CLI-000224,Bogotá,Estándar,Mes a mes,Transferencia,15,100.71,1450.5,1,0,8.3,2023-05-20,Colombia,Sí
CLI-000767,Bogotá,Básico,Un año,Transferencia,44,73.77,2928.09,3,0,5.6,2023-06-23,Colombia,No
CLI-000614,Barranquilla,Estándar,Un año,Efectivo,28,63.46,1881.82,1,1,9.8,2022-02-17,Colombia,No
CLI-001246,Medellín,Básico,Mes a mes,Transferencia,70,65.59,4466.49,2,1,10.0,2022-04-04,Colombia,No
CLI-001541,Barranquilla,Básico,Mes a mes,Débito automático,34,101.23,3699.64,1,1,9.2,2020-07-30,Colombia,No
CLI-000053,Barranquilla,Básico,Dos años,Tarjeta,26,92.39,2432.96,1,1,8.1,2023-06-26,Colombia,No
CLI-000530,Barranquilla,Básico,Mes a mes,Transferencia,66,35.99,2282.05,3,1,10.0,2019-11-27,Colombia,No
CLI-002534,Bogotá,Estándar,Mes a mes,Efectivo,13,52.74,630.45,0,1,4.9,2019-10-10,Colombia,No
CLI-001900,Cali,Estándar,Mes a mes,Tarjeta,25,74.14,1878.04,0,0,6.2,2022-10-12,Colombia,Sí
CLI-002992,Medellín,Estándar,Mes a mes,Transferencia,46,63.83,2753.81,0,0,8.8,2019-10-19,Colombia,No
CLI-000819,Bogotá,Básico,Un año,Efectivo,48,56.34,2507.78,1,0,7.0,2021-04-05,Colombia,No
CLI-000156,Medellín,Básico,Mes a mes,Tarjeta,47,83.3,4068.32,1,0,8.8,2022-10-27,Colombia,No
CLI-002937,Medellín,Básico,Mes a mes,Débito automático,55,71.65,4226.23,1,1,8.5,2020-03-28,Colombia,No
CLI-000249,Bucaramanga,Premium,Mes a mes,Débito automático,56,95.62,5430.86,0,0,10.0,2022-01-25,Colombia,No
CLI-000762,Bogotá,Estándar,Mes a mes,Débito automático,40,50.79,2072.87,1,0,9.9,2020-01-30,Colombia,No
CLI-001895,Medellín,Estándar,Mes a mes,Transferencia,10,61.37,618.09,1,1,4.7,2020-09-08,Colombia,No
CLI-002030,Bogotá,Premium,Mes a mes,Débito automático,25,64.07,,0,0,7.2,2022-01-16,Colombia,No
CLI-001131,Bogotá,Estándar,Un año,Transferencia,29,49.17,1491.67,3,0,7.1,2021-07-05,Colombia,Sí
CLI-000543,Bogotá,Básico,Dos años,Tarjeta,14,80.85,1120.57,1,0,10.0,2019-08-01,Colombia,No
CLI-000794,Cali,Básico,Un año,Transferencia,59,18.0,1023.71,1,0,2.4,2022-06-03,Colombia,No
CLI-001726,Bogotá,Premium,Dos años,Débito automático,56,35.8,1884.67,0,1,7.5,2022-12-20,Colombia,No
CLI-000629,Bogotá,Estándar,Mes a mes,Tarjeta,36,54.27,2012.39,2,0,6.4,2020-09-28,Colombia,No
CLI-002199,Barranquilla,Básico,Mes a mes,Tarjeta,41,47.33,1816.23,3,1,10.0,2019-11-18,Colombia,No
CLI-002954,Bogotá,Premium,Mes a mes,Efectivo,32,51.2,1609.51,2,1,7.2,2019-11-26,Colombia,No
CLI-002340,Barranquilla,Básico,Mes a mes,Transferencia,7,68.75,449.82,1,0,5.3,2019-12-13,Colombia,Sí
CLI-002430,Medellín,Premium,Mes a mes,Débito automático,20,51.85,1020.54,3,0,6.0,2022-04-07,Colombia,No
CLI-002906,Medellín,Básico,Dos años,Débito automático,62,94.22,5788.04,3,1,8.0,2019-10-16,Colombia,No
CLI-001368,Medellín,Estándar,Mes a mes,Efectivo,33,118.11,4014.76,0,1,4.3,2021-05-31,Colombia,No
CLI-001621,Bucaramanga,Estándar,Mes a mes,Transferencia,19,58.34,1000.84,1,1,8.8,2020-06-19,Colombia,Sí
CLI-002843,Barranquilla,Estándar,Un año,Transferencia,55,51.94,2656.5,0,0,8.6,2022-08-04,Colombia,No
CLI-001072,Cali,Básico,Mes a mes,Transferencia,15,83.55,1139.34,1,0,5.6,2019-09-09,Colombia,No
CLI-000555,Medellín,Premium,Mes a mes,Tarjeta,70,109.76,7858.03,1,1,4.6,2022-02-27,Colombia,No
CLI-001829,Bogotá,Estándar,Un año,Tarjeta,44,59.85,2595.71,2,1,5.9,2023-11-06,Colombia,No
CLI-000827,Bucaramanga,Básico,Mes a mes,Débito automático,49,87.44,4232.01,0,0,4.4,2023-02-05,Colombia,No
CLI-002631,Bucaramanga,Estándar,Un año,Débito automático,67,126.91,9204.54,0,1,7.9,2019-12-18,Colombia,No
CLI-001985,Medellín,Premium,Un año,Débito automático,46,97.65,4636.06,1,1,7.6,2021-03-13,Colombia,No
CLI-001838,Bogotá,Básico,Mes a mes,Débito automático,22,68.48,1595.04,2,0,5.8,2023-04-11,Colombia,No
CLI-000536,Medellín,Básico,Mes a mes,Tarjeta,11,79.8,933.89,0,1,8.0,2021-07-19,Colombia,No
CLI-002728,Bogotá,Premium,Mes a mes,Transferencia,3,60.81,165.6,2,0,7.1,2023-02-04,Colombia,No
CLI-000155,Barranquilla,Básico,Mes a mes,Efectivo,31,53.05,1801.2,1,1,5.3,2019-09-10,Colombia,Sí
CLI-002635,Barranquilla,Estándar,Dos años,Débito automático,6,83.8,479.25,0,0,10.0,2021-10-04,Colombia,No
CLI-001951, bogotá ,Estándar,Mes a mes,Transferencia,65,18.0,1170.96,1,0,9.2,2022-09-29,Colombia,No
CLI-000323,Bogotá,Estándar,Mes a mes,Efectivo,44,18.0,813.99,0,1,5.8,2019-05-19,Colombia,No
CLI-001711,Bogotá,Premium,Dos años,Efectivo,25,96.61,2646.28,1,0,10.0,2020-06-12,Colombia,No
CLI-000015,Cali,Estándar,Un año,Débito automático,51,65.23,3140.03,1,1,1.7,2022-08-07,Colombia,No
CLI-001799,Bucaramanga,Estándar,Mes a mes,Efectivo,34,48.09,1729.29,0,0,1.0,2019-12-07,Colombia,Sí
CLI-002875,Bucaramanga,Premium,Un año,Efectivo,28,84.43,2222.51,2,1,7.4,2020-12-16,Colombia,No
CLI-000083,Medellín,Estándar,Mes a mes,Tarjeta,12,75.92,837.58,3,0,9.1,2020-02-09,Colombia,Sí
CLI-002561,Medellín,Premium,Dos años,Transferencia,41,74.88,3052.84,3,1,5.5,2023-11-28,Colombia,No
CLI-001944,Medellín,Estándar,Dos años,Efectivo,3,96.3,300.36,6,0,9.6,2019-07-25,Colombia,Sí
CLI-001989,Bucaramanga,Básico,Un año,Transferencia,15,56.54,810.35,1,1,9.0,2022-08-22,Colombia,No
CLI-001384,Bogotá,Básico,Dos años,Efectivo,64,88.3,5992.1,0,1,10.0,2021-02-13,Colombia,No
CLI-001575,Bogotá,Estándar,Mes a mes,Efectivo,11,97.29,977.81,5,0,6.5,2022-01-31,Colombia,Sí
CLI-002059,Cali,Básico,Dos años,Efectivo,28,70.31,2134.07,2,1,7.7,2022-03-11,Colombia,No
CLI-002940,Medellín,Básico,Mes a mes,Efectivo,12,38.34,439.1,0,1,10.0,2021-01-04,Colombia,No
CLI-001495,Cali,Básico,Un año,Efectivo,30,18.0,492.84,2,1,8.9,2021-04-24,Colombia,No
CLI-000832,Cali,Estándar,Mes a mes,Transferencia,18,98.54,1710.03,2,1,7.0,2023-04-16,Colombia,Sí
CLI-002081,Bogotá,Básico,Un año,Tarjeta,59,74.43,4533.21,3,0,9.6,2020-02-14,Colombia,No
CLI-001175,Bogotá,Estándar,Dos años,Tarjeta,1,98.51,98.12,0,0,6.7,2019-08-31,Colombia,No
CLI-000414,Medellín,Básico,Dos años,Débito automático,10,40.14,373.75,5,1,10.0,2021-09-14,Colombia,No
CLI-001818,Barranquilla,Básico,Un año,Débito automático,18,18.0,293.65,0,0,10.0,2019-01-11,Colombia,No
CLI-000166,Bogotá,Básico,Mes a mes,Transferencia,58,98.3,5566.93,1,1,7.1,2021-01-24,Colombia,No
CLI-002750,Barranquilla,Básico,Mes a mes,Débito automático,70,61.41,4184.98,1,0,8.9,2021-10-15,Colombia,No
CLI-002983,Medellín,Estándar,Un año,Débito automático,57,69.07,3630.18,1,0,7.7,2021-07-18,Colombia,No
CLI-000615, bogotá ,Estándar,Dos años,Tarjeta,49,71.41,3639.65,0,0,9.7,2019-04-01,Colombia,No
CLI-001015,Cali,Básico,Mes a mes,Débito automático,37,47.31,1901.65,1,1,,2020-05-20,Colombia,Sí
CLI-002138,Bucaramanga,Básico,Dos años,Transferencia,2,55.72,109.6,1,0,7.5,2019-11-24,Colombia,No
CLI-002804,Cali,Básico,Mes a mes,Tarjeta,5,91.69,490.41,6,0,,2019-02-19,Colombia,Sí
CLI-001238,Barranquilla,Premium,Mes a mes,Efectivo,9,73.64,629.35,0,0,6.9,2023-01-26,Colombia,Sí
CLI-002182,Bogotá,Básico,Dos años,Débito automático,18,111.62,2109.59,2,1,6.5,2021-08-11,Colombia,Sí
CLI-000556,Barranquilla,Básico,Un año,Efectivo,36,73.98,2706.65,0,1,9.1,2023-06-20,Colombia,No
CLI-002369,Medellín,Premium,Mes a mes,Efectivo,12,75.88,864.83,2,1,8.0,2020-07-10,Colombia,Sí
CLI-002865,Bogotá,Estándar,Mes a mes,Efectivo,7,46.67,317.24,0,0,6.7,2022-02-22,Colombia,Sí
CLI-001212,Bogotá,Estándar,Mes a mes,Efectivo,56,105.9,,2,0,4.1,2020-01-26,Colombia,No
CLI-002842,Barranquilla,Premium,Mes a mes,Débito automático,51,97.4,5445.67,1,1,7.5,2021-12-20,Colombia,No
CLI-000635,Cali,,Dos años,Tarjeta,13,72.36,966.08,1,1,4.7,2019-01-20,Colombia,No
CLI-002601,Medellín,Básico,Mes a mes,Transferencia,62,76.12,4837.69,3,1,10.0,2021-11-13,Colombia,No
CLI-001056,Bucaramanga,Básico,Mes a mes,Tarjeta,71,55.34,4226.41,3,0,6.6,2021-11-30,Colombia,No
CLI-002341,Bogotá,,Mes a mes,Transferencia,31,62.02,1966.95,1,0,8.5,2019-05-04,Colombia,No
CLI-001709,Bucaramanga,Básico,Dos años,Tarjeta,18,47.06,847.68,0,1,6.0,2019-03-06,Colombia,No
CLI-000797,Bogotá,Básico,Mes a mes,Efectivo,69,78.3,5050.85,1,1,,2021-10-18,Colombia,No
CLI-002818,Bogotá,Básico,Mes a mes,Débito automático,62,64.01,4334.33,2,1,7.9,2023-06-19,Colombia,No
CLI-000175,Cali,Básico,Un año,Efectivo,50,77.08,4125.74,1,0,,2019-11-27,Colombia,No
CLI-000246, bogotá ,Básico,Dos años,Tarjeta,6,117.57,713.33,2,1,10.0,2021-03-10,Colombia,Sí
CLI-001081,Cali,Básico,Mes a mes,Efectivo,66,82.01,5605.95,0,1,4.7,2021-11-12,Colombia,No
CLI-001655,Medellín,Básico,Dos años,Transferencia,12,77.18,837.83,1,1,9.3,2021-09-03,Colombia,No
CLI-000046,Barranquilla,Estándar,Dos años,Efectivo,69,82.47,,0,1,10.0,2019-09-08,Colombia,No
CLI-000145,Barranquilla,Estándar,Dos años,Transferencia,71,62.19,4039.1,0,0,6.9,2020-12-20,Colombia,No
CLI-000146,Medellín,Premium,Mes a mes,Transferencia,61,103.95,6637.12,0,0,5.7,2019-08-17,Colombia,No
CLI-000091,Cali,Básico,Un año,Tarjeta,31,30.82,988.83,1,1,5.2,2021-10-18,Colombia,No
CLI-000683,Barranquilla,Premium,Mes a mes,Efectivo,69,137.6,,0,1,7.4,2022-12-24,Colombia,No
CLI-000311,Medellín,Básico,Mes a mes,Tarjeta,48,58.72,2610.12,1,1,8.1,2019-05-28,Colombia,No
CLI-000094,Medellín,Básico,Un año,Transferencia,28,60.86,1695.6,2,0,5.9,2019-11-22,Colombia,No
CLI-002701,Medellín,Estándar,Mes a mes,Débito automático,63,36.71,2191.5,2,0,6.6,2021-04-25,Colombia,No
CLI-001957,Bogotá,Básico,Mes a mes,Débito automático,38,72.88,2897.02,2,0,5.7,2021-02-14,Colombia,No
CLI-000925,Bucaramanga,Básico,Un año,Transferencia,18,87.1,1573.59,0,0,7.6,2023-11-19,Colombia,Sí
CLI-002801,Bucaramanga,Premium,Dos años,Transferencia,57,77.3,4181.81,0,1,3.7,2023-02-24,Colombia,No
CLI-001910,Medellín,Básico,Mes a mes,Débito automático,67,73.12,4962.94,1,1,,2021-12-11,Colombia,No
CLI-001036,Bogotá,Premium,Un año,Efectivo,53,125.27,6375.97,1,0,6.2,2022-01-27,Colombia,Sí
CLI-001401,Bogotá,Básico,Un año,Tarjeta,61,33.28,2065.76,0,1,7.2,2022-01-01,Colombia,No
CLI-002292,Bogotá,Básico,Mes a mes,Tarjeta,23,54.2,1256.21,1,0,,2022-02-17,Colombia,No
CLI-001501,Bogotá,Básico,Un año,Débito automático,38,38.27,1539.14,2,1,4.8,2022-01-30,Colombia,Sí
CLI-002263,Barranquilla,,Mes a mes,Efectivo,3,93.38,285.56,3,1,5.5,2022-06-10,Colombia,Sí
CLI-001469,Cali,,Mes a mes,Transferencia,56,36.24,,2,0,5.6,2021-08-10,Colombia,No
CLI-000999,Medellín,Básico,Mes a mes,Débito automático,69,23.94,1676.78,2,0,10.0,2023-03-06,Colombia,No
CLI-000854,Barranquilla,Estándar,Mes a mes,Débito automático,17,71.4,1324.58,1,1,8.5,2023-10-07,Colombia,No
CLI-002474,Bucaramanga,Básico,Un año,Débito automático,15,97.48,1450.75,0,0,,2023-03-30,Colombia,No
CLI-002205,Cali,Básico,Dos años,Efectivo,33,65.78,2149.7,3,0,4.9,2019-04-18,Colombia,No
CLI-001143,Bucaramanga,Estándar,Un año,Tarjeta,67,67.8,4698.31,0,0,5.7,2020-04-21,Colombia,No
CLI-001144,Bogotá,Básico,Un año,Tarjeta,60,75.12,4329.21,0,1,,2022-08-31,Colombia,No
CLI-002275,Bucaramanga,Básico,Mes a mes,Tarjeta,13,71.77,948.59,2,0,6.8,2019-07-01,Colombia,Sí
CLI-002049,Medellín,Estándar,Dos años,Efectivo,54,83.65,4075.47,2,1,8.4,2022-06-20,Colombia,No
CLI-000402,Bogotá,Estándar,Mes a mes,Transferencia,56,42.88,2378.15,1,1,9.0,2022-12-22,Colombia,No
CLI-001104,Cali,Premium,Mes a mes,Tarjeta,11,112.06,1118.46,3,0,6.0,2023-11-21,Colombia,Sí
CLI-000085,Cali,Estándar,Mes a mes,Efectivo,45,104.1,4919.67,1,0,2.5,2023-09-07,Colombia,Sí
CLI-002211,Bogotá,Estándar,Un año,Transferencia,50,82.2,3839.38,1,1,8.2,2023-10-13,Colombia,No
CLI-002943,Cali,Estándar,Mes a mes,Débito automático,55,52.86,2833.7,0,0,,2022-05-30,Colombia,No
CLI-000115,Cali,Básico,Un año,Transferencia,36,33.66,1252.43,0,1,5.8,2023-06-21,Colombia,Sí
CLI-002667,Barranquilla,Estándar,Un año,,18,95.25,1818.84,1,0,6.8,2020-05-26,Colombia,No
CLI-001586,Barranquilla,Estándar,Mes a mes,Efectivo,23,60.66,1525.33,4,0,6.7,2019-06-19,Colombia,No
CLI-001568,Bogotá,Básico,Mes a mes,Efectivo,43,36.04,1465.97,1,1,8.4,2020-10-15,Colombia,No
CLI-001502,Cali,Estándar,Un año,Transferencia,19,69.31,1425.14,0,1,6.7,2023-06-10,Colombia,No
CLI-001661,Medellín,Estándar,Dos años,Tarjeta,44,78.34,3636.99,3,1,7.2,2021-09-12,Colombia,No
CLI-001557,Bogotá,Estándar,Dos años,Tarjeta,64,54.23,,0,1,9.0,2022-05-25,Colombia,No
CLI-002008,Bogotá,Básico,Mes a mes,Tarjeta,11,22.6,232.02,2,0,4.3,2021-12-04,Colombia,No
CLI-000626,Bucaramanga,Estándar,Mes a mes,Transferencia,17,89.43,1439.05,2,1,4.8,2021-12-13,Colombia,No
CLI-001886,Bucaramanga,Premium,Mes a mes,Transferencia,13,64.19,832.7,0,0,8.9,2020-08-27,Colombia,No
CLI-001867,Bogotá,Premium,Un año,Tarjeta,8,84.63,621.53,0,1,4.9,2022-07-28,Colombia,No
CLI-000953,Cali,Estándar,Un año,Débito automático,44,27.43,1221.2,0,1,7.8,2019-05-18,Colombia,No
CLI-002307,Bogotá,Básico,Dos años,Efectivo,24,93.12,2241.66,1,1,8.0,2019-07-29,Colombia,No
CLI-000625,Barranquilla,Estándar,Mes a mes,Tarjeta,43,95.56,4324.63,1,0,5.8,2020-11-21,Colombia,Sí
CLI-000235,Bucaramanga,Premium,Mes a mes,Débito automático,35,38.77,1291.54,0,1,9.4,2020-10-19,Colombia,No
CLI-002184,Cali,Básico,Mes a mes,Transferencia,46,53.81,2264.7,0,0,3.9,2022-03-15,Colombia,No
CLI-002665,Barranquilla,Estándar,Mes a mes,,16,88.67,1457.32,0,1,7.8,2022-12-07,Colombia,No
CLI-002035,Medellín,Estándar,Mes a mes,Débito automático,71,106.02,7050.77,3,1,4.8,2019-06-05,Colombia,No
CLI-001827,Cali,Básico,Mes a mes,Tarjeta,8,36.03,268.23,1,1,4.5,2022-03-12,Colombia,Sí
CLI-002898,Bogotá,Básico,Mes a mes,Tarjeta,45,60.93,2965.0,2,0,8.1,2020-07-03,Colombia,No
CLI-002641,Cali,Básico,Dos años,Transferencia,18,84.12,1637.46,1,1,6.4,2020-10-15,Colombia,No
CLI-001315,Cali,Estándar,Dos años,Efectivo,65,59.31,3677.23,3,1,7.8,2021-12-12,Colombia,No
CLI-001526,Barranquilla,Estándar,Un año,Transferencia,4,58.82,244.21,0,1,5.6,2023-09-28,Colombia,No
CLI-001563,Barranquilla,Premium,Un año,Tarjeta,18,80.05,1571.4,2,1,,2021-12-01,Colombia,No
CLI-001753,Bogotá,Estándar,Un año,Transferencia,45,87.6,3958.36,2,1,8.3,2022-09-15,Colombia,No
CLI-001606,Bogotá,Estándar,Mes a mes,Efectivo,64,70.1,4819.04,1,1,6.5,2023-06-05,Colombia,No
CLI-000344,Medellín,Básico,Mes a mes,Débito automático,37,59.76,2221.47,5,0,,2022-05-26,Colombia,No
CLI-002157,Bogotá,,Un año,Transferencia,32,99.79,3084.67,2,1,5.7,2020-07-07,Colombia,No
CLI-002342,Bogotá,Estándar,Un año,Débito automático,29,51.28,1557.98,4,0,5.7,2020-06-03,Colombia,Sí
CLI-002413,Barranquilla,Básico,Dos años,Tarjeta,67,57.75,3678.49,1,0,7.2,2021-09-27,Colombia,No
CLI-002227,Bogotá,Básico,Mes a mes,Débito automático,63,39.68,2534.93,1,1,5.1,2019-04-03,Colombia,No
CLI-000997,Cali,Premium,Mes a mes,Tarjeta,38,94.9,3635.72,3,0,4.1,2022-07-25,Colombia,Sí
CLI-002063,Medellín,Básico,Mes a mes,Débito automático,11,62.19,731.14,0,1,5.2,2021-09-20,Colombia,Sí
CLI-001111,Cali,Premium,Un año,Tarjeta,45,126.82,5681.21,2,1,6.6,2022-01-26,Colombia,No
CLI-002214,Bogotá,Premium,Dos años,Efectivo,9,21.69,191.77,2,0,9.7,2020-11-04,Colombia,No
CLI-001360,Bogotá,Estándar,Mes a mes,Transferencia,26,91.08,2338.67,2,1,,2020-03-06,Colombia,No
CLI-002108,Medellín,Estándar,Un año,Tarjeta,10,40.24,431.09,1,1,8.4,2020-05-13,Colombia,No
CLI-000710,Medellín,Básico,Un año,Débito automático,34,54.6,1909.69,1,1,5.4,2021-01-19,Colombia,No
CLI-001879,Bogotá,Básico,Dos años,Débito automático,52,43.03,2025.56,2,1,4.2,2019-05-22,Colombia,No
CLI-001379,Barranquilla,Básico,Dos años,Débito automático,36,99.91,3327.94,1,1,7.8,2021-08-07,Colombia,No
CLI-000425,Cali,Básico,Un año,Tarjeta,30,19.8,559.72,2,1,8.7,2020-08-15,Colombia,No
CLI-000293,Medellín,Básico,Mes a mes,Transferencia,68,53.59,3406.47,0,0,5.4,2020-08-04,Colombia,No
CLI-001066,Bogotá,Premium,Dos años,Efectivo,28,87.06,2230.92,1,1,,2022-01-25,Colombia,Sí
CLI-002378,Bogotá,Básico,Mes a mes,Efectivo,10,66.55,603.24,0,0,3.7,2019-07-31,Colombia,Sí
CLI-001639,Barranquilla,Premium,Mes a mes,Efectivo,13,120.33,1695.38,4,0,5.2,2019-01-29,Colombia,Sí
CLI-002478,Bogotá,Básico,Un año,Tarjeta,13,81.74,1024.11,2,0,8.9,2023-05-23,Colombia,No
CLI-001013,Cali,Estándar,Mes a mes,Transferencia,18,78.19,1514.51,3,1,10.0,2020-05-14,Colombia,Sí
CLI-002128,Bucaramanga,Básico,Un año,Débito automático,45,75.08,3050.27,4,0,7.1,2020-05-30,Colombia,No
CLI-001718,Bucaramanga,Estándar,Un año,Transferencia,27,74.43,2170.04,2,1,6.6,2021-07-04,Colombia,No
CLI-000938,Bogotá,Básico,Mes a mes,Transferencia,11,65.42,651.56,2,1,,2020-04-29,Colombia,Sí
CLI-000835,Medellín,Premium,Un año,Débito automático,61,99.12,6003.04,0,0,8.5,2022-11-25,Colombia,No
CLI-000255,Medellín,Estándar,Un año,Efectivo,47,44.68,1974.07,2,1,9.2,2019-02-08,Colombia,No
CLI-001483,Bogotá,Premium,Dos años,Débito automático,21,70.61,1352.55,1,0,10.0,2023-11-13,Colombia,No
CLI-001271,Bogotá,Premium,Dos años,Transferencia,27,40.76,1060.39,1,1,4.7,2022-05-31,Colombia,No
CLI-001408,Medellín,Básico,Un año,Tarjeta,63,108.23,7494.44,1,0,10.0,2019-07-20,Colombia,No
CLI-002965,Medellín,Estándar,Mes a mes,Débito automático,53,44.9,2215.56,3,0,8.1,2020-11-25,Colombia,No
CLI-002185,Bogotá,Básico,Dos años,Débito automático,45,63.15,2835.33,1,1,5.7,2020-10-22,Colombia,No
CLI-000724,Bucaramanga,Básico,Mes a mes,Efectivo,9,44.94,396.17,0,1,7.4,2023-05-01,Colombia,No
CLI-000970,Bogotá,Estándar,Dos años,Débito automático,3,115.55,364.32,3,0,7.6,2019-08-28,Colombia,No
CLI-000497,Barranquilla,,Dos años,Débito automático,9,92.7,,3,0,,2022-02-01,Colombia,No
CLI-000951,Bogotá,Básico,Mes a mes,Tarjeta,7,47.47,328.18,0,0,6.5,2022-06-12,Colombia,No
CLI-000806,Barranquilla,,Un año,Débito automático,56,89.73,5266.86,0,1,2.6,2020-07-31,Colombia,No
CLI-001830,Medellín,Básico,Mes a mes,Tarjeta,70,44.29,2991.49,4,0,8.0,2019-04-22,Colombia,No
CLI-002178,Medellín,Estándar,Mes a mes,Tarjeta,35,103.41,3523.28,1,0,6.6,2020-03-02,Colombia,Sí
CLI-001740,Barranquilla,Premium,Mes a mes,Transferencia,15,59.54,974.48,1,1,7.7,2019-01-04,Colombia,No
CLI-000338,Medellín,Básico,Un año,Transferencia,23,66.3,1487.48,0,1,4.7,2020-11-27,Colombia,No
CLI-000731,Cali,Básico,Mes a mes,Transferencia,52,88.15,4992.15,1,0,4.3,2019-06-02,Colombia,No
CLI-000609,Cali,Estándar,Dos años,Efectivo,69,83.27,5818.57,1,1,4.0,2022-08-05,Colombia,No
CLI-001149,Bucaramanga,Estándar,Mes a mes,Tarjeta,49,90.68,4485.61,0,1,,2023-07-05,Colombia,No
CLI-002244,Bogotá,,Un año,Débito automático,8,50.47,408.23,2,1,5.2,2019-04-09,Colombia,Sí
CLI-001714,Barranquilla,Premium,Un año,Tarjeta,53,70.98,3664.2,1,0,5.6,2023-03-13,Colombia,No
CLI-000564,Barranquilla,Básico,Mes a mes,Débito automático,13,68.26,969.9,1,1,3.6,2020-09-01,Colombia,No
CLI-000910,Bogotá,Básico,Un año,Débito automático,7,89.72,688.46,2,1,,2021-12-26,Colombia,Sí
CLI-002633,Barranquilla,Básico,Dos años,Transferencia,65,50.87,3608.7,2,1,,2021-02-25,Colombia,No
CLI-002152,Bucaramanga,Estándar,Mes a mes,Débito automático,23,50.86,1257.77,0,0,3.9,2021-05-26,Colombia,Sí
CLI-002011,Cali,Básico,Dos años,Débito automático,36,31.37,1129.42,1,1,7.4,2020-08-07,Colombia,No
CLI-002492,Medellín,Estándar,Mes a mes,Tarjeta,19,129.6,2250.3,3,1,,2021-04-30,Colombia,Sí
CLI-001811,Medellín,Estándar,Mes a mes,Transferencia,18,97.04,1639.01,1,1,,2020-09-19,Colombia,No
CLI-001995,Bucaramanga,Premium,Mes a mes,Tarjeta,54,106.54,6247.46,3,1,4.6,2023-05-08,Colombia,No
CLI-000720,Bogotá,Básico,Mes a mes,Débito automático,43,60.66,2849.4,1,1,3.0,2023-09-02,Colombia,No
CLI-001570,Medellín,Básico,Un año,Tarjeta,70,76.82,5432.4,2,1,10.0,2023-10-02,Colombia,No
CLI-002276,Bogotá,Estándar,Mes a mes,Transferencia,31,58.84,1819.83,0,1,,2019-11-05,Colombia,No
CLI-000435,Cali,Básico,Mes a mes,Transferencia,31,63.34,1878.15,1,0,8.1,2021-09-06,Colombia,No
CLI-001300,Bogotá,Estándar,Un año,Tarjeta,3,91.8,256.39,0,0,7.1,2021-10-30,Colombia,No
CLI-002175,Cali,Estándar,Mes a mes,Transferencia,17,65.71,1105.72,2,0,,2019-09-03,Colombia,Sí
CLI-000406,Bogotá,Básico,Un año,Efectivo,36,73.93,2504.5,0,0,7.7,2022-06-01,Colombia,No
CLI-000822,Barranquilla,Estándar,Dos años,Transferencia,48,70.33,3541.85,2,0,7.5,2021-06-20,Colombia,No
CLI-001790,Bogotá,Básico,Mes a mes,Tarjeta,54,74.65,4003.89,2,1,6.9,2019-05-19,Colombia,No
CLI-002967,Bogotá,Estándar,Un año,Transferencia,18,74.27,1357.23,1,0,6.0,2022-11-30,Colombia,No
CLI-002352,Cali,Estándar,Mes a mes,Tarjeta,54,62.38,3388.34,2,0,7.3,2023-06-26,Colombia,No
CLI-002316,Barranquilla,Básico,Un año,Tarjeta,1,46.59,,3,1,,2019-11-29,Colombia,Sí
CLI-001859,Medellín,Premium,Mes a mes,Transferencia,38,98.38,,1,0,9.7,2022-03-10,Colombia,No
CLI-001558,Medellín,Premium,Un año,Transferencia,55,96.43,4911.99,0,0,5.9,2020-01-26,Colombia,No
CLI-000546,Medellín,Básico,Un año,Tarjeta,4,98.07,424.88,2,0,5.2,2020-06-13,Colombia,Sí
CLI-000213,Bogotá,Básico,Un año,Débito automático,57,73.38,4302.44,0,0,10.0,2022-10-29,Colombia,No
CLI-000897,Barranquilla,,Un año,Transferencia,37,73.75,2594.43,2,1,8.0,2022-05-10,Colombia,No
CLI-001942, bogotá ,Estándar,Un año,Efectivo,18,90.62,1586.76,0,1,10.0,2019-01-28,Colombia,No
CLI-001892,Bucaramanga,Estándar,Mes a mes,Débito automático,18,80.51,,0,0,6.3,2023-11-28,Colombia,Sí
CLI-000917,Medellín,Estándar,Un año,Transferencia,39,82.61,3128.17,1,0,6.6,2021-12-13,Colombia,No
CLI-002724,Medellín,Estándar,Mes a mes,Débito automático,27,128.9,,1,0,,2022-06-30,Colombia,Sí
CLI-001290,Bogotá,Básico,Mes a mes,Tarjeta,45,88.74,4203.15,0,1,,2021-07-14,Colombia,No
CLI-000815, bogotá ,Premium,Mes a mes,Transferencia,56,73.17,3854.05,2,1,8.3,2021-11-20,Colombia,No
CLI-001266,Bogotá,Básico,Mes a mes,Efectivo,3,60.73,191.45,2,1,7.9,2023-10-01,Colombia,Sí
CLI-000343,Barranquilla,Básico,Mes a mes,Efectivo,45,62.39,2815.17,1,0,9.5,2023-10-27,Colombia,No
CLI-002598,Barranquilla,Básico,Dos años,Efectivo,52,87.84,5021.39,4,1,8.3,2022-08-18,Colombia,No
CLI-001411,Medellín,Estándar,Mes a mes,Tarjeta,5,23.91,125.09,3,1,7.0,2019-08-15,Colombia,No
CLI-001215,Barranquilla,Estándar,Dos años,Transferencia,6,64.01,411.68,1,1,10.0,2021-02-13,Colombia,No
CLI-000967,Bogotá,,Mes a mes,Transferencia,43,122.67,4976.74,1,1,5.8,2022-05-01,Colombia,No
CLI-001231,Bucaramanga,Estándar,Mes a mes,Transferencia,59,38.01,2177.95,0,0,5.6,2019-12-29,Colombia,No
CLI-002344,Bucaramanga,Premium,Mes a mes,Tarjeta,53,77.53,3990.58,0,0,10.0,2020-02-06,Colombia,No
CLI-000696,Cali,Básico,Un año,Tarjeta,18,85.02,1496.04,3,0,9.2,2019-03-03,Colombia,No
CLI-002122,Bogotá,Estándar,Mes a mes,Tarjeta,68,121.36,8168.99,0,0,9.0,2021-09-19,Colombia,No
CLI-000606,Bogotá,Estándar,Un año,Tarjeta,39,65.68,2680.46,0,1,10.0,2019-03-19,Colombia,No
CLI-000105,Bogotá,Estándar,Un año,Tarjeta,57,46.49,2759.31,0,1,8.2,2023-05-22,Colombia,No
CLI-000646,Bogotá,Estándar,Dos años,Tarjeta,24,57.2,1258.22,1,0,7.8,2019-10-06,Colombia,No
CLI-001405,Cali,Estándar,Un año,Transferencia,13,42.85,,1,0,9.8,2022-06-23,Colombia,Sí
CLI-000495,Bogotá,Estándar,Mes a mes,Débito automático,21,75.38,1711.39,2,1,10.0,2022-09-21,Colombia,No
CLI-002488,Medellín,Básico,Mes a mes,Débito automático,4,20.75,88.17,0,0,4.0,2023-01-04,Colombia,No
CLI-001020,Bogotá,Básico,Mes a mes,Débito automático,9,63.0,512.41,0,0,6.6,2022-07-16,Colombia,No
CLI-000092,Barranquilla,Básico,Mes a mes,Tarjeta,58,51.89,3052.81,0,1,4.6,2020-02-14,Colombia,No
CLI-001113,Bogotá,Estándar,Un año,Tarjeta,14,106.84,,1,1,7.3,2023-07-25,Colombia,No
CLI-000909,Bogotá,Estándar,Mes a mes,Transferencia,27,47.92,1172.52,1,1,5.4,2022-01-20,Colombia,Sí
CLI-001475,Barranquilla,Básico,Dos años,Débito automático,70,51.12,3795.17,0,0,1.5,2020-03-24,Colombia,No
CLI-001742,Bucaramanga,Estándar,Dos años,Transferencia,53,99.09,5658.98,2,1,9.6,2022-02-10,Colombia,No
CLI-002151,Bogotá,Básico,Mes a mes,Transferencia,24,86.13,2179.35,2,0,5.7,2019-11-20,Colombia,No
CLI-000239,Bogotá,Estándar,Dos años,Tarjeta,22,26.56,573.06,0,1,9.1,2021-01-10,Colombia,No
CLI-000943,Cali,,Mes a mes,Efectivo,65,77.03,4978.61,5,1,7.4,2020-07-05,Colombia,No
CLI-001271,Bogotá,Premium,Dos años,Transferencia,27,40.76,1060.39,1,1,4.7,2022-05-31,Colombia,No
CLI-000939,Barranquilla,Básico,Mes a mes,Efectivo,33,53.89,1677.56,1,1,5.4,2020-03-20,Colombia,No
CLI-001425,Bogotá,Premium,Un año,Transferencia,19,69.95,1203.35,2,1,10.0,2022-04-08,Colombia,No
CLI-001863,Bogotá,Premium,Dos años,Transferencia,61,74.14,4611.16,0,1,3.4,2022-05-30,Colombia,No
CLI-001670,Bucaramanga,Estándar,Mes a mes,Tarjeta,52,79.24,4215.14,0,1,4.9,2021-01-13,Colombia,No
CLI-000006,Medellín,Premium,Mes a mes,Transferencia,61,71.01,4416.84,1,1,9.1,2022-09-10,Colombia,No
CLI-000248,Bogotá,Estándar,Mes a mes,Tarjeta,30,76.5,,1,0,,2023-03-06,Colombia,Sí
CLI-000019,Bogotá,Básico,Mes a mes,Transferencia,60,60.23,3316.63,2,0,4.7,2019-09-08,Colombia,No
CLI-002170,Medellín,Estándar,Un año,Transferencia,70,85.77,5488.33,1,0,,2020-02-05,Colombia,No
CLI-001971,Medellín,,Mes a mes,Transferencia,59,29.87,1885.16,1,0,7.5,2020-11-23,Colombia,No
CLI-002710,Cali,Premium,Dos años,Débito automático,63,82.59,5194.4,0,1,7.5,2023-01-09,Colombia,No
CLI-002233,Bogotá,Premium,Mes a mes,Tarjeta,67,21.53,1327.35,2,1,3.6,2021-06-04,Colombia,No
CLI-002323,Bogotá,Premium,Dos años,Tarjeta,25,46.37,1211.84,0,1,10.0,2022-12-11,Colombia,No
CLI-002482,Bogotá,Básico,Mes a mes,Efectivo,62,62.39,4211.84,1,1,3.6,2022-10-26,Colombia,No
CLI-000812,Barranquilla,Estándar,Dos años,Tarjeta,63,42.74,2508.77,1,1,,2019-05-08,Colombia,No
CLI-001301,Cali,Premium,Mes a mes,Débito automático,54,52.64,2907.7,3,0,7.5,2021-02-20,Colombia,No
CLI-001336,Medellín,Estándar,Mes a mes,Tarjeta,71,86.89,6152.46,2,1,6.3,2021-01-29,Colombia,No
CLI-002953,Bogotá,Premium,Dos años,Efectivo,67,88.66,6109.9,1,1,7.8,2021-01-31,Colombia,No
CLI-000261,Bogotá,Estándar,Mes a mes,Tarjeta,57,96.18,5798.5,0,0,9.9,2019-02-11,Colombia,No
CLI-001805,Bogotá,Estándar,Un año,Efectivo,10,57.74,,2,1,6.5,2023-04-18,Colombia,No
CLI-001571,Bogotá,Básico,Mes a mes,Tarjeta,6,67.5,401.9,3,0,10.0,2019-11-25,Colombia,No
CLI-002230,Barranquilla,Estándar,Mes a mes,Efectivo,70,103.75,7006.85,1,1,5.7,2020-07-26,Colombia,No
CLI-000185,Bucaramanga,Premium,Dos años,Débito automático,36,32.7,1249.91,1,0,9.4,2020-01-14,Colombia,No
CLI-002455,Bogotá,Premium,Mes a mes,Transferencia,59,18.0,1079.4,2,1,3.7,2020-06-15,Colombia,No
CLI-001744,Medellín,Premium,Un año,Transferencia,2,97.61,195.72,1,0,8.6,2020-09-02,Colombia,Sí
CLI-001631,Barranquilla,Premium,Mes a mes,Débito automático,41,100.95,4028.73,0,1,4.4,2022-06-28,Colombia,No
CLI-001717,Bucaramanga,Estándar,Un año,Tarjeta,46,91.58,4127.83,2,0,9.0,2021-07-22,Colombia,No
CLI-000521,Cali,Premium,Mes a mes,Tarjeta,26,74.27,1832.21,1,0,7.4,2020-04-09,Colombia,No
CLI-002429,Bucaramanga,Básico,Dos años,Débito automático,54,63.45,3537.65,0,0,8.0,2023-06-18,Colombia,No
CLI-002017,Cali,Básico,Mes a mes,Transferencia,30,18.0,522.94,0,1,7.4,2021-04-05,Colombia,No
CLI-001659,Medellín,Premium,Mes a mes,Débito automático,60,49.4,3069.68,2,1,3.8,2023-06-23,Colombia,Sí
CLI-001613,Barranquilla,Estándar,Un año,Transferencia,48,30.72,1430.86,2,0,7.1,2022-12-16,Colombia,No
CLI-002476,Bogotá,Básico,Mes a mes,Transferencia,31,75.22,2459.18,1,1,5.5,2022-01-27,Colombia,Sí
CLI-002127,Bogotá,Estándar,Dos años,Efectivo,22,44.41,1031.4,1,0,8.3,2020-06-15,Colombia,No
CLI-000283,Bogotá,Estándar,Un año,Efectivo,48,82.66,4087.59,0,0,7.2,2021-02-14,Colombia,No
CLI-000608,Barranquilla,Básico,Mes a mes,Débito automático,37,69.19,2668.33,2,0,8.0,2019-10-15,Colombia,No
CLI-000231,Bogotá,Estándar,Mes a mes,Débito automático,33,56.63,2001.13,1,1,8.0,2022-11-27,Colombia,No
CLI-000332,Cali,Básico,Dos años,Transferencia,27,69.8,1817.88,0,1,4.3,2019-05-28,Colombia,Sí
CLI-001441,Medellín,Básico,Mes a mes,Débito automático,56,55.99,3417.98,0,0,7.2,2021-08-26,Colombia,No
CLI-001928,Medellín,Estándar,Mes a mes,Tarjeta,9,57.48,497.78,0,0,7.3,2020-05-18,Colombia,No
CLI-001092,Bogotá,Básico,Mes a mes,Tarjeta,32,67.29,2183.07,2,1,6.7,2020-12-11,Colombia,No
CLI-001102,Bogotá,Estándar,Dos años,Efectivo,34,71.15,2349.46,1,1,2.8,2023-11-16,Colombia,No
CLI-001130,Cali,Premium,Dos años,Débito automático,47,85.6,3674.5,2,1,4.9,2021-05-17,Colombia,No
CLI-000462,Cali,Premium,Dos años,Efectivo,10,95.67,883.88,0,0,6.7,2020-06-17,Colombia,No
CLI-000959,Cali,Estándar,Mes a mes,Tarjeta,69,85.41,5692.89,0,0,3.2,2022-10-06,Colombia,No
CLI-001663,Bogotá,Estándar,Mes a mes,Transferencia,14,87.19,1320.71,2,1,,2019-03-02,Colombia,No
CLI-000560,Bogotá,Premium,Mes a mes,Transferencia,61,81.92,5194.11,0,0,6.6,2022-05-31,Colombia,No
CLI-002739,Cali,Básico,Mes a mes,Efectivo,35,18.98,603.92,2,1,6.2,2022-12-26,Colombia,No
CLI-002862,Bogotá,Básico,Un año,Efectivo,67,72.5,4727.75,2,1,8.5,2022-01-17,Colombia,No
CLI-001520,Bogotá,Estándar,Mes a mes,Transferencia,33,127.49,4123.57,3,0,4.8,2020-01-09,Colombia,Sí
CLI-002141,Cali,Estándar,Mes a mes,Transferencia,50,94.21,,2,1,8.7,2021-02-25,Colombia,No
CLI-002952,Bogotá,Básico,Mes a mes,Débito automático,37,66.62,2584.93,1,0,7.9,2022-06-12,Colombia,No
CLI-002033,Barranquilla,Estándar,Un año,Tarjeta,7,62.95,426.49,2,1,5.2,2020-06-16,Colombia,No
CLI-002485,Medellín,,Mes a mes,Débito automático,25,100.93,2739.77,1,0,4.8,2023-02-12,Colombia,Sí
CLI-002539,Bogotá,Estándar,Mes a mes,Efectivo,38,53.76,1967.78,0,0,4.1,2020-11-20,Colombia,No
CLI-000395,Bucaramanga,Básico,Mes a mes,Transferencia,52,81.88,4365.39,1,1,3.0,2020-10-08,Colombia,No
CLI-002098,Barranquilla,Premium,Mes a mes,Débito automático,62,80.24,4846.11,1,0,6.0,2020-03-31,Colombia,No
CLI-002893,Medellín,Estándar,Dos años,Transferencia,26,72.22,1832.76,0,1,8.5,2020-01-26,Colombia,No
CLI-000070,Bogotá,Estándar,Mes a mes,Transferencia,34,85.43,2678.13,1,1,4.0,2023-06-22,Colombia,Sí
CLI-001573,Medellín,Premium,Mes a mes,Efectivo,53,39.26,2113.51,1,0,6.3,2022-02-06,Colombia,No
CLI-000809,Cali,Básico,Dos años,Efectivo,28,23.84,630.73,0,0,6.6,2021-08-17,Colombia,No
CLI-000012,Bogotá,Básico,Dos años,Débito automático,70,98.13,6873.72,2,1,3.9,2022-05-27,Colombia,No
CLI-002026,Medellín,Básico,Un año,Efectivo,34,97.03,3258.47,1,0,9.1,2021-01-03,Colombia,No
CLI-002193,Bogotá,Básico,Mes a mes,Efectivo,21,91.33,1949.59,2,1,4.4,2023-05-10,Colombia,No
CLI-000918,Barranquilla,Básico,Dos años,Débito automático,56,52.52,2987.55,0,0,7.4,2020-06-05,Colombia,No
CLI-001452,Bogotá,Estándar,Mes a mes,Débito automático,3,117.2,337.73,0,0,10.0,2023-06-18,Colombia,No
CLI-002688,Barranquilla,Básico,Mes a mes,Débito automático,41,119.86,4496.85,3,0,4.3,2019-09-09,Colombia,Sí
CLI-000177,Cali,Estándar,Dos años,Débito automático,51,25.87,1272.64,1,0,9.1,2019-01-18,Colombia,No
CLI-000995,Barranquilla,Básico,Mes a mes,Transferencia,38,59.74,2367.08,1,0,8.1,2022-04-16,Colombia,No
CLI-002489,Bogotá,Estándar,Un año,Tarjeta,38,68.61,2418.84,2,1,4.2,2019-08-25,Colombia,No
CLI-002570,Medellín,Básico,Dos años,Tarjeta,66,74.91,5180.48,0,1,6.5,2019-10-04,Colombia,No
CLI-001256,Bogotá,Premium,Un año,Efectivo,7,71.69,486.56,2,1,,2022-04-06,Colombia,Sí
CLI-001665,Barranquilla,Premium,Mes a mes,Débito automático,38,76.07,3084.95,1,1,8.7,2019-05-25,Colombia,No
CLI-002192,Bucaramanga,Estándar,Mes a mes,Tarjeta,30,76.42,2458.89,1,1,6.8,2020-09-15,Colombia,No
CLI-002802, bogotá ,Premium,Dos años,Efectivo,32,97.98,3174.37,0,0,6.8,2019-05-19,Colombia,No
CLI-002568,Cali,Premium,Un año,Tarjeta,45,85.87,4056.76,1,1,8.5,2022-07-20,Colombia,No
CLI-001202,Cali,Básico,Dos años,Débito automático,34,52.5,1619.22,2,0,3.0,2022-02-16,Colombia,No
CLI-001791, bogotá ,Básico,Mes a mes,Débito automático,42,98.73,4483.95,1,1,8.4,2023-10-21,Colombia,No
CLI-002477,Medellín,,Mes a mes,Tarjeta,38,99.99,3697.14,1,0,4.9,2023-02-13,Colombia,No
CLI-002661,Barranquilla,Estándar,Mes a mes,Efectivo,31,53.86,1735.37,2,1,10.0,2019-07-05,Colombia,Sí
CLI-000157,Bogotá,Básico,Mes a mes,Débito automático,9,142.86,1195.92,0,0,7.4,2021-02-11,Colombia,Sí
CLI-002588,Medellín,Estándar,Dos años,Efectivo,23,55.85,1310.76,0,0,9.1,2021-06-28,Colombia,No
CLI-001461,Medellín,Estándar,Mes a mes,Tarjeta,57,51.95,,1,0,7.2,2019-10-29,Colombia,No
CLI-002047,Medellín,Estándar,Mes a mes,Transferencia,33,65.47,2085.71,1,1,7.1,2023-02-11,Colombia,No
CLI-001851,Bogotá,Básico,Un año,Tarjeta,6,57.35,376.61,2,1,8.0,2020-09-03,Colombia,No
CLI-002510,Barranquilla,Básico,Mes a mes,Transferencia,9,44.13,373.91,1,1,7.6,2022-08-18,Colombia,No
CLI-002625,Medellín,Básico,Mes a mes,Efectivo,66,95.65,6453.79,1,0,4.2,2019-07-24,Colombia,No
CLI-002304, bogotá ,Básico,Un año,Tarjeta,63,84.76,5241.91,0,1,10.0,2019-03-14,Colombia,No
CLI-002006, bogotá ,Básico,Mes a mes,Tarjeta,10,121.6,1277.6,0,0,6.6,2021-10-06,Colombia,No
CLI-001186,Bucaramanga,Estándar,Dos años,Efectivo,22,66.09,1446.56,1,0,2.6,2022-10-30,Colombia,No
CLI-001007,Medellín,Estándar,Dos años,Tarjeta,61,58.99,3761.15,2,1,7.3,2019-12-21,Colombia,No
CLI-000561,Medellín,Básico,Mes a mes,Efectivo,39,70.37,2860.62,0,1,9.0,2020-08-21,Colombia,No
CLI-002257,Medellín,Premium,Mes a mes,Débito automático,57,89.23,5469.26,0,0,8.9,2021-05-17,Colombia,No
CLI-000911,Bogotá,Básico,Mes a mes,Tarjeta,55,42.48,2554.53,0,0,8.2,2019-05-19,Colombia,No
CLI-001312,Medellín,Básico,Dos años,Débito automático,25,84.42,2143.43,0,0,8.5,2021-05-28,Colombia,No
CLI-002050,Bogotá,Estándar,Dos años,Tarjeta,47,44.08,2100.84,0,0,7.8,2020-12-23,Colombia,No
CLI-000270,Bogotá,Básico,Un año,,42,70.94,3222.46,0,1,4.1,2021-05-06,Colombia,No
CLI-001994,Bogotá,Básico,Mes a mes,Tarjeta,46,88.03,4384.21,1,0,,2022-05-12,Colombia,No
CLI-000266,Medellín,Básico,Mes a mes,Transferencia,42,72.44,2990.44,1,1,4.8,2023-06-19,Colombia,No
CLI-000915,Bogotá,Básico,Mes a mes,Débito automático,43,61.13,2617.29,0,0,4.5,2021-08-14,Colombia,No
CLI-002279,Bogotá,Básico,Un año,Débito automático,27,53.18,1386.23,1,0,8.1,2020-01-02,Colombia,No
CLI-002232,Cali,Básico,Mes a mes,Tarjeta,5,67.86,338.28,0,1,7.9,2021-01-12,Colombia,No
CLI-002049,Medellín,Estándar,Dos años,Efectivo,54,83.65,4075.47,2,1,8.4,2022-06-20,Colombia,No
CLI-000874,Bogotá,Básico,Dos años,Tarjeta,9,69.16,610.3,0,1,7.5,2021-09-01,Colombia,No
CLI-002094,Bogotá,Estándar,Dos años,Tarjeta,15,27.4,424.07,1,0,9.1,2021-08-04,Colombia,No
CLI-002447,Bucaramanga,Básico,Mes a mes,Tarjeta,55,30.13,1694.33,0,1,5.4,2020-05-05,Colombia,No
CLI-000476,Cali,Estándar,Un año,Tarjeta,56,110.11,6227.27,0,1,9.8,2022-08-09,Colombia,No
CLI-001653,Bogotá,Básico,Un año,Efectivo,4,110.4,461.18,0,0,4.6,2019-03-04,Colombia,Sí
CLI-001961,Bogotá,Básico,Mes a mes,Tarjeta,60,70.2,4100.59,2,1,7.7,2022-05-02,Colombia,No
CLI-000046,Barranquilla,Estándar,Dos años,Efectivo,69,82.47,,0,1,10.0,2019-09-08,Colombia,No
CLI-000162,Medellín,Básico,Mes a mes,Tarjeta,48,71.16,3693.0,0,1,4.8,2020-04-08,Colombia,No
CLI-002776,Medellín,Premium,Dos años,Transferencia,22,84.99,1880.21,3,0,9.2,2022-11-04,Colombia,No
CLI-002678,Bogotá,Estándar,Mes a mes,Transferencia,63,75.04,4438.48,0,0,5.5,2023-07-13,Colombia,No
CLI-000289,Cali,Básico,Mes a mes,Efectivo,39,57.71,2280.72,1,1,7.8,2021-09-08,Colombia,No
CLI-000637,Medellín,Estándar,Mes a mes,Tarjeta,17,91.77,1577.46,0,1,7.7,2023-05-21,Colombia,No
CLI-001949,Bogotá,Estándar,Dos años,Transferencia,1,82.34,85.13,1,0,5.5,2020-06-21,Colombia,No
CLI-000576, bogotá ,Estándar,Dos años,Transferencia,27,88.42,2535.05,0,1,,2023-02-25,Colombia,No
CLI-000851,Cali,Básico,Un año,Débito automático,70,90.66,6781.82,1,0,6.7,2023-07-29,Colombia,No
CLI-000912,Medellín,Estándar,Mes a mes,Efectivo,14,64.04,813.28,0,1,7.2,2019-04-05,Colombia,No
CLI-001255,Bogotá,Básico,Dos años,Tarjeta,47,66.46,3410.36,0,1,7.8,2021-03-21,Colombia,No
CLI-001834,Bogotá,Estándar,Mes a mes,Tarjeta,6,83.85,466.47,1,1,6.5,2020-05-18,Colombia,No
CLI-001723,Bogotá,Básico,Mes a mes,Transferencia,47,52.2,2668.48,1,0,5.8,2019-07-16,Colombia,No
CLI-002134,Barranquilla,Estándar,Un año,Débito automático,29,81.2,2153.04,0,1,9.4,2019-05-11,Colombia,No
CLI-001736,Bucaramanga,Premium,Un año,Débito automático,57,96.46,5695.85,0,0,6.4,2022-09-14,Colombia,No
CLI-000933,Bogotá,Estándar,Mes a mes,Transferencia,19,28.5,523.03,0,1,5.6,2022-12-23,Colombia,No
CLI-001101,Bogotá,Estándar,Dos años,Transferencia,35,78.97,2848.91,1,0,7.6,2019-03-25,Colombia,No
CLI-001208,Bogotá,Básico,Un año,Efectivo,52,63.22,3139.15,1,1,,2020-06-07,Colombia,No
CLI-002296,Bogotá,Básico,Dos años,Transferencia,57,57.58,3135.98,2,1,,2023-02-27,Colombia,No
CLI-001844,Bogotá,,Un año,Tarjeta,61,94.4,6271.31,2,1,7.7,2019-04-01,Colombia,Sí
CLI-001849,Barranquilla,Básico,Un año,Transferencia,37,44.78,1492.58,2,1,3.5,2021-08-26,Colombia,No
CLI-002525,Cali,Básico,Mes a mes,Débito automático,5,49.85,262.63,0,1,10.0,2019-10-22,Colombia,No
CLI-001695,Bogotá,Básico,Mes a mes,Débito automático,12,54.79,613.71,1,1,10.0,2021-03-13,Colombia,No
CLI-000086,Bogotá,Básico,Mes a mes,Efectivo,50,64.08,3110.53,0,0,9.3,2019-05-23,Colombia,No
CLI-000470,Barranquilla,Básico,Dos años,Débito automático,67,88.31,6388.17,1,0,8.3,2022-11-06,Colombia,No
CLI-002274,Barranquilla,Estándar,Un año,Débito automático,33,60.63,1899.73,0,0,8.0,2020-07-26,Colombia,No
CLI-002823,Bogotá,Estándar,Un año,Débito automático,10,89.95,884.76,1,1,7.3,2022-12-23,Colombia,No
CLI-002380,Bogotá,Premium,Mes a mes,Transferencia,47,65.76,2897.76,0,0,3.5,2021-07-19,Colombia,No
CLI-000234,Bogotá,Básico,Mes a mes,Débito automático,54,56.7,2812.97,1,1,,2019-09-26,Colombia,No
CLI-002637,Barranquilla,Estándar,Dos años,Débito automático,24,83.76,1882.29,3,1,7.6,2023-02-07,Colombia,No
CLI-002524,Bogotá,Básico,Mes a mes,Débito automático,29,35.81,,1,1,8.7,2022-12-06,Colombia,No
CLI-001145,Bogotá,Básico,Mes a mes,Tarjeta,24,99.47,2520.75,0,1,5.7,2020-09-10,Colombia,Sí
CLI-002648,Cali,Estándar,Un año,Efectivo,56,101.91,5346.94,1,1,1.0,2019-10-22,Colombia,No
CLI-002470,Bogotá,Estándar,Mes a mes,Efectivo,16,51.11,859.18,4,1,6.0,2019-10-18,Colombia,No
CLI-001712,Medellín,Estándar,Mes a mes,Efectivo,34,87.22,2785.15,1,1,5.3,2022-01-28,Colombia,No
CLI-000183,Cali,Premium,Mes a mes,Tarjeta,36,18.0,673.43,1,1,6.9,2019-11-27,Colombia,No
CLI-000989,Bucaramanga,Estándar,Mes a mes,Tarjeta,18,89.22,1448.09,1,1,7.2,2021-02-28,Colombia,No
CLI-001001,Cali,Básico,Un año,Efectivo,58,38.51,,1,1,8.8,2019-12-23,Colombia,No
CLI-001642,Bogotá,Estándar,Un año,Efectivo,4,56.94,220.05,1,0,6.9,2019-07-22,Colombia,No
CLI-001357,Cali,,Un año,Débito automático,25,33.44,867.16,0,1,5.2,2023-01-24,Colombia,No
CLI-001463,Bogotá,,Mes a mes,Transferencia,4,38.18,144.61,2,1,,2022-09-10,Colombia,No
CLI-000050,Bogotá,Estándar,Mes a mes,Transferencia,56,73.31,4511.99,0,1,9.5,2020-05-17,Colombia,No
CLI-002958,Bogotá,Estándar,Dos años,Efectivo,35,77.79,2798.49,4,0,6.1,2021-10-07,Colombia,No
CLI-002578,Bogotá,Premium,Mes a mes,Tarjeta,33,69.56,2517.17,1,1,,2022-11-10,Colombia,No
CLI-001259,Medellín,Básico,Mes a mes,Efectivo,39,95.98,3549.03,0,0,7.4,2022-06-15,Colombia,No
CLI-000487,Cali,Estándar,Mes a mes,Débito automático,24,51.2,1238.14,0,0,3.6,2023-04-11,Colombia,No
CLI-002649,Medellín,Básico,Un año,Transferencia,67,106.72,6744.11,0,0,5.4,2020-09-12,Colombia,No
CLI-002546,Bucaramanga,Estándar,Mes a mes,Débito automático,29,62.31,1680.0,0,1,8.4,2021-01-09,Colombia,No
CLI-001909,Bogotá,Básico,Mes a mes,Débito automático,3,77.58,234.81,1,0,4.0,2020-10-25,Colombia,Sí
CLI-000107,Bogotá,Premium,Mes a mes,Tarjeta,56,40.91,2488.06,5,1,7.2,2019-02-11,Colombia,No
CLI-000444,Bogotá,Básico,Mes a mes,Débito automático,35,66.75,2204.53,1,1,9.3,2020-08-19,Colombia,No
CLI-001955,Bogotá,Básico,Mes a mes,Efectivo,69,42.35,2825.22,0,1,7.1,2023-09-25,Colombia,No
CLI-000647,Bucaramanga,Estándar,Mes a mes,Transferencia,33,105.02,3424.5,1,1,,2019-09-30,Colombia,No
CLI-001763,Barranquilla,Estándar,Mes a mes,Efectivo,1,28.46,27.13,0,0,6.9,2019-10-10,Colombia,Sí
CLI-000727,Medellín,Básico,Mes a mes,Débito automático,52,66.95,3596.93,3,0,8.3,2019-03-10,Colombia,No
CLI-002239,Barranquilla,Premium,Mes a mes,Transferencia,34,43.45,1430.51,0,0,9.8,2023-01-20,Colombia,No
CLI-001857,Medellín,Básico,Mes a mes,Tarjeta,27,65.96,1755.39,2,1,4.6,2019-02-19,Colombia,No
CLI-002331,Medellín,,Mes a mes,Transferencia,5,58.08,309.47,0,0,4.6,2022-10-27,Colombia,Sí
CLI-000030,Bogotá,Estándar,Dos años,Tarjeta,32,74.47,2407.4,0,1,10.0,2019-08-16,Colombia,No
CLI-000170,Barranquilla,Básico,Dos años,Débito automático,2,96.95,174.85,0,0,6.4,2021-02-03,Colombia,No
CLI-001002,Bogotá,Básico,Mes a mes,Transferencia,53,37.17,,0,1,,2022-11-20,Colombia,No
CLI-002149,Cali,,Un año,Débito automático,61,89.66,5812.78,3,1,5.5,2020-02-04,Colombia,No
CLI-000198,Medellín,Básico,Mes a mes,Efectivo,9,26.0,221.09,3,1,10.0,2022-06-08,Colombia,No
CLI-000496,Bogotá,Estándar,Mes a mes,Efectivo,30,44.39,1396.33,0,0,,2022-10-17,Colombia,No
CLI-002027,Cali,Básico,Un año,,44,88.32,4269.81,4,0,,2022-03-09,Colombia,Sí
CLI-000648,Bogotá,Básico,Un año,Efectivo,39,43.82,1650.82,3,1,4.7,2023-01-09,Colombia,No
CLI-000045, bogotá ,Básico,Dos años,Débito automático,5,64.71,320.77,2,0,9.5,2023-07-12,Colombia,No
CLI-002759,Medellín,Premium,Un año,Tarjeta,26,112.98,3000.16,3,1,7.0,2023-03-18,Colombia,No
CLI-000374,Bogotá,,Mes a mes,Efectivo,27,80.37,2385.42,1,0,7.2,2019-02-01,Colombia,Sí
CLI-000679,Bogotá,Básico,Un año,Transferencia,38,77.98,2965.87,0,1,5.4,2021-05-27,Colombia,No
CLI-000567,Medellín,Básico,Dos años,Tarjeta,17,84.13,1559.74,0,1,7.8,2019-10-16,Colombia,No
CLI-002896,Bogotá,Estándar,Mes a mes,Tarjeta,39,51.23,1901.24,2,0,8.3,2021-07-29,Colombia,No
CLI-000461,Bogotá,Premium,Mes a mes,Transferencia,52,42.66,2059.51,1,1,5.2,2019-12-04,Colombia,No
CLI-001933,Cali,Básico,Dos años,Transferencia,60,50.11,3257.4,1,1,9.8,2020-12-25,Colombia,No
CLI-001156,Bogotá,Básico,Un año,Efectivo,42,53.03,2273.28,2,1,10.0,2021-07-29,Colombia,No
CLI-000040,Bogotá,Básico,Un año,Débito automático,45,40.46,1989.51,1,0,5.4,2021-08-29,Colombia,No
CLI-002483,Bogotá,Estándar,Mes a mes,Débito automático,13,49.05,600.84,1,0,8.6,2020-11-26,Colombia,Sí
CLI-000974,Bogotá,Premium,Dos años,Débito automático,34,72.56,2383.3,1,0,6.9,2023-02-25,Colombia,No
CLI-001787,Bogotá,Estándar,Mes a mes,Transferencia,15,48.9,693.32,2,0,10.0,2023-03-11,Colombia,Sí
CLI-001499,Cali,Básico,Un año,Tarjeta,34,74.61,2439.07,1,0,7.4,2022-08-25,Colombia,No
CLI-002505,Cali,Básico,Mes a mes,Efectivo,4,64.01,281.24,4,0,8.7,2021-07-30,Colombia,No
CLI-001836,Bogotá,Básico,Mes a mes,Débito automático,10,85.51,872.93,2,0,7.2,2023-06-04,Colombia,No
CLI-002309,Cali,,Un año,Débito automático,22,93.19,2198.61,2,1,5.2,2019-04-04,Colombia,Sí
CLI-001841,Bucaramanga,Básico,Un año,Débito automático,31,83.76,2824.96,1,0,6.1,2022-05-09,Colombia,No
CLI-002084,Barranquilla,Básico,Dos años,Débito automático,48,80.11,3956.37,1,0,5.7,2021-07-16,Colombia,No
CLI-000828,Medellín,Básico,Mes a mes,Tarjeta,64,126.94,7792.32,2,1,9.2,2020-02-14,Colombia,No
CLI-001936,Bogotá,Básico,Dos años,Tarjeta,12,85.03,1057.5,2,1,4.5,2020-07-27,Colombia,No
CLI-002045,Bogotá,Estándar,Mes a mes,Tarjeta,20,74.04,1443.2,0,0,,2019-12-26,Colombia,No
CLI-000310,Bogotá,Premium,Un año,Débito automático,8,140.24,1060.58,0,0,6.7,2021-07-19,Colombia,No
CLI-000277,Cali,Estándar,Un año,Tarjeta,34,35.79,1238.97,1,0,4.9,2021-01-23,Colombia,No
CLI-000637,Medellín,Estándar,Mes a mes,Tarjeta,17,91.77,1577.46,0,1,7.7,2023-05-21,Colombia,No
CLI-000655,Cali,Estándar,Dos años,Efectivo,40,82.23,3399.08,0,1,10.0,2020-05-27,Colombia,No
CLI-000623,Cali,Estándar,Mes a mes,Transferencia,12,41.16,527.09,0,1,9.9,2019-03-16,Colombia,No
CLI-001860,Medellín,,Mes a mes,Tarjeta,53,89.35,5064.07,1,0,2.9,2019-04-23,Colombia,No
CLI-000845,Bogotá,Básico,Un año,Efectivo,1,79.23,84.01,2,1,5.5,2020-03-27,Colombia,No
CLI-000394,Bucaramanga,Premium,Mes a mes,Tarjeta,43,86.8,3748.38,0,0,9.7,2023-06-13,Colombia,No
CLI-002156,Medellín,Básico,Un año,Tarjeta,35,91.54,2886.1,1,0,5.5,2020-04-01,Colombia,No
CLI-000350,Bogotá,Estándar,Dos años,Transferencia,12,94.02,1068.25,2,0,8.3,2019-10-07,Colombia,Sí
CLI-002573,Bogotá,Estándar,Mes a mes,Tarjeta,52,84.68,4691.98,2,1,5.2,2022-01-27,Colombia,Sí
CLI-000785,Medellín,Estándar,Mes a mes,Efectivo,34,82.31,2873.68,1,1,6.3,2022-06-04,Colombia,No
CLI-000048,Cali,Básico,Dos años,Débito automático,64,68.92,3974.45,1,0,10.0,2020-06-01,Colombia,No
CLI-001979,Cali,,Mes a mes,Efectivo,5,62.9,311.42,1,1,10.0,2020-05-18,Colombia,Sí
CLI-002252,Bogotá,Premium,Mes a mes,Transferencia,40,86.7,3769.47,2,0,3.6,2023-09-06,Colombia,Sí
CLI-001656,Bogotá,,Un año,Efectivo,17,88.72,1433.79,0,1,4.7,2022-03-22,Colombia,Sí
CLI-002070,Bogotá,Básico,Mes a mes,Débito automático,30,67.2,1949.57,0,0,7.2,2022-07-08,Colombia,No
CLI-000403,Medellín,Estándar,Un año,Débito automático,23,105.31,2596.97,1,1,6.7,2023-03-31,Colombia,No
CLI-001108,Bogotá,Básico,Mes a mes,Débito automático,65,80.99,5147.15,1,1,2.1,2020-10-22,Colombia,No
CLI-001155,Cali,Estándar,Mes a mes,Tarjeta,22,23.58,542.14,0,0,8.4,2020-01-19,Colombia,No
CLI-001440,Bogotá,Estándar,Mes a mes,Débito automático,68,90.21,6012.02,1,0,,2023-02-16,Colombia,No
CLI-001066,Bogotá,Premium,Dos años,Efectivo,28,87.06,2230.92,1,1,,2022-01-25,Colombia,Sí
CLI-002002,Bogotá,Premium,Dos años,Efectivo,5,34.68,173.1,0,0,9.5,2019-05-26,Colombia,No
CLI-000990, bogotá ,Premium,Un año,Tarjeta,56,90.48,5272.84,1,1,2.2,2023-03-01,Colombia,No
CLI-001866,Cali,Estándar,Mes a mes,Transferencia,29,77.1,2086.99,1,1,6.3,2020-07-17,Colombia,No
CLI-002790,Barranquilla,Estándar,Mes a mes,Tarjeta,60,106.64,6108.59,1,1,6.3,2020-10-11,Colombia,No
CLI-001311,Medellín,Premium,Mes a mes,Efectivo,38,94.19,3267.95,0,0,7.2,2019-01-11,Colombia,Sí
CLI-000034,Medellín,Estándar,Mes a mes,Débito automático,40,43.21,1753.9,0,1,8.6,2021-06-21,Colombia,No
CLI-000788,Bucaramanga,Básico,Un año,Débito automático,49,51.38,2408.8,1,1,7.4,2020-03-20,Colombia,No
CLI-002972,Barranquilla,Premium,Mes a mes,Transferencia,4,28.62,107.14,3,1,9.4,2020-07-29,Colombia,Sí
CLI-001044,Barranquilla,Estándar,Un año,Tarjeta,27,82.11,2385.03,1,1,6.5,2023-06-08,Colombia,No
CLI-000482,Medellín,Premium,Mes a mes,Débito automático,59,72.37,4688.8,0,1,8.4,2023-11-14,Colombia,No
CLI-001244,Barranquilla,Básico,Mes a mes,Efectivo,35,99.65,3770.39,2,0,5.3,2022-09-26,Colombia,Sí
CLI-002628,Bogotá,Básico,Dos años,Efectivo,1,27.09,29.37,2,0,7.4,2023-09-11,Colombia,No
CLI-002530,Cali,Estándar,Mes a mes,Débito automático,41,47.3,1863.48,0,1,5.1,2020-12-31,Colombia,No
CLI-000932,Bogotá,Básico,Dos años,Efectivo,50,87.65,4229.61,1,0,10.0,2022-03-28,Colombia,No
CLI-002405,Bogotá,Estándar,Mes a mes,Transferencia,28,27.11,723.08,2,1,7.0,2023-05-09,Colombia,No
CLI-001686,Bogotá,Básico,Dos años,Efectivo,37,79.31,2665.49,3,1,10.0,2023-06-15,Colombia,No
CLI-001249,Medellín,Estándar,Dos años,Transferencia,24,77.56,1863.69,0,0,8.7,2020-01-11,Colombia,No
CLI-000760,Medellín,Premium,Mes a mes,Efectivo,52,32.86,1858.66,1,0,,2022-08-18,Colombia,No
CLI-000093,Medellín,Básico,Dos años,Débito automático,60,55.46,3325.76,1,1,6.7,2022-08-07,Colombia,No
CLI-001176,Barranquilla,Estándar,Un año,Tarjeta,25,100.19,2718.2,0,0,5.7,2023-04-06,Colombia,No
CLI-001416,Bogotá,Básico,Mes a mes,Tarjeta,56,18.0,928.8,2,0,7.1,2020-05-08,Colombia,No
CLI-001342,Medellín,Básico,Un año,Débito automático,10,94.25,884.03,2,0,7.6,2020-05-01,Colombia,Sí
CLI-001473, bogotá ,Básico,Un año,Débito automático,32,99.45,3162.07,1,0,10.0,2022-06-07,Colombia,No
CLI-002852,Medellín,Estándar,Dos años,Transferencia,28,70.95,1921.72,1,1,9.2,2021-04-18,Colombia,No
CLI-002794,Cali,Básico,Dos años,Transferencia,38,24.09,937.25,1,1,,2019-10-02,Colombia,No
CLI-002328,Bogotá,,Un año,Transferencia,12,71.07,834.12,0,0,5.4,2023-04-06,Colombia,Sí
CLI-001608,Bogotá,Básico,Mes a mes,Transferencia,43,80.88,3180.68,3,0,9.6,2019-05-13,Colombia,No
CLI-000765,Bogotá,Básico,Un año,Transferencia,26,42.51,1004.23,0,1,8.4,2021-11-20,Colombia,No
CLI-002653,Cali,Básico,Mes a mes,Efectivo,71,53.93,4011.35,1,0,,2022-12-29,Colombia,No
CLI-000300,Barranquilla,Premium,Dos años,Transferencia,2,71.76,150.0,1,0,7.0,2021-01-10,Colombia,No
CLI-001374,Cali,Básico,Mes a mes,Efectivo,30,45.11,1415.55,0,1,5.8,2022-10-25,Colombia,No
CLI-001952,Bucaramanga,Básico,Mes a mes,Tarjeta,44,19.44,873.91,0,0,5.0,2023-01-02,Colombia,No
CLI-002449,Cali,Estándar,Mes a mes,Débito automático,56,43.98,2445.13,3,0,,2021-07-18,Colombia,No
CLI-001729,Medellín,Estándar,Un año,Transferencia,32,61.07,1761.03,2,1,4.8,2019-11-14,Colombia,No
CLI-000258,Cali,Estándar,Un año,Tarjeta,8,56.79,423.43,0,1,9.1,2022-10-30,Colombia,No
CLI-000945,Barranquilla,Básico,Mes a mes,Débito automático,10,48.35,482.96,1,0,6.1,2021-06-08,Colombia,No
CLI-001220,Medellín,Básico,Mes a mes,Débito automático,32,81.35,,2,0,7.5,2019-02-18,Colombia,No
CLI-001162,Bogotá,Estándar,Un año,Débito automático,36,52.92,1884.58,2,1,7.1,2021-10-05,Colombia,No
CLI-002543,Bogotá,Estándar,Mes a mes,Débito automático,68,76.83,4733.34,1,0,9.3,2020-07-08,Colombia,No
CLI-000773,Barranquilla,,Un año,Débito automático,1,37.83,34.43,0,0,7.6,2021-11-25,Colombia,No
CLI-002599,Bogotá,Básico,Un año,Débito automático,69,84.72,5426.36,1,1,,2021-07-25,Colombia,No
CLI-001487,Medellín,Básico,Mes a mes,Débito automático,12,110.0,1263.8,2,0,9.1,2020-06-22,Colombia,No
CLI-002250,Medellín,Estándar,Mes a mes,Débito automático,31,63.04,2037.57,0,1,6.3,2022-12-04,Colombia,No
CLI-000313,Medellín,Básico,Un año,Transferencia,9,37.62,313.25,1,0,4.5,2019-04-01,Colombia,Sí
CLI-000291,Medellín,,Mes a mes,Transferencia,58,50.64,,2,0,7.8,2023-06-24,Colombia,No
CLI-000764,Bogotá,Estándar,Dos años,Transferencia,67,50.15,3330.12,2,1,6.8,2023-06-01,Colombia,No
CLI-002998,Barranquilla,Estándar,Mes a mes,Transferencia,25,63.31,1689.52,3,0,6.2,2023-05-02,Colombia,No
CLI-000184,Bogotá,Estándar,Mes a mes,Transferencia,50,86.21,4658.55,0,1,8.8,2019-04-09,Colombia,No
CLI-001177,Bogotá,Básico,Mes a mes,Débito automático,23,61.77,1451.46,1,0,10.0,2019-06-25,Colombia,No
CLI-001350,Bogotá,Básico,Un año,Débito automático,43,35.6,1465.58,1,1,8.0,2019-01-05,Colombia,No
CLI-002299,Bogotá,Estándar,Un año,Tarjeta,16,79.93,1236.35,0,1,8.4,2021-04-04,Colombia,No
CLI-002872,Medellín,,Mes a mes,Efectivo,70,40.2,2829.03,1,1,10.0,2021-10-23,Colombia,No
CLI-001100,Bogotá,Estándar,Un año,Efectivo,31,107.25,3066.13,0,1,8.5,2021-12-12,Colombia,No
CLI-002989,Medellín,,Mes a mes,Débito automático,65,105.01,6754.04,0,0,7.6,2019-05-08,Colombia,No
CLI-000392,Medellín,Estándar,Dos años,Tarjeta,13,75.78,1080.26,1,0,7.5,2020-09-03,Colombia,No
CLI-001920,Medellín,Básico,Mes a mes,Efectivo,38,63.05,2570.35,0,0,,2022-11-28,Colombia,Sí
CLI-001457,Cali,Básico,Un año,Débito automático,70,109.4,8319.52,2,1,6.1,2019-05-08,Colombia,Sí
CLI-001093,Bogotá,Premium,Mes a mes,Débito automático,60,59.16,3325.54,2,0,8.1,2019-04-16,Colombia,No
CLI-002023,Bucaramanga,Premium,Mes a mes,Débito automático,47,94.37,4341.27,1,0,4.1,2020-03-13,Colombia,Sí
CLI-000905,Bogotá,Básico,Mes a mes,Efectivo,33,133.3,4473.32,1,1,6.3,2019-08-18,Colombia,Sí
CLI-002779,Cali,Básico,Mes a mes,Efectivo,28,68.03,1967.98,0,1,6.5,2021-06-15,Colombia,No
CLI-002603,Medellín,Básico,Un año,Débito automático,56,53.7,2944.04,0,0,5.1,2022-07-30,Colombia,No
CLI-000367,Bogotá,Básico,Mes a mes,Débito automático,34,91.51,3164.84,2,1,8.8,2022-12-19,Colombia,No
CLI-000346,Medellín,Básico,Un año,Tarjeta,19,21.98,434.52,2,1,,2022-12-12,Colombia,Sí
CLI-002584,Bogotá,Estándar,Un año,Tarjeta,47,33.91,1624.46,0,1,7.1,2023-03-15,Colombia,No
CLI-001373,Bogotá,Estándar,Un año,Efectivo,32,94.26,2761.68,2,0,8.2,2019-05-22,Colombia,No
CLI-001640,Medellín,Premium,Mes a mes,Transferencia,20,84.78,1622.04,1,1,4.9,2019-02-26,Colombia,No
CLI-000920,Bogotá,Básico,Un año,Débito automático,46,67.83,3325.64,0,1,8.0,2019-07-07,Colombia,No
CLI-000212,Cali,Básico,Mes a mes,Débito automático,51,30.05,1452.04,1,1,,2021-07-04,Colombia,No
CLI-001604,Medellín,Estándar,Un año,Débito automático,23,74.26,1853.6,1,0,6.2,2021-03-04,Colombia,No
CLI-002551,Bogotá,Básico,Dos años,Transferencia,47,79.04,3872.73,1,0,4.3,2019-09-20,Colombia,No
CLI-000538,Barranquilla,Premium,Mes a mes,Tarjeta,9,67.71,639.87,0,1,5.8,2022-12-14,Colombia,No
CLI-001221,Bogotá,,Dos años,Tarjeta,47,100.82,4526.03,3,0,7.5,2019-11-09,Colombia,No
CLI-000176,Cali,Básico,Mes a mes,Transferencia,33,97.11,2906.18,1,0,6.4,2020-11-29,Colombia,Sí
